{
"type": "FeatureCollection",
"name": "pirai",
"crs": { "type": "name", "properties": { "name": "urn:ogc:def:crs:EPSG::4674" } },
"features": [
{ "type": "Feature", "properties": { "CD_REGIAO": "3", "NM_REGIAO": "Sudeste", "CD_UF": "33", "NM_UF": "Rio de Janeiro", "CD_MUN": "3304003", "NM_MUN": "Piraí", "CD_DIST": "330400305", "NM_DIST": "Piraí", "CD_RGINT": "3302", "NM_RGINT": "Volta Redonda - Barra Mansa", "CD_RGI": "330004", "NM_RGI": "Volta Redonda - Barra Mansa", "CD_CONCURB": null, "NM_CONCURB": null }, "geometry": { "type": "MultiPolygon", "coordinates": [ [ [ [ -43.900971, -22.562419199999965 ], [ -43.900961699999982, -22.562266199999954 ], [ -43.900943899999959, -22.56215439999994 ], [ -43.900902799999983, -22.562067399999933 ], [ -43.90078589999996, -22.56190829999997 ], [ -43.900738799999942, -22.561729299999968 ], [ -43.900685799999962, -22.56155339999998 ], [ -43.900546799999972, -22.561339299999929 ], [ -43.900494099999946, -22.561205199999961 ], [ -43.900418099999968, -22.561071 ], [ -43.900251299999979, -22.560880499999939 ], [ -43.900166199999944, -22.560762599999975 ], [ -43.900118599999985, -22.560599599999932 ], [ -43.900100499999951, -22.560172199999954 ], [ -43.900080599999967, -22.559921299999928 ], [ -43.90004579999993, -22.559686599999964 ], [ -43.899993199999983, -22.559541099999933 ], [ -43.899863799999935, -22.559293699999955 ], [ -43.899716199999943, -22.55909 ], [ -43.899657299999944, -22.558966199999929 ], [ -43.899651699999936, -22.558798499999966 ], [ -43.899626399999931, -22.558665299999973 ], [ -43.899606499999948, -22.558554 ], [ -43.899576299999978, -22.558462899999938 ], [ -43.89947, -22.558371899999941 ], [ -43.89938479999995, -22.558242499999949 ], [ -43.899268799999959, -22.558054699999957 ], [ -43.89919539999994, -22.557914199999971 ], [ -43.899099699999965, -22.557889 ], [ -43.89901679999997, -22.557865399999969 ], [ -43.898911599999963, -22.5578 ], [ -43.898770599999978, -22.557676 ], [ -43.898676899999941, -22.557518899999934 ], [ -43.898600099999953, -22.557405699999947 ], [ -43.898549599999967, -22.55729249999996 ], [ -43.898566499999959, -22.557186299999955 ], [ -43.898540899999944, -22.557058199999972 ], [ -43.898532599999953, -22.556952 ], [ -43.89859789999997, -22.55681809999993 ], [ -43.898682, -22.556618199999946 ], [ -43.898712899999964, -22.556361399999957 ], [ -43.898816199999942, -22.55598329999998 ], [ -43.898924299999976, -22.555670899999939 ], [ -43.899166099999945, -22.555387699999983 ], [ -43.899302, -22.555290699999944 ], [ -43.899397799999974, -22.555210399999964 ], [ -43.899469699999941, -22.555122 ], [ -43.899500399999965, -22.555033799999933 ], [ -43.899502799999937, -22.554890599999965 ], [ -43.899471099999971, -22.554739699999971 ], [ -43.899457299999938, -22.554674 ], [ -43.899458899999956, -22.554492899999957 ], [ -43.899608599999965, -22.554278599999975 ], [ -43.899828299999967, -22.554133799999931 ], [ -43.899972899999966, -22.55406 ], [ -43.900090599999942, -22.554048099999932 ], [ -43.900168899999983, -22.554073899999935 ], [ -43.900269, -22.554062199999976 ], [ -43.900361299999986, -22.553989899999976 ], [ -43.900582499999985, -22.553802099999928 ], [ -43.900681899999938, -22.553636499999982 ], [ -43.900709199999937, -22.553509799999972 ], [ -43.900689599999964, -22.553357499999947 ], [ -43.900744699999962, -22.553087299999959 ], [ -43.900773699999945, -22.552845699999978 ], [ -43.900828899999965, -22.552712499999927 ], [ -43.90084539999998, -22.552599599999951 ], [ -43.900846299999955, -22.552593799999954 ], [ -43.900638099999981, -22.552514099999939 ], [ -43.900435799999968, -22.552478099999973 ], [ -43.900153599999953, -22.552356 ], [ -43.89996229999997, -22.552215599999954 ], [ -43.899842399999955, -22.552189899999973 ], [ -43.899681699999974, -22.552200199999959 ], [ -43.899558699999943, -22.55218 ], [ -43.899459699999966, -22.552132 ], [ -43.899323, -22.55196559999996 ], [ -43.899216, -22.55170789999994 ], [ -43.899116299999946, -22.551533 ], [ -43.899013799999977, -22.551381099999958 ], [ -43.898924, -22.551299599999936 ], [ -43.898702, -22.551203499999929 ], [ -43.898267799999985, -22.55118589999995 ], [ -43.89811839999993, -22.551161099999945 ], [ -43.897961199999941, -22.551127699999938 ], [ -43.897846799999968, -22.551176399999974 ], [ -43.897783299999958, -22.551272 ], [ -43.897727699999962, -22.551508599999977 ], [ -43.897648299999958, -22.551664699999947 ], [ -43.897463899999934, -22.551750399999946 ], [ -43.897121499999969, -22.551755299999968 ], [ -43.896872599999938, -22.55163239999996 ], [ -43.896662699999979, -22.551550299999974 ], [ -43.896528899999964, -22.551521499999978 ], [ -43.896345399999973, -22.551707099999931 ], [ -43.896158399999933, -22.551802899999927 ], [ -43.896022499999958, -22.551853199999982 ], [ -43.895826, -22.551906599999938 ], [ -43.895704699999953, -22.551903 ], [ -43.895634, -22.551871099999971 ], [ -43.895544499999971, -22.551833899999963 ], [ -43.895455099999936, -22.551809099999957 ], [ -43.895344899999941, -22.551787199999978 ], [ -43.895224299999938, -22.551739099999963 ], [ -43.895139299999983, -22.551679599999943 ], [ -43.895064, -22.551655399999959 ], [ -43.894908099999952, -22.551672199999928 ], [ -43.894841399999962, -22.551670399999978 ], [ -43.894774699999971, -22.551668599999971 ], [ -43.894717699999944, -22.55168649999996 ], [ -43.894664599999942, -22.551687099999981 ], [ -43.894567, -22.551661 ], [ -43.89450549999998, -22.551601099999971 ], [ -43.894408299999952, -22.551552799999968 ], [ -43.89431049999996, -22.551537799999949 ], [ -43.894230599999958, -22.551511499999947 ], [ -43.894189899999958, -22.551478499999973 ], [ -43.894123199999967, -22.551374299999964 ], [ -43.89402, -22.551326 ], [ -43.893851, -22.551306899999929 ], [ -43.893658499999958, -22.551232099999936 ], [ -43.893519199999957, -22.55121749999995 ], [ -43.893321399999934, -22.551170199999945 ], [ -43.89299879999993, -22.551055599999927 ], [ -43.892938899999933, -22.551015799999959 ], [ -43.892856599999959, -22.550785099999928 ], [ -43.892779099999984, -22.55073189999996 ], [ -43.892599799999971, -22.550616899999966 ], [ -43.892466499999955, -22.55058 ], [ -43.892326199999957, -22.550598699999966 ], [ -43.892229899999961, -22.550688799999932 ], [ -43.892124599999931, -22.550729399999966 ], [ -43.892037799999969, -22.550725299999954 ], [ -43.891985099999943, -22.550703699999929 ], [ -43.89187759999993, -22.550598599999944 ], [ -43.891856899999937, -22.550578399999949 ], [ -43.891764599999931, -22.550524 ], [ -43.891613099999972, -22.550439299999937 ], [ -43.891505399999971, -22.550384599999973 ], [ -43.891415099999961, -22.550346199999979 ], [ -43.891349899999966, -22.550358099999983 ], [ -43.891283699999974, -22.550414599999954 ], [ -43.891259199999979, -22.550459399999966 ], [ -43.891175299999929, -22.550516 ], [ -43.891098599999964, -22.550521499999945 ], [ -43.890995499999974, -22.550507799999934 ], [ -43.890906099999938, -22.550336699999946 ], [ -43.890722099999948, -22.550063799999975 ], [ -43.890503399999943, -22.549747899999943 ], [ -43.890398799999957, -22.549515699999972 ], [ -43.890412399999946, -22.549476299999981 ], [ -43.890424399999972, -22.549426199999971 ], [ -43.890414, -22.54935949999998 ], [ -43.890363499999978, -22.549299099999928 ], [ -43.89023119999996, -22.549195099999963 ], [ -43.890080699999942, -22.549175099999957 ], [ -43.889829099999986, -22.549208499999963 ], [ -43.889722199999937, -22.549213699999939 ], [ -43.889551199999971, -22.549191299999961 ], [ -43.88935749999996, -22.549122299999965 ], [ -43.88922649999995, -22.549111 ], [ -43.888809, -22.54908839999996 ], [ -43.888682399999936, -22.549075699999946 ], [ -43.888372499999946, -22.548999 ], [ -43.888162899999941, -22.548946899999976 ], [ -43.887865199999965, -22.548856399999977 ], [ -43.887758099999985, -22.548807499999953 ], [ -43.887666299999978, -22.548762299999964 ], [ -43.887522099999956, -22.548672099999976 ], [ -43.887460699999963, -22.548595299999931 ], [ -43.887373699999955, -22.548486299999979 ], [ -43.887274099999956, -22.548314399999981 ], [ -43.887159099999963, -22.548197099999982 ], [ -43.886875599999939, -22.54788039999994 ], [ -43.886773499999947, -22.547787899999946 ], [ -43.886698699999954, -22.547720099999935 ], [ -43.886600199999975, -22.547597799999949 ], [ -43.886456799999962, -22.547419699999978 ], [ -43.886272799999972, -22.547272299999975 ], [ -43.886114899999939, -22.547195699999975 ], [ -43.885968399999967, -22.547097599999972 ], [ -43.885627399999976, -22.546870899999931 ], [ -43.885534199999938, -22.546840699999962 ], [ -43.885409, -22.546803299999965 ], [ -43.885295599999949, -22.546778 ], [ -43.885135499999933, -22.546757899999932 ], [ -43.884986199999958, -22.546781299999964 ], [ -43.884863399999972, -22.54677049999998 ], [ -43.884705699999984, -22.546710699999949 ], [ -43.884521599999971, -22.546589599999947 ], [ -43.884326299999941, -22.546437499999968 ], [ -43.884148499999981, -22.546303299999977 ], [ -43.883996099999933, -22.546248399999968 ], [ -43.88378739999996, -22.546203899999966 ], [ -43.883499699999959, -22.54622089999998 ], [ -43.883223499999986, -22.546306 ], [ -43.882990599999971, -22.546366599999942 ], [ -43.882880799999953, -22.546509199999946 ], [ -43.882801499999971, -22.546679299999937 ], [ -43.882767499999943, -22.546844199999953 ], [ -43.882666399999948, -22.547068399999944 ], [ -43.882685, -22.547141 ], [ -43.882702299999949, -22.547259099999962 ], [ -43.882691899999941, -22.547358699999961 ], [ -43.882667799999979, -22.547451199999955 ], [ -43.882652599999972, -22.547489499999983 ], [ -43.882603, -22.547506699999929 ], [ -43.882542299999955, -22.547468199999969 ], [ -43.882520899999975, -22.54743579999996 ], [ -43.882430899999974, -22.547405399999946 ], [ -43.882376699999952, -22.547350599999959 ], [ -43.88235039999995, -22.547297199999946 ], [ -43.88232249999993, -22.547285199999976 ], [ -43.882294699999932, -22.54727319999995 ], [ -43.882188299999939, -22.547320199999945 ], [ -43.882187, -22.547359299999982 ], [ -43.882206799999949, -22.547399299999938 ], [ -43.882262199999957, -22.547415 ], [ -43.882271399999979, -22.54745459999998 ], [ -43.88224619999994, -22.547479399999929 ], [ -43.88217579999997, -22.547484899999972 ], [ -43.882140299999946, -22.547492099999943 ], [ -43.882093499999939, -22.547535499999981 ], [ -43.882075399999962, -22.547554199999979 ], [ -43.882045799999958, -22.547604899999953 ], [ -43.88199579999997, -22.547620299999949 ], [ -43.881926, -22.54761689999998 ], [ -43.881834399999946, -22.547617299999956 ], [ -43.881785099999945, -22.547628 ], [ -43.881728, -22.547664299999951 ], [ -43.88169929999998, -22.547689 ], [ -43.881641299999956, -22.547730099999967 ], [ -43.881604, -22.547806499999979 ], [ -43.88160229999994, -22.547858599999927 ], [ -43.881607199999962, -22.547924 ], [ -43.881583399999954, -22.547993 ], [ -43.881547599999976, -22.54801729999997 ], [ -43.881485199999929, -22.548001199999931 ], [ -43.881386199999952, -22.548014399999943 ], [ -43.881337599999938, -22.548013199999957 ], [ -43.881180799999981, -22.548008399999958 ], [ -43.881093299999975, -22.547965899999951 ], [ -43.881022099999939, -22.547980399999972 ], [ -43.880921499999943, -22.54788439999993 ], [ -43.880839899999955, -22.547806699999967 ], [ -43.880651899999975, -22.547664199999929 ], [ -43.880645299999969, -22.54746339999997 ], [ -43.88057729999997, -22.54737369999998 ], [ -43.880508299999974, -22.547344299999963 ], [ -43.880430399999966, -22.547379699999965 ], [ -43.880414, -22.547422899999958 ], [ -43.880388699999969, -22.547447699999964 ], [ -43.88036349999993, -22.547472599999935 ], [ -43.880361899999969, -22.54752469999994 ], [ -43.880444299999965, -22.547567799999968 ], [ -43.880450099999962, -22.547607199999959 ], [ -43.880434499999978, -22.547658599999977 ], [ -43.880378299999961, -22.547669 ], [ -43.880317099999957, -22.547613899999931 ], [ -43.880245699999932, -22.547628299999928 ], [ -43.880189099999939, -22.54765169999996 ], [ -43.880063099999973, -22.547624499999927 ], [ -43.879968, -22.547541699999954 ], [ -43.879915899999958, -22.547421799999938 ], [ -43.879849399999955, -22.547314299999982 ], [ -43.879738199999963, -22.547261699999979 ], [ -43.879641399999969, -22.547231 ], [ -43.879558, -22.547179699999958 ], [ -43.87950509999996, -22.547085899999956 ], [ -43.879393599999958, -22.547080699999981 ], [ -43.879323699999929, -22.547043 ], [ -43.87927, -22.546975299999929 ], [ -43.879173599999945, -22.546931699999959 ], [ -43.879002399999933, -22.546785 ], [ -43.878779599999973, -22.546727199999964 ], [ -43.878660299999979, -22.546747699999969 ], [ -43.878525299999978, -22.54682779999996 ], [ -43.878378699999985, -22.546826 ], [ -43.878279299999974, -22.546791599999949 ], [ -43.878091799999936, -22.546661899999947 ], [ -43.877951699999983, -22.546529699999951 ], [ -43.877857499999948, -22.546462599999927 ], [ -43.877770099999964, -22.546417099999928 ], [ -43.877473899999984, -22.546412799999928 ], [ -43.877342099999964, -22.546393699999953 ], [ -43.877156699999944, -22.546340599999951 ], [ -43.877021899999932, -22.546307199999944 ], [ -43.876839299999972, -22.54628589999993 ], [ -43.876651399999957, -22.546267899999975 ], [ -43.876146499999948, -22.546145599999932 ], [ -43.875976499999979, -22.54616859999993 ], [ -43.875705399999958, -22.546304499999962 ], [ -43.875555299999974, -22.54635449999995 ], [ -43.875386, -22.546351499999957 ], [ -43.875196099999982, -22.546334599999966 ], [ -43.874981399999967, -22.546331699999939 ], [ -43.874820299999953, -22.546318699999972 ], [ -43.874674699999957, -22.546329799999967 ], [ -43.874493099999938, -22.546314399999972 ], [ -43.874351, -22.546315899999968 ], [ -43.874311199999966, -22.54632289999995 ], [ -43.874186799999961, -22.54629129999995 ], [ -43.874100299999952, -22.546299099999942 ], [ -43.873992, -22.546313399999974 ], [ -43.873881499999982, -22.546313099999963 ], [ -43.87381309999995, -22.546271 ], [ -43.873766499999931, -22.546203699999978 ], [ -43.873759, -22.545994599999972 ], [ -43.873797799999977, -22.545841799999948 ], [ -43.87379, -22.545756599999947 ], [ -43.873671199999933, -22.545684199999982 ], [ -43.873439099999985, -22.545557899999949 ], [ -43.873294499999986, -22.545462599999951 ], [ -43.873163299999931, -22.545380899999941 ], [ -43.87305159999994, -22.545345599999962 ], [ -43.872965, -22.545335399999942 ], [ -43.87287079999993, -22.545294399999932 ], [ -43.872796699999981, -22.545280399999967 ], [ -43.872712099999944, -22.545294199999944 ], [ -43.872632299999964, -22.545262499999978 ], [ -43.87253439999995, -22.545227899999929 ], [ -43.872418399999958, -22.545249099999978 ], [ -43.872311799999977, -22.545303299999944 ], [ -43.872211899999968, -22.545303399999966 ], [ -43.872089099999982, -22.545317799999964 ], [ -43.871716599999957, -22.545344399999976 ], [ -43.871459499999958, -22.545371699999976 ], [ -43.87124069999993, -22.545399499999974 ], [ -43.871027799999979, -22.54542749999996 ], [ -43.870845899999949, -22.54546339999996 ], [ -43.870693399999936, -22.545446199999958 ], [ -43.870597, -22.545411699999931 ], [ -43.870514699999944, -22.545375599999943 ], [ -43.87037719999995, -22.545378599999935 ], [ -43.870321099999956, -22.54533269999996 ], [ -43.870272099999966, -22.545288299999982 ], [ -43.870171299999981, -22.545283 ], [ -43.870082899999943, -22.545244499999967 ], [ -43.869906499999956, -22.545213199999978 ], [ -43.869658499999957, -22.545180099999982 ], [ -43.869200299999932, -22.545099199999981 ], [ -43.869063899999958, -22.545063099999936 ], [ -43.868983299999968, -22.544968399999959 ], [ -43.868764799999951, -22.544793 ], [ -43.868608499999937, -22.544696299999941 ], [ -43.868520599999954, -22.544662199999948 ], [ -43.868370699999957, -22.544668 ], [ -43.868272599999955, -22.544682499999965 ], [ -43.868076499999972, -22.544663599999978 ], [ -43.867863599999964, -22.544658099999936 ], [ -43.867713299999934, -22.544615 ], [ -43.867563599999983, -22.54460789999996 ], [ -43.867400099999941, -22.544586 ], [ -43.867289399999947, -22.544589099999939 ], [ -43.867112099999986, -22.544539499999928 ], [ -43.866890799999965, -22.544366299999979 ], [ -43.866618099999982, -22.544071799999983 ], [ -43.86608119999994, -22.543558599999983 ], [ -43.865935599999943, -22.543335 ], [ -43.865360299999963, -22.542043899999953 ], [ -43.86531169999995, -22.541971799999942 ], [ -43.864374699999985, -22.541529299999979 ], [ -43.863860099999954, -22.541253899999958 ], [ -43.863372199999958, -22.541004699999974 ], [ -43.863058199999955, -22.540859799999964 ], [ -43.862957299999948, -22.540752599999962 ], [ -43.862931, -22.540561699999955 ], [ -43.863018799999963, -22.54043919999998 ], [ -43.863151499999958, -22.540297199999941 ], [ -43.863256299999932, -22.540085599999941 ], [ -43.863215099999934, -22.540005899999983 ], [ -43.862989, -22.539921199999981 ], [ -43.862697499999967, -22.539752699999951 ], [ -43.86247869999994, -22.539586699999973 ], [ -43.862174499999981, -22.539571899999942 ], [ -43.861888099999931, -22.539548699999955 ], [ -43.861667699999941, -22.539475099999947 ], [ -43.861329099999978, -22.539065199999982 ], [ -43.861150699999939, -22.538864199999978 ], [ -43.861075799999981, -22.538816699999927 ], [ -43.861003299999936, -22.538865899999962 ], [ -43.860878499999956, -22.538985399999945 ], [ -43.860689599999944, -22.539048899999955 ], [ -43.860437199999978, -22.539098699999954 ], [ -43.860144599999956, -22.539091699999972 ], [ -43.859888499999954, -22.53893439999996 ], [ -43.859798199999943, -22.538724299999956 ], [ -43.859705, -22.538502599999958 ], [ -43.859537399999965, -22.538260699999967 ], [ -43.859403899999961, -22.538192299999935 ], [ -43.859071299999982, -22.537920499999927 ], [ -43.858962, -22.537826699999982 ], [ -43.858806199999947, -22.537671499999931 ], [ -43.858575099999939, -22.537543899999946 ], [ -43.858287699999948, -22.537443099999962 ], [ -43.858112499999947, -22.537366799999972 ], [ -43.85798079999995, -22.537356 ], [ -43.857717299999933, -22.537402199999974 ], [ -43.857536399999958, -22.537338899999952 ], [ -43.857423399999959, -22.537274 ], [ -43.857416699999931, -22.537198899999964 ], [ -43.857380499999977, -22.537114699999961 ], [ -43.857254499999954, -22.537076799999966 ], [ -43.857091099999934, -22.537009 ], [ -43.857000699999958, -22.536939399999937 ], [ -43.85689659999997, -22.536789099999964 ], [ -43.856738, -22.536595599999941 ], [ -43.856619199999955, -22.536479899999961 ], [ -43.856583499999942, -22.536376099999927 ], [ -43.856577799999968, -22.536253599999952 ], [ -43.856541499999935, -22.536104599999931 ], [ -43.856467899999984, -22.535992699999952 ], [ -43.856379199999935, -22.535914199999979 ], [ -43.856305099999986, -22.535878 ], [ -43.856151599999976, -22.53582629999994 ], [ -43.855893299999934, -22.535835799999973 ], [ -43.855754699999977, -22.535881399999937 ], [ -43.855432299999961, -22.535917899999959 ], [ -43.855275199999937, -22.535901699999954 ], [ -43.855072099999973, -22.535937099999956 ], [ -43.854938499999946, -22.53598 ], [ -43.854860699999961, -22.536079599999937 ], [ -43.85482, -22.536243199999944 ], [ -43.854808799999944, -22.536399699999947 ], [ -43.854708699999946, -22.536625 ], [ -43.854637299999979, -22.536824599999932 ], [ -43.854590099999939, -22.536901299999954 ], [ -43.854497199999969, -22.536984099999927 ], [ -43.854182199999968, -22.537070299999982 ], [ -43.853950399999974, -22.537133799999935 ], [ -43.853840099999957, -22.537070699999958 ], [ -43.853674799999965, -22.536909199999968 ], [ -43.853411199999982, -22.536688 ], [ -43.853354399999944, -22.536583499999949 ], [ -43.853300499999932, -22.536381 ], [ -43.853167699999972, -22.536165299999936 ], [ -43.852877599999943, -22.535956399999975 ], [ -43.852707299999963, -22.535917499999982 ], [ -43.852554599999962, -22.535894499999927 ], [ -43.852391199999943, -22.535723 ], [ -43.852353899999969, -22.535398399999963 ], [ -43.852320299999974, -22.53527779999996 ], [ -43.852209099999982, -22.535169099999962 ], [ -43.852101799999957, -22.535128199999974 ], [ -43.851938599999983, -22.535105099999953 ], [ -43.851681799999938, -22.535022499999968 ], [ -43.851153299999964, -22.534935399999938 ], [ -43.850701899999933, -22.534597399999939 ], [ -43.850369, -22.534210399999949 ], [ -43.850248599999929, -22.534118099999944 ], [ -43.850207799999964, -22.53402159999996 ], [ -43.850274, -22.533843399999967 ], [ -43.850148699999977, -22.53353919999995 ], [ -43.849984899999981, -22.533357699999954 ], [ -43.849890599999981, -22.533213 ], [ -43.849897099999964, -22.532972899999947 ], [ -43.84997089999996, -22.532812299999932 ], [ -43.849987699999986, -22.532631699999968 ], [ -43.849886, -22.532602599999962 ], [ -43.849646099999973, -22.532581799999946 ], [ -43.849482199999954, -22.532595 ], [ -43.849366299999986, -22.532624899999973 ], [ -43.849192799999969, -22.53269279999995 ], [ -43.849091699999974, -22.532639199999949 ], [ -43.849054499999966, -22.532518299999936 ], [ -43.849085399999979, -22.532411799999977 ], [ -43.849089799999945, -22.532308 ], [ -43.848986799999977, -22.532240899999977 ], [ -43.84877419999998, -22.532029 ], [ -43.848474299999964, -22.531942599999979 ], [ -43.848373, -22.53193779999998 ], [ -43.848424799999975, -22.532042699999977 ], [ -43.848523399999976, -22.532122499999957 ], [ -43.848558399999945, -22.532253099999934 ], [ -43.848499699999934, -22.532317299999931 ], [ -43.848329799999931, -22.532378699999981 ], [ -43.848177799999974, -22.532398599999965 ], [ -43.847988, -22.532391699999948 ], [ -43.847932799999967, -22.532410199999958 ], [ -43.84795749999995, -22.532488599999965 ], [ -43.847979699999939, -22.532586399999957 ], [ -43.847877399999959, -22.532650299999943 ], [ -43.847643199999936, -22.53273669999993 ], [ -43.847395499999948, -22.532780499999944 ], [ -43.847255399999938, -22.532748799999979 ], [ -43.847109499999931, -22.532823899999983 ], [ -43.847045799999933, -22.532959299999959 ], [ -43.847007799999972, -22.53306589999994 ], [ -43.846953099999951, -22.533152499999971 ], [ -43.846796499999982, -22.533319 ], [ -43.846739799999966, -22.533408899999927 ], [ -43.846659299999942, -22.53344009999995 ], [ -43.846500299999946, -22.533365099999969 ], [ -43.846199199999944, -22.533073199999933 ], [ -43.846146499999975, -22.533026399999983 ], [ -43.84600329999995, -22.532958699999938 ], [ -43.845879499999967, -22.532969399999956 ], [ -43.845666499999936, -22.533049699999935 ], [ -43.845457199999942, -22.533208599999966 ], [ -43.845298799999966, -22.533329299999934 ], [ -43.845127599999955, -22.533378399999947 ], [ -43.844915499999956, -22.533393799999942 ], [ -43.844722399999966, -22.533376899999951 ], [ -43.844524, -22.533340599999974 ], [ -43.844378799999959, -22.533334699999955 ], [ -43.844143, -22.533346699999981 ], [ -43.843855499999961, -22.533308899999952 ], [ -43.843648, -22.53323359999996 ], [ -43.843399799999929, -22.533059299999934 ], [ -43.84310789999995, -22.532787 ], [ -43.842925, -22.532607499999983 ], [ -43.842749199999957, -22.532473299999936 ], [ -43.842717799999946, -22.53235879999994 ], [ -43.842772199999956, -22.532265199999927 ], [ -43.84286579999997, -22.532221299999946 ], [ -43.842855699999973, -22.53212659999997 ], [ -43.842602399999976, -22.531909399999961 ], [ -43.842064199999982, -22.531670299999973 ], [ -43.841874599999983, -22.531607899999983 ], [ -43.841399299999978, -22.53145829999994 ], [ -43.841339799999957, -22.531326399999955 ], [ -43.841277799999943, -22.531250199999931 ], [ -43.840770599999985, -22.531063699999947 ], [ -43.840632699999958, -22.531075499999929 ], [ -43.840513099999953, -22.531107299999974 ], [ -43.840278, -22.531112499999949 ], [ -43.840146399999981, -22.531022899999982 ], [ -43.84003359999997, -22.530970399999944 ], [ -43.839933099999939, -22.530993299999977 ], [ -43.839819599999942, -22.531024799999955 ], [ -43.839718299999959, -22.530957399999977 ], [ -43.839614399999959, -22.530968499999972 ], [ -43.839529199999959, -22.53093089999993 ], [ -43.839513899999986, -22.530809899999952 ], [ -43.83944269999995, -22.530729899999983 ], [ -43.839295, -22.530700699999954 ], [ -43.839206499999932, -22.530625699999973 ], [ -43.839071699999977, -22.530627699999968 ], [ -43.838935399999968, -22.530732499999942 ], [ -43.838921199999959, -22.530829199999971 ], [ -43.839048099999957, -22.531114399999979 ], [ -43.839094499999931, -22.531272 ], [ -43.83900929999993, -22.531355499999961 ], [ -43.838925299999971, -22.531379899999934 ], [ -43.838784899999951, -22.531347499999981 ], [ -43.838600799999938, -22.531307599999934 ], [ -43.838511099999948, -22.531322499999931 ], [ -43.838417299999946, -22.531454499999938 ], [ -43.838422799999933, -22.531569099999956 ], [ -43.838482699999986, -22.531776299999933 ], [ -43.838531499999931, -22.531898099999978 ], [ -43.838556899999958, -22.53201329999996 ], [ -43.838551, -22.532110699999976 ], [ -43.838483799999949, -22.532306299999959 ], [ -43.838498299999969, -22.532443799999953 ], [ -43.838551199999984, -22.53254 ], [ -43.838598499999932, -22.532570299999975 ], [ -43.838695799999982, -22.532585299999937 ], [ -43.838820899999973, -22.532672799999943 ], [ -43.838867099999959, -22.53277479999997 ], [ -43.838832799999977, -22.532888799999967 ], [ -43.838723, -22.533141699999931 ], [ -43.838587599999983, -22.533361799999966 ], [ -43.838270299999976, -22.533558299999982 ], [ -43.838125199999979, -22.533677 ], [ -43.837976399999945, -22.533752399999969 ], [ -43.837839599999938, -22.533838 ], [ -43.837785099999962, -22.533964899999944 ], [ -43.837594199999955, -22.534202 ], [ -43.837464299999965, -22.534256499999969 ], [ -43.837405899999965, -22.534294799999941 ], [ -43.837408699999969, -22.534396299999969 ], [ -43.83743, -22.534478399999955 ], [ -43.837541699999974, -22.534438399999942 ], [ -43.837654399999963, -22.534444599999972 ], [ -43.837683599999934, -22.534513599999968 ], [ -43.837612899999954, -22.53458459999996 ], [ -43.83749819999997, -22.534625 ], [ -43.837294499999985, -22.534612299999935 ], [ -43.837051499999973, -22.534558299999958 ], [ -43.836832499999957, -22.534473 ], [ -43.836601299999984, -22.534406399999966 ], [ -43.836416199999974, -22.534355399999981 ], [ -43.836254499999939, -22.534334199999932 ], [ -43.835815499999967, -22.53445 ], [ -43.835563699999966, -22.53451229999996 ], [ -43.835344899999939, -22.534592599999939 ], [ -43.835173, -22.534596099999931 ], [ -43.835023299999932, -22.534632399999964 ], [ -43.834836299999949, -22.534603299999958 ], [ -43.834651399999984, -22.53453339999993 ], [ -43.834320199999979, -22.534288699999934 ], [ -43.833992899999942, -22.534190199999955 ], [ -43.833886799999959, -22.534119499999974 ], [ -43.833820799999955, -22.533994 ], [ -43.833820199999934, -22.533823 ], [ -43.833856699999956, -22.53367929999996 ], [ -43.833853699999963, -22.53355449999998 ], [ -43.833758399999965, -22.53344809999993 ], [ -43.833686399999976, -22.53342 ], [ -43.833321599999977, -22.533636 ], [ -43.833134, -22.533697599999982 ], [ -43.832991399999969, -22.53368219999993 ], [ -43.832872799999961, -22.533614399999976 ], [ -43.832816, -22.53356679999996 ], [ -43.832681699999966, -22.533531299999936 ], [ -43.832486699999947, -22.533430499999952 ], [ -43.832289099999969, -22.533426499999962 ], [ -43.831985199999963, -22.533361299999967 ], [ -43.831779899999958, -22.533249399999931 ], [ -43.83163159999998, -22.533095599999967 ], [ -43.831621, -22.532921199999976 ], [ -43.831705899999974, -22.53281759999993 ], [ -43.831932299999949, -22.532717299999945 ], [ -43.832133, -22.532458599999927 ], [ -43.832293399999969, -22.532320499999969 ], [ -43.832293599999957, -22.53211349999998 ], [ -43.832136, -22.531877299999962 ], [ -43.832065199999931, -22.53171489999994 ], [ -43.832009299999982, -22.53141839999995 ], [ -43.831904399999985, -22.531369 ], [ -43.831777199999976, -22.531333199999949 ], [ -43.831698499999959, -22.53124459999998 ], [ -43.831593099999964, -22.531106 ], [ -43.831486499999983, -22.531016 ], [ -43.831358299999977, -22.530967 ], [ -43.831218199999967, -22.531031199999973 ], [ -43.831021399999941, -22.531076399999961 ], [ -43.830729099999985, -22.530820799999958 ], [ -43.83043749999996, -22.530552299999954 ], [ -43.83009, -22.530287499999929 ], [ -43.82974669999993, -22.530127 ], [ -43.829548, -22.530003099999931 ], [ -43.829306, -22.529844599999933 ], [ -43.829017399999941, -22.529706399999952 ], [ -43.82873619999998, -22.529621299999974 ], [ -43.828379, -22.529465799999969 ], [ -43.828152399999965, -22.529347099999939 ], [ -43.827918799999964, -22.529286399999933 ], [ -43.827622599999984, -22.529284099999927 ], [ -43.827431099999956, -22.529355899999928 ], [ -43.827336599999967, -22.529396499999962 ], [ -43.827137599999958, -22.529416 ], [ -43.826898599999936, -22.529450399999973 ], [ -43.826758499999983, -22.529515 ], [ -43.826713699999971, -22.529577099999983 ], [ -43.826669, -22.52963909999994 ], [ -43.826595399999974, -22.530341299999975 ], [ -43.826536799999985, -22.530433899999935 ], [ -43.826268599999935, -22.53056829999997 ], [ -43.825954299999978, -22.530717 ], [ -43.825630399999966, -22.530932899999982 ], [ -43.825625499999944, -22.530938399999968 ], [ -43.825457299999982, -22.531129199999953 ], [ -43.824958099999947, -22.531695299999967 ], [ -43.82450579999994, -22.532404199999974 ], [ -43.824385399999983, -22.532566599999939 ], [ -43.824130399999945, -22.533097899999973 ], [ -43.82397629999997, -22.533498899999927 ], [ -43.823800299999959, -22.533844 ], [ -43.823527299999967, -22.534153499999945 ], [ -43.823205599999937, -22.534380599999963 ], [ -43.82316359999993, -22.534410199999968 ], [ -43.822989499999949, -22.534584499999937 ], [ -43.82275889999994, -22.534643799999969 ], [ -43.822433099999955, -22.534624199999939 ], [ -43.822070799999949, -22.534534599999972 ], [ -43.821865199999934, -22.534423599999968 ], [ -43.821456799999964, -22.534130699999935 ], [ -43.820841099999939, -22.534065099999964 ], [ -43.820336899999973, -22.534105899999929 ], [ -43.819883699999934, -22.534092899999962 ], [ -43.819763899999941, -22.534099099999935 ], [ -43.819578099999944, -22.534004699999969 ], [ -43.819200699999953, -22.534108299999957 ], [ -43.818439599999977, -22.534156499999938 ], [ -43.817895, -22.534191199999952 ], [ -43.817499199999929, -22.534276499999976 ], [ -43.817159299999958, -22.534518899999966 ], [ -43.81689369999998, -22.534716499999945 ], [ -43.816570899999931, -22.535179699999958 ], [ -43.816340199999956, -22.535609299999976 ], [ -43.816402399999959, -22.53623239999996 ], [ -43.816725799999972, -22.537168 ], [ -43.816908, -22.53752129999998 ], [ -43.817090199999939, -22.537874699999975 ], [ -43.81745879999994, -22.53815039999995 ], [ -43.817812699999934, -22.538415099999952 ], [ -43.818300199999953, -22.538875899999937 ], [ -43.818746499999975, -22.53934849999996 ], [ -43.819040799999982, -22.539915699999938 ], [ -43.819049699999937, -22.539932799999974 ], [ -43.819308799999931, -22.540445799999929 ], [ -43.81935, -22.540527499999939 ], [ -43.819518499999958, -22.541257399999949 ], [ -43.819476399999985, -22.54198729999996 ], [ -43.819322, -22.542534699999976 ], [ -43.818872799999951, -22.543152299999974 ], [ -43.818641599999978, -22.543964899999935 ], [ -43.818691599999966, -22.544762699999978 ], [ -43.818830699999978, -22.545229599999971 ], [ -43.819069299999967, -22.545678799999962 ], [ -43.819392099999959, -22.546015599999976 ], [ -43.819285499999978, -22.54618929999998 ], [ -43.81890089999996, -22.546815699999968 ], [ -43.818648199999984, -22.547292899999945 ], [ -43.818423699999983, -22.547517499999969 ], [ -43.818087099999957, -22.547854699999959 ], [ -43.818041, -22.547916499999928 ], [ -43.817637599999955, -22.54845789999996 ], [ -43.816796299999965, -22.549211599999978 ], [ -43.816541899999947, -22.549330699999928 ], [ -43.816504699999939, -22.54934819999994 ], [ -43.815942599999971, -22.549611499999969 ], [ -43.81555469999995, -22.549727899999937 ], [ -43.81507629999993, -22.549546799999973 ], [ -43.81466249999994, -22.548926199999983 ], [ -43.814326299999948, -22.548667599999931 ], [ -43.813654, -22.548499499999934 ], [ -43.813240199999939, -22.548305499999969 ], [ -43.812710099999947, -22.547995199999946 ], [ -43.812309199999959, -22.547904699999947 ], [ -43.811817899999937, -22.547995199999946 ], [ -43.811623899999972, -22.548085699999945 ], [ -43.811507499999948, -22.548366899999962 ], [ -43.811484099999973, -22.54852429999994 ], [ -43.811529199999939, -22.548711 ], [ -43.811649799999941, -22.549210599999981 ], [ -43.81180489999997, -22.549960599999963 ], [ -43.811908399999936, -22.550555399999951 ], [ -43.811934199999939, -22.551111399999968 ], [ -43.811921299999938, -22.551460499999962 ], [ -43.811753199999941, -22.551745 ], [ -43.811404099999947, -22.552029399999981 ], [ -43.810911099999942, -22.552393299999949 ], [ -43.81030039999996, -22.552730599999961 ], [ -43.809817299999963, -22.553077 ], [ -43.809370699999931, -22.553286599999979 ], [ -43.809142799999961, -22.553514499999949 ], [ -43.809052, -22.55387049999996 ], [ -43.808924099999956, -22.554079599999966 ], [ -43.808641499999965, -22.554179899999951 ], [ -43.808404499999938, -22.55414339999993 ], [ -43.808094599999947, -22.554116099999931 ], [ -43.807903899999985, -22.554029699999944 ], [ -43.807839399999978, -22.553879099999961 ], [ -43.807720899999936, -22.553651199999933 ], [ -43.807497599999977, -22.553523599999949 ], [ -43.80727429999996, -22.553396 ], [ -43.807101099999954, -22.553459799999928 ], [ -43.80697349999997, -22.553633 ], [ -43.807073799999955, -22.55391549999996 ], [ -43.80699489999995, -22.554106899999965 ], [ -43.806782099999964, -22.554243699999972 ], [ -43.806572199999948, -22.554199199999971 ], [ -43.806499499999973, -22.554015799999945 ], [ -43.806289899999967, -22.553942899999981 ], [ -43.806107599999962, -22.554052199999944 ], [ -43.805861499999935, -22.55422539999995 ], [ -43.805642699999964, -22.554407699999956 ], [ -43.805469899999935, -22.554345 ], [ -43.805269, -22.55412519999993 ], [ -43.805041099999983, -22.554161599999929 ], [ -43.804868, -22.554207199999951 ], [ -43.804626499999983, -22.554079399999978 ], [ -43.80451249999993, -22.553952 ], [ -43.804239, -22.55387 ], [ -43.803991499999938, -22.553909199999964 ], [ -43.803710399999943, -22.553824399999939 ], [ -43.803338, -22.553851499999951 ], [ -43.803206799999941, -22.553819799999928 ], [ -43.80305409999994, -22.553733199999954 ], [ -43.802860399999986, -22.553694499999949 ], [ -43.802760699999965, -22.553658899999959 ], [ -43.802657599999975, -22.553571399999953 ], [ -43.802500799999962, -22.553520099999957 ], [ -43.802447, -22.553532099999927 ], [ -43.802402699999959, -22.553542 ], [ -43.802342, -22.553525199999967 ], [ -43.802290599999935, -22.553506299999981 ], [ -43.80214639999997, -22.553442599999983 ], [ -43.802092499999958, -22.553418799999974 ], [ -43.802070799999967, -22.553362899999968 ], [ -43.802062899999953, -22.553293399999973 ], [ -43.801985399999978, -22.553218199999947 ], [ -43.801862299999982, -22.553149899999937 ], [ -43.801819, -22.553099699999962 ], [ -43.801661799999977, -22.553113399999972 ], [ -43.801609399999961, -22.553095199999973 ], [ -43.801591199999962, -22.553047299999946 ], [ -43.801570699999957, -22.552972099999977 ], [ -43.80151369999993, -22.552928799999961 ], [ -43.801445299999955, -22.552881 ], [ -43.801347399999941, -22.552826299999936 ], [ -43.801176399999974, -22.552751099999966 ], [ -43.800964499999964, -22.552648599999941 ], [ -43.800764, -22.552557399999955 ], [ -43.800543, -22.55249589999994 ], [ -43.800310499999966, -22.55245489999993 ], [ -43.800041699999952, -22.552384199999949 ], [ -43.799813799999981, -22.552318099999979 ], [ -43.79957909999996, -22.552236099999959 ], [ -43.799464, -22.552219 ], [ -43.799344399999939, -22.552227 ], [ -43.799276, -22.552124499999934 ], [ -43.799157499999978, -22.552065199999959 ], [ -43.798838499999931, -22.551942199999928 ], [ -43.798713199999952, -22.551951299999928 ], [ -43.798617499999978, -22.552019599999937 ], [ -43.79848869999995, -22.552155699999958 ], [ -43.79840779999995, -22.552201899999943 ], [ -43.798329199999955, -22.552214499999934 ], [ -43.798243699999944, -22.552204199999949 ], [ -43.798142399999961, -22.552188899999976 ], [ -43.797879199999954, -22.55206069999997 ], [ -43.797622699999977, -22.551881099999946 ], [ -43.797518699999955, -22.551759 ], [ -43.79718639999993, -22.551368799999977 ], [ -43.796603699999935, -22.551336899999967 ], [ -43.796356399999979, -22.551289 ], [ -43.796109099999967, -22.55124109999997 ], [ -43.795765399999937, -22.55105169999996 ], [ -43.795249099999978, -22.550564399999928 ], [ -43.794218, -22.550319699999932 ], [ -43.794058299999961, -22.549965699999973 ], [ -43.793951799999945, -22.549738099999956 ], [ -43.793702799999949, -22.549509499999942 ], [ -43.793564199999935, -22.54931629999993 ], [ -43.793510199999957, -22.549035499999945 ], [ -43.793464299999982, -22.548917699999947 ], [ -43.793389899999966, -22.548839299999941 ], [ -43.793235399999958, -22.548846099999935 ], [ -43.79303, -22.548880699999927 ], [ -43.79231029999994, -22.548976099999948 ], [ -43.792037199999982, -22.549275799999975 ], [ -43.79179419999997, -22.549590099999932 ], [ -43.791563599999961, -22.549821 ], [ -43.791465899999935, -22.550141599999961 ], [ -43.791542599999957, -22.550338799999963 ], [ -43.791709199999957, -22.550545899999975 ], [ -43.792001599999935, -22.550933099999952 ], [ -43.791701199999977, -22.551077 ], [ -43.79127989999995, -22.551248899999962 ], [ -43.791152, -22.551406499999928 ], [ -43.79103079999993, -22.551711499999954 ], [ -43.790690799999936, -22.551912299999969 ], [ -43.790249599999981, -22.55219859999994 ], [ -43.789673799999946, -22.552128299999936 ], [ -43.789479, -22.552102199999979 ], [ -43.789112099999954, -22.551724 ], [ -43.789328399999931, -22.551039 ], [ -43.789373599999976, -22.550677 ], [ -43.78927989999994, -22.550377099999935 ], [ -43.789002699999969, -22.550274199999933 ], [ -43.788764499999957, -22.550366899999972 ], [ -43.788621599999942, -22.550422599999933 ], [ -43.788403599999981, -22.550528 ], [ -43.788142599999958, -22.550624399999947 ], [ -43.787982399999976, -22.550943899999936 ], [ -43.787732499999947, -22.551059599999974 ], [ -43.787553399999979, -22.551510599999972 ], [ -43.787168, -22.552084199999967 ], [ -43.786793799999941, -22.552349099999958 ], [ -43.786586, -22.552845299999944 ], [ -43.786091599999963, -22.55329009999997 ], [ -43.785993799999972, -22.553688499999964 ], [ -43.786037199999953, -22.554204699999957 ], [ -43.785948299999973, -22.554719199999965 ], [ -43.786120799999935, -22.555419399999948 ], [ -43.78601169999996, -22.555738899999938 ], [ -43.785647099999949, -22.556060899999977 ], [ -43.78575369999993, -22.556285699999933 ], [ -43.786077499999976, -22.556489799999952 ], [ -43.786264499999959, -22.556967799999939 ], [ -43.78632129999994, -22.557308 ], [ -43.785857599999986, -22.557708499999933 ], [ -43.785234699999933, -22.557964199999958 ], [ -43.784097499999973, -22.558143599999937 ], [ -43.783597799999939, -22.558744599999955 ], [ -43.783603099999937, -22.559517399999947 ], [ -43.783676499999956, -22.559867699999927 ], [ -43.783653499999957, -22.560202199999935 ], [ -43.783926799999961, -22.560592399999962 ], [ -43.783880299999964, -22.560908299999937 ], [ -43.783853099999931, -22.561266499999931 ], [ -43.783875499999965, -22.561457 ], [ -43.783801, -22.561702799999978 ], [ -43.783473899999933, -22.561879599999941 ], [ -43.783174499999973, -22.562122399999964 ], [ -43.782913699999938, -22.56237219999997 ], [ -43.782811199999969, -22.562650299999973 ], [ -43.782808699999975, -22.562929199999928 ], [ -43.78279219999996, -22.56336749999997 ], [ -43.78292, -22.563934199999949 ], [ -43.78261939999993, -22.564201099999934 ], [ -43.782094, -22.564523 ], [ -43.781519499999945, -22.564720699999953 ], [ -43.780687099999966, -22.564640699999927 ], [ -43.780196799999942, -22.564779699999974 ], [ -43.779606899999976, -22.565024799999946 ], [ -43.779172599999981, -22.565239199999951 ], [ -43.778793299999961, -22.565469899999982 ], [ -43.778483, -22.565792 ], [ -43.778186399999981, -22.566153099999951 ], [ -43.777695, -22.566409 ], [ -43.777386499999977, -22.566536399999961 ], [ -43.776910899999962, -22.566488499999934 ], [ -43.776437299999941, -22.56669809999994 ], [ -43.776266, -22.566976699999941 ], [ -43.776288099999931, -22.567212099999949 ], [ -43.776188399999967, -22.567695399999934 ], [ -43.775985699999978, -22.567977199999973 ], [ -43.775990499999978, -22.568716199999983 ], [ -43.776605, -22.569467 ], [ -43.776717499999961, -22.570027799999934 ], [ -43.776817, -22.570358899999974 ], [ -43.776934599999947, -22.570638699999961 ], [ -43.777096399999948, -22.570744599999955 ], [ -43.777472299999943, -22.570900499999937 ], [ -43.777791399999956, -22.571110099999942 ], [ -43.778171799999939, -22.571113 ], [ -43.778047399999934, -22.571595499999944 ], [ -43.77810519999997, -22.571856299999979 ], [ -43.778438699999981, -22.572253599999954 ], [ -43.778998899999976, -22.572681199999977 ], [ -43.778494099999932, -22.573160899999948 ], [ -43.778189699999984, -22.573623399999974 ], [ -43.777524399999947, -22.574139 ], [ -43.777342399999952, -22.574342199999933 ], [ -43.777130799999952, -22.574556199999961 ], [ -43.776879099999974, -22.574942599999929 ], [ -43.77685409999998, -22.575231 ], [ -43.777080099999978, -22.575917499999946 ], [ -43.777466499999946, -22.576478599999973 ], [ -43.777308499999947, -22.576957599999957 ], [ -43.777591599999937, -22.577725499999929 ], [ -43.77796589999997, -22.578481 ], [ -43.77811289999994, -22.579247899999928 ], [ -43.778241399999956, -22.579672599999981 ], [ -43.778587699999946, -22.579941299999973 ], [ -43.778765499999963, -22.580301 ], [ -43.778858299999968, -22.580716099999961 ], [ -43.77877129999996, -22.581006699999932 ], [ -43.778091699999948, -22.58164869999996 ], [ -43.777884699999959, -22.58191 ], [ -43.777430199999969, -22.582161799999938 ], [ -43.776994699999932, -22.582432099999949 ], [ -43.776727199999982, -22.582650699999931 ], [ -43.776509399999952, -22.582829899999979 ], [ -43.776527899999962, -22.583064499999978 ], [ -43.776539899999932, -22.583285199999978 ], [ -43.776523899999972, -22.583518699999956 ], [ -43.776548199999979, -22.583934199999931 ], [ -43.776293399999986, -22.584301 ], [ -43.776183599999968, -22.584503699999971 ], [ -43.776092799999958, -22.584852199999943 ], [ -43.775635299999976, -22.58513789999995 ], [ -43.775386499999968, -22.58523329999997 ], [ -43.77502869999995, -22.585555799999952 ], [ -43.774579399999936, -22.585880199999963 ], [ -43.774347899999952, -22.586147299999936 ], [ -43.774201599999969, -22.586927299999957 ], [ -43.773964299999932, -22.587277 ], [ -43.773180399999944, -22.587605699999983 ], [ -43.772686, -22.587629499999935 ], [ -43.772124699999949, -22.587792299999933 ], [ -43.771594299999947, -22.587802899999929 ], [ -43.771228699999938, -22.58804669999995 ], [ -43.771112899999935, -22.5885 ], [ -43.77103859999994, -22.588921199999959 ], [ -43.771036199999969, -22.589192099999934 ], [ -43.771477799999957, -22.589904499999932 ], [ -43.771545799999956, -22.590112699999963 ], [ -43.77155369999997, -22.590246599999944 ], [ -43.771561599999984, -22.590380399999958 ], [ -43.77159649999993, -22.590460599999972 ], [ -43.771688, -22.590671199999974 ], [ -43.77182739999995, -22.590923 ], [ -43.772140699999966, -22.591215799999929 ], [ -43.772596, -22.591470499999957 ], [ -43.772781, -22.592009599999983 ], [ -43.772865, -22.592595399999936 ], [ -43.772882899999956, -22.59287269999993 ], [ -43.773052099999973, -22.593053 ], [ -43.773825299999942, -22.593932799999948 ], [ -43.774303699999962, -22.594178199999931 ], [ -43.774381, -22.594541 ], [ -43.774323099999947, -22.594956299999978 ], [ -43.774266499999953, -22.595220499999982 ], [ -43.774391499999979, -22.595573499999944 ], [ -43.774789299999952, -22.595874099999946 ], [ -43.775407399999949, -22.595982499999934 ], [ -43.77616409999996, -22.596665499999972 ], [ -43.776293199999941, -22.59696839999998 ], [ -43.776078799999937, -22.597506099999976 ], [ -43.775852799999939, -22.597776899999928 ], [ -43.775570699999946, -22.598060299999929 ], [ -43.775401599999952, -22.598217699999964 ], [ -43.774770899999965, -22.598736899999949 ], [ -43.774499499999934, -22.599037499999952 ], [ -43.774495599999966, -22.599228899999957 ], [ -43.774500299999943, -22.599468399999978 ], [ -43.774525299999937, -22.599707899999942 ], [ -43.774773799999934, -22.599890399999936 ], [ -43.775145699999939, -22.600134799999978 ], [ -43.775747499999966, -22.600372399999969 ], [ -43.77527, -22.600652299999979 ], [ -43.775132399999961, -22.600871699999971 ], [ -43.774984199999949, -22.601068899999973 ], [ -43.774857899999972, -22.601257099999941 ], [ -43.774459099999945, -22.601505699999962 ], [ -43.773984, -22.60183939999996 ], [ -43.773893499999986, -22.601969799999949 ], [ -43.773713899999962, -22.602228399999944 ], [ -43.773531499999933, -22.602626099999952 ], [ -43.773444299999937, -22.603001799999959 ], [ -43.773331299999938, -22.603362 ], [ -43.772827, -22.603771 ], [ -43.772730099999933, -22.603978099999949 ], [ -43.772898899999973, -22.604607 ], [ -43.772884799999986, -22.604899099999955 ], [ -43.77274, -22.605156199999954 ], [ -43.772391299999981, -22.605267699999956 ], [ -43.772228599999949, -22.605448399999943 ], [ -43.772148499999957, -22.605678399999931 ], [ -43.772177, -22.605913799999939 ], [ -43.772168499999964, -22.605942599999935 ], [ -43.77194529999997, -22.606712699999946 ], [ -43.771940099999938, -22.606718099999966 ], [ -43.771950899999979, -22.607065199999965 ], [ -43.771977099999958, -22.60726 ], [ -43.77212389999994, -22.607382399999949 ], [ -43.77242229999996, -22.607497 ], [ -43.772715, -22.607590099999982 ], [ -43.773142599999971, -22.607687699999929 ], [ -43.773553699999979, -22.607596499999943 ], [ -43.774057899999946, -22.607483599999966 ], [ -43.774181299999952, -22.607139099999927 ], [ -43.774460699999963, -22.60700259999993 ], [ -43.774825399999941, -22.607188099999973 ], [ -43.774953, -22.607340299999976 ], [ -43.775246399999958, -22.607592199999942 ], [ -43.775625, -22.60779969999993 ], [ -43.775924299999986, -22.607996599999979 ], [ -43.776227199999937, -22.608270499999946 ], [ -43.776638799999944, -22.608336399999928 ], [ -43.777336, -22.608261299999981 ], [ -43.777163, -22.60905779999996 ], [ -43.776837, -22.609604099999956 ], [ -43.776733499999978, -22.609995899999944 ], [ -43.776702499999942, -22.610346 ], [ -43.776672499999961, -22.610700799999961 ], [ -43.776670199999955, -22.610956 ], [ -43.77679269999993, -22.611154599999963 ], [ -43.777022399999964, -22.61125519999996 ], [ -43.777484, -22.611217599999975 ], [ -43.777821599999982, -22.611162499999978 ], [ -43.778010199999983, -22.611056799999972 ], [ -43.778471, -22.611112299999945 ], [ -43.778805, -22.611283499999956 ], [ -43.779027499999984, -22.611415 ], [ -43.779362399999968, -22.611482399999943 ], [ -43.779839099999947, -22.611595499999964 ], [ -43.780133699999965, -22.611705099999938 ], [ -43.78042789999995, -22.61186239999995 ], [ -43.780785799999933, -22.612079899999969 ], [ -43.781016499999964, -22.612141299999962 ], [ -43.781336799999963, -22.61225109999998 ], [ -43.781569099999956, -22.612133599999936 ], [ -43.781611399999974, -22.611716299999955 ], [ -43.781878099999972, -22.611540499999933 ], [ -43.78237, -22.61123269999996 ], [ -43.78269389999997, -22.610962699999959 ], [ -43.782860599999935, -22.611080699999945 ], [ -43.783041499999968, -22.611172899999929 ], [ -43.783264599999939, -22.611239499999954 ], [ -43.783503199999984, -22.611384699999974 ], [ -43.78374539999993, -22.611613199999965 ], [ -43.78401359999998, -22.611794199999963 ], [ -43.784418699999947, -22.61193609999998 ], [ -43.784628, -22.612073299999963 ], [ -43.78491, -22.612147 ], [ -43.78520009999994, -22.612097799999958 ], [ -43.785554, -22.611984799999959 ], [ -43.785967099999937, -22.611732099999983 ], [ -43.78657329999993, -22.611731799999973 ], [ -43.787133199999971, -22.611645199999941 ], [ -43.787501599999985, -22.611649599999964 ], [ -43.787753099999975, -22.611786699999982 ], [ -43.788263099999938, -22.612243899999953 ], [ -43.788511399999948, -22.612291499999969 ], [ -43.788790099999972, -22.612397499999929 ], [ -43.789139099999943, -22.612452 ], [ -43.789361, -22.612648399999955 ], [ -43.789610699999969, -22.612870899999962 ], [ -43.789804199999935, -22.613118899999961 ], [ -43.789898699999981, -22.613509 ], [ -43.790089199999954, -22.614107499999932 ], [ -43.790323399999977, -22.614498599999934 ], [ -43.790585599999986, -22.61488989999998 ], [ -43.790948699999944, -22.614931599999977 ], [ -43.792055799999957, -22.614615499999957 ], [ -43.792348299999958, -22.61473449999994 ], [ -43.792598899999973, -22.61485319999997 ], [ -43.792974699999945, -22.615037699999959 ], [ -43.793196599999931, -22.615247 ], [ -43.793361799999957, -22.61553379999998 ], [ -43.793582899999933, -22.615833899999927 ], [ -43.79385979999995, -22.61613449999993 ], [ -43.794035099999974, -22.616403399999967 ], [ -43.794484199999943, -22.61667129999995 ], [ -43.794799099999977, -22.61681909999993 ], [ -43.794863599999985, -22.617173199999968 ], [ -43.794705699999952, -22.617601499999978 ], [ -43.794574699999941, -22.617886799999951 ], [ -43.794534699999986, -22.618053599999939 ], [ -43.79439, -22.618434199999967 ], [ -43.794313, -22.618668699999944 ], [ -43.794166899999937, -22.619058399999972 ], [ -43.794218199999932, -22.61937249999994 ], [ -43.794233299999973, -22.619797299999959 ], [ -43.794215599999973, -22.620225399999981 ], [ -43.794185199999959, -22.62049769999993 ], [ -43.794124899999986, -22.62077069999998 ], [ -43.794403399999965, -22.621135299999935 ], [ -43.794611399999951, -22.621331599999962 ], [ -43.795069699999942, -22.621541299999933 ], [ -43.795251299999961, -22.621686799999964 ], [ -43.795487799999933, -22.621818399999938 ], [ -43.795710499999984, -22.621936799999958 ], [ -43.796058499999958, -22.622108199999957 ], [ -43.796267099999966, -22.622317499999951 ], [ -43.796538299999952, -22.622463599999946 ], [ -43.796890499999961, -22.622893099999942 ], [ -43.797036899999966, -22.623151399999983 ], [ -43.797088599999938, -22.623427799999945 ], [ -43.797103899999968, -22.623992499999929 ], [ -43.797179799999981, -22.624205699999948 ], [ -43.797105599999952, -22.624575899999968 ], [ -43.797561799999983, -22.624962 ], [ -43.798456199999976, -22.62521739999994 ], [ -43.798566799999946, -22.62577269999997 ], [ -43.798876699999937, -22.625983899999937 ], [ -43.79920409999994, -22.626404099999945 ], [ -43.799610299999983, -22.626833 ], [ -43.799971099999937, -22.627147199999968 ], [ -43.800122599999952, -22.62740789999998 ], [ -43.80034969999997, -22.627677299999959 ], [ -43.800630899999931, -22.627846399999953 ], [ -43.800984299999982, -22.627998399999967 ], [ -43.801373599999977, -22.628162199999963 ], [ -43.801555199999939, -22.628262199999938 ], [ -43.801762399999973, -22.628549299999975 ], [ -43.802039499999978, -22.628836899999953 ], [ -43.802331799999934, -22.62899479999993 ], [ -43.802646399999958, -22.629297299999962 ], [ -43.803023499999938, -22.62945689999998 ], [ -43.803347, -22.629612399999928 ], [ -43.803640099999939, -22.629666499999928 ], [ -43.803948099999957, -22.629616799999951 ], [ -43.804242299999942, -22.62955409999995 ], [ -43.80446969999997, -22.629455199999938 ], [ -43.804659699999945, -22.629360299999973 ], [ -43.804776899999979, -22.629099899999972 ], [ -43.804939799999943, -22.629002699999944 ], [ -43.804953499999954, -22.628994599999942 ], [ -43.805264399999942, -22.628984299999956 ], [ -43.805683899999963, -22.629065199999957 ], [ -43.805809299999964, -22.62942309999994 ], [ -43.806071899999949, -22.629775399999971 ], [ -43.806251699999962, -22.629997399999979 ], [ -43.806473, -22.630271599999958 ], [ -43.806583899999964, -22.630515499999944 ], [ -43.806694299999947, -22.630766499999936 ], [ -43.806787199999974, -22.631065899999953 ], [ -43.807211399999971, -22.631099399999982 ], [ -43.807659, -22.631036499999936 ], [ -43.808198899999979, -22.631016699999975 ], [ -43.808549099999937, -22.631091699999956 ], [ -43.808868199999949, -22.631379599999946 ], [ -43.809115899999938, -22.631835699999954 ], [ -43.80943259999998, -22.632072899999969 ], [ -43.809654599999931, -22.632142299999941 ], [ -43.809870499999931, -22.632413 ], [ -43.810266699999943, -22.632666499999971 ], [ -43.810636399999964, -22.633015199999932 ], [ -43.811071899999945, -22.633331299999952 ], [ -43.811306099999968, -22.633549699999946 ], [ -43.811572099999978, -22.633982399999979 ], [ -43.81186329999997, -22.634108499999968 ], [ -43.812119899999971, -22.634129199999961 ], [ -43.812563199999943, -22.634158399999933 ], [ -43.812914099999944, -22.634005299999956 ], [ -43.813166699999954, -22.633890399999927 ], [ -43.813362799999936, -22.633852899999965 ], [ -43.813712199999941, -22.633868399999983 ], [ -43.81415, -22.633936099999971 ], [ -43.81454969999993, -22.634030399999972 ], [ -43.814941399999952, -22.633994299999927 ], [ -43.815447899999981, -22.633957599999974 ], [ -43.815692499999955, -22.634454099999971 ], [ -43.816007799999966, -22.635200399999974 ], [ -43.816081899999972, -22.635282199999949 ], [ -43.816366, -22.635471699999982 ], [ -43.816634799999974, -22.635643099999982 ], [ -43.817012199999965, -22.635889899999938 ], [ -43.817408899999975, -22.636095699999942 ], [ -43.817457599999955, -22.636551899999972 ], [ -43.817467499999964, -22.636644299999944 ], [ -43.81752849999998, -22.637036099999932 ], [ -43.817837399999974, -22.637264199999947 ], [ -43.818461399999933, -22.637128399999938 ], [ -43.819113, -22.637461799999983 ], [ -43.819463499999983, -22.637571099999946 ], [ -43.820205399999963, -22.637068 ], [ -43.820341699999972, -22.637059799999975 ], [ -43.82021919999994, -22.637714599999981 ], [ -43.820447599999966, -22.637879399999974 ], [ -43.820703599999945, -22.637969099999964 ], [ -43.820972599999948, -22.638128 ], [ -43.821167499999945, -22.638261099999966 ], [ -43.821346699999935, -22.638522699999953 ], [ -43.821498099999985, -22.638857899999948 ], [ -43.821749199999942, -22.639138299999956 ], [ -43.821941799999934, -22.639444399999945 ], [ -43.822179699999936, -22.639643799999931 ], [ -43.822569699999974, -22.639796299999944 ], [ -43.822865699999966, -22.639750799999945 ], [ -43.823278499999958, -22.640064799999948 ], [ -43.82351529999994, -22.640170399999931 ], [ -43.823824599999966, -22.640342399999952 ], [ -43.824272099999973, -22.640620099999978 ], [ -43.82451709999998, -22.640748799999983 ], [ -43.824725599999965, -22.640893099999971 ], [ -43.82487139999995, -22.641327199999978 ], [ -43.825198499999942, -22.641736899999955 ], [ -43.825404499999934, -22.641889 ], [ -43.825907099999938, -22.641813199999945 ], [ -43.826268499999969, -22.64163689999998 ], [ -43.826626699999963, -22.641842299999951 ], [ -43.826792399999931, -22.641998599999965 ], [ -43.827265599999976, -22.64227649999998 ], [ -43.827611499999932, -22.642410299999938 ], [ -43.828320099999985, -22.642398899999932 ], [ -43.82880739999996, -22.642347399999949 ], [ -43.829015199999958, -22.642216499999961 ], [ -43.829129099999932, -22.642602099999976 ], [ -43.829217399999948, -22.642811799999947 ], [ -43.829414699999973, -22.642930399999955 ], [ -43.829624699999954, -22.642973799999936 ], [ -43.830112199999974, -22.643084699999974 ], [ -43.830369399999938, -22.643062699999973 ], [ -43.830638599999929, -22.643148199999928 ], [ -43.83129, -22.643381 ], [ -43.831778699999973, -22.643597899999975 ], [ -43.832236799999976, -22.643855099999939 ], [ -43.832641399999943, -22.643961899999965 ], [ -43.83308859999994, -22.643991099999937 ], [ -43.83339559999996, -22.644058299999983 ], [ -43.833743899999945, -22.64421649999997 ], [ -43.833980699999984, -22.644322099999954 ], [ -43.834175399999936, -22.644440299999928 ], [ -43.834532199999956, -22.64477519999997 ], [ -43.834722799999952, -22.645039099999963 ], [ -43.835050499999966, -22.645255799999973 ], [ -43.835202099999947, -22.645395199999939 ], [ -43.835395199999937, -22.645424799999944 ], [ -43.83554259999994, -22.645367199999953 ], [ -43.835838499999966, -22.645345499999962 ], [ -43.836193799999933, -22.645519199999967 ], [ -43.836470799999972, -22.645832699999971 ], [ -43.836581, -22.646028199999932 ], [ -43.836733599999945, -22.646172099999944 ], [ -43.836942399999941, -22.646277399999974 ], [ -43.837178599999959, -22.646460799999943 ], [ -43.83752149999998, -22.64654429999996 ], [ -43.838126699999975, -22.646779199999969 ], [ -43.83836359999998, -22.64688469999993 ], [ -43.838536699999963, -22.646987599999932 ], [ -43.838864399999977, -22.647186899999951 ], [ -43.839035499999966, -22.647289499999943 ], [ -43.839203899999973, -22.647422399999982 ], [ -43.839375799999971, -22.647584599999959 ], [ -43.83950909999993, -22.647764299999949 ], [ -43.839695199999937, -22.648059399999966 ], [ -43.839870399999938, -22.648006599999974 ], [ -43.840200399999958, -22.647962199999938 ], [ -43.840519, -22.647884899999951 ], [ -43.840840799999967, -22.648125799999946 ], [ -43.840851599999951, -22.648359599999935 ], [ -43.840810199999964, -22.64849339999995 ], [ -43.840739799999938, -22.648647899999958 ], [ -43.840630899999951, -22.648848799999939 ], [ -43.840513499999986, -22.649009499999977 ], [ -43.840393399999982, -22.649132299999962 ], [ -43.840277199999946, -22.649345399999959 ], [ -43.840186, -22.649493399999983 ], [ -43.840057199999933, -22.649611199999981 ], [ -43.839917399999933, -22.649640099999942 ], [ -43.839730499999973, -22.649686 ], [ -43.839617899999951, -22.64975469999996 ], [ -43.839486499999964, -22.64988649999998 ], [ -43.839414599999941, -22.649972499999933 ], [ -43.839313699999934, -22.650048899999945 ], [ -43.83913, -22.650156 ], [ -43.838958499999933, -22.650252699999953 ], [ -43.838851899999952, -22.650368399999934 ], [ -43.838750599999969, -22.650505099999975 ], [ -43.838611799999967, -22.65066539999998 ], [ -43.838572399999975, -22.65081559999993 ], [ -43.838569799999959, -22.651155299999971 ], [ -43.838566699999944, -22.651286299999981 ], [ -43.838548699999933, -22.651392899999962 ], [ -43.838502799999958, -22.651469899999938 ], [ -43.838486499999931, -22.651497499999948 ], [ -43.838384, -22.651593899999966 ], [ -43.838288, -22.651687699999968 ], [ -43.838134599999933, -22.651815499999941 ], [ -43.838026199999945, -22.65189479999998 ], [ -43.837917699999934, -22.651963299999977 ], [ -43.837811, -22.652013899999929 ], [ -43.837748399999953, -22.65206059999997 ], [ -43.837595299999975, -22.652217599999972 ], [ -43.837557699999934, -22.652365699999962 ], [ -43.837546199999963, -22.65249259999996 ], [ -43.837544599999944, -22.652560299999948 ], [ -43.837543499999981, -22.652603399999975 ], [ -43.837540399999966, -22.652640299999973 ], [ -43.837487099999976, -22.652738299999953 ], [ -43.837348, -22.652867 ], [ -43.837236799999971, -22.652917099999968 ], [ -43.837018799999953, -22.652971399999956 ], [ -43.83679079999996, -22.653018199999963 ], [ -43.836653299999966, -22.653079799999944 ], [ -43.836544599999968, -22.653160299999968 ], [ -43.83650119999993, -22.653214599999956 ], [ -43.836433, -22.653307499999983 ], [ -43.836379499999964, -22.653354899999954 ], [ -43.836139499999945, -22.653538599999933 ], [ -43.836091799999963, -22.653588499999955 ], [ -43.83602609999997, -22.653657199999941 ], [ -43.83599769999995, -22.653686799999946 ], [ -43.835938399999975, -22.653748899999982 ], [ -43.835845199999937, -22.653853399999946 ], [ -43.835643699999935, -22.654010599999935 ], [ -43.835443099999964, -22.654135199999928 ], [ -43.835299299999974, -22.654225899999972 ], [ -43.835190099999977, -22.65432149999998 ], [ -43.835110399999962, -22.654464799999971 ], [ -43.83509719999995, -22.654580199999941 ], [ -43.835109199999977, -22.654710699999953 ], [ -43.835115099999939, -22.654831799999954 ], [ -43.835075699999948, -22.654916899999932 ], [ -43.835054, -22.654954399999951 ], [ -43.83502969999995, -22.655011699999932 ], [ -43.835004, -22.655101399999978 ], [ -43.83498359999993, -22.655172499999935 ], [ -43.83492769999998, -22.655239699999981 ], [ -43.834841399999959, -22.655319299999974 ], [ -43.834768699999984, -22.655374599999959 ], [ -43.834731599999941, -22.655406099999936 ], [ -43.834719799999959, -22.655415099999971 ], [ -43.834655399999974, -22.655464399999971 ], [ -43.834573299999931, -22.655520099999933 ], [ -43.834502599999951, -22.655566699999952 ], [ -43.834425499999952, -22.655693799999938 ], [ -43.834349799999984, -22.655789899999945 ], [ -43.834315199999935, -22.655847799999947 ], [ -43.834182699999985, -22.656013799999982 ], [ -43.834052099999951, -22.656144499999982 ], [ -43.833964, -22.656207799999947 ], [ -43.833848299999943, -22.656239099999937 ], [ -43.833773899999983, -22.656238799999983 ], [ -43.833693399999959, -22.65622529999996 ], [ -43.833594499999947, -22.656181499999946 ], [ -43.83353029999995, -22.656134299999962 ], [ -43.833374, -22.656076799999937 ], [ -43.833217599999955, -22.656051199999979 ], [ -43.833051099999977, -22.65605469999997 ], [ -43.833003899999937, -22.656062499999962 ], [ -43.832907, -22.656062 ], [ -43.832821699999954, -22.656064699999945 ], [ -43.832593199999963, -22.656038 ], [ -43.832556299999965, -22.656019899999933 ], [ -43.832439099999931, -22.65596249999993 ], [ -43.83219779999996, -22.655826799999943 ], [ -43.83196369999996, -22.655696899999953 ], [ -43.831731299999944, -22.655589299999974 ], [ -43.83140979999996, -22.655474099999935 ], [ -43.830952199999956, -22.655296699999951 ], [ -43.83081059999995, -22.655411899999933 ], [ -43.830662699999948, -22.655458899999928 ], [ -43.830452, -22.655468199999973 ], [ -43.83029339999996, -22.655479799999966 ], [ -43.830156, -22.655483499999946 ], [ -43.830068799999935, -22.655489899999964 ], [ -43.829993599999966, -22.655496599999935 ], [ -43.829949, -22.655506499999944 ], [ -43.829915899999946, -22.655513499999927 ], [ -43.829885499999932, -22.655524399999933 ], [ -43.829853299999968, -22.655549299999961 ], [ -43.829820099999949, -22.655606299999931 ], [ -43.829790599999967, -22.655669499999931 ], [ -43.829789099999971, -22.655673299999933 ], [ -43.829760299999975, -22.655750399999931 ], [ -43.829733699999963, -22.655832499999974 ], [ -43.829701199999931, -22.655890799999952 ], [ -43.829661699999974, -22.655953599999975 ], [ -43.829633299999955, -22.655993699999954 ], [ -43.82959649999998, -22.656042499999955 ], [ -43.829572799999937, -22.656077699999969 ], [ -43.829532499999971, -22.656133399999931 ], [ -43.829436299999941, -22.656207399999971 ], [ -43.829380199999946, -22.656228799999951 ], [ -43.829332399999942, -22.656230699999981 ], [ -43.829270699999938, -22.656230699999981 ], [ -43.82920729999995, -22.65622639999998 ], [ -43.829127399999948, -22.656215399999951 ], [ -43.829058199999963, -22.656200799999965 ], [ -43.828993499999967, -22.656185199999982 ], [ -43.828919099999951, -22.656159099999968 ], [ -43.828866599999969, -22.656143099999952 ], [ -43.828807199999972, -22.656125399999951 ], [ -43.828749899999934, -22.656111199999941 ], [ -43.828592, -22.656088799999964 ], [ -43.828358599999945, -22.656087799999966 ], [ -43.82812679999995, -22.656082199999958 ], [ -43.827926099999956, -22.656043299999965 ], [ -43.82775259999994, -22.656008699999973 ], [ -43.827609499999937, -22.656007599999953 ], [ -43.827472, -22.656019699999945 ], [ -43.827356499999951, -22.656015899999943 ], [ -43.827255899999955, -22.655983899999967 ], [ -43.827188099999944, -22.655933699999935 ], [ -43.827125, -22.65589719999997 ], [ -43.827055299999984, -22.655869099999961 ], [ -43.826963299999932, -22.655863699999941 ], [ -43.826936199999977, -22.655974599999979 ], [ -43.826925699999947, -22.656114699999932 ], [ -43.826882099999978, -22.65623979999998 ], [ -43.826843699999984, -22.656426499999952 ], [ -43.826851, -22.656612099999961 ], [ -43.826876, -22.656815299999948 ], [ -43.826883399999986, -22.656924499999946 ], [ -43.826848, -22.657029899999941 ], [ -43.826766599999985, -22.657122499999957 ], [ -43.826745099999982, -22.657242099999962 ], [ -43.826773699999933, -22.657370399999934 ], [ -43.826779, -22.657381 ], [ -43.826836499999956, -22.657483599999978 ], [ -43.826852499999973, -22.657538399999964 ], [ -43.826852, -22.657573299999967 ], [ -43.826851399999953, -22.657597 ], [ -43.826847, -22.657628799999941 ], [ -43.826833499999964, -22.657655899999952 ], [ -43.826809099999934, -22.657687899999928 ], [ -43.826781499999981, -22.657711 ], [ -43.826746899999932, -22.65772439999995 ], [ -43.826701799999967, -22.657730399999934 ], [ -43.826642699999979, -22.657732499999952 ], [ -43.826590099999976, -22.657731399999932 ], [ -43.826542399999937, -22.657731599999977 ], [ -43.826467199999968, -22.657736199999931 ], [ -43.826406099999986, -22.65774 ], [ -43.826150499999983, -22.657755099999974 ], [ -43.825987199999986, -22.657764799999939 ], [ -43.825626099999965, -22.657786099999953 ], [ -43.825479799999982, -22.657709099999977 ], [ -43.825252399999954, -22.657616 ], [ -43.825059299999964, -22.657568399999946 ], [ -43.824892299999931, -22.657560899999964 ], [ -43.824744399999986, -22.657577 ], [ -43.824631899999986, -22.657619299999965 ], [ -43.824520199999938, -22.657677799999931 ], [ -43.824460099999953, -22.657744799999932 ], [ -43.824422599999934, -22.657871599999964 ], [ -43.82439549999998, -22.658024599999976 ], [ -43.824344499999938, -22.658158299999968 ], [ -43.824307799999985, -22.658271099999979 ], [ -43.824314199999947, -22.658352499999978 ], [ -43.824337299999968, -22.658424499999967 ], [ -43.824367699999982, -22.658501099999967 ], [ -43.824355899999944, -22.658568499999944 ], [ -43.82433709999998, -22.65862809999993 ], [ -43.824320599999965, -22.658690399999955 ], [ -43.824276899999973, -22.658766799999967 ], [ -43.824223299999971, -22.658825399999955 ], [ -43.824157199999945, -22.658865 ], [ -43.824001499999952, -22.658915 ], [ -43.823993499999972, -22.658968099999981 ], [ -43.823969199999965, -22.659020099999964 ], [ -43.82395669999994, -22.659077899999943 ], [ -43.823964099999955, -22.659120399999949 ], [ -43.823989, -22.659162899999956 ], [ -43.824023299999965, -22.659204399999965 ], [ -43.824060299999985, -22.659252599999945 ], [ -43.824118799999951, -22.659298399999955 ], [ -43.824181399999929, -22.659310199999936 ], [ -43.824232199999983, -22.659310499999947 ], [ -43.824287599999934, -22.659310799999957 ], [ -43.824340199999938, -22.659316699999977 ], [ -43.824385099999972, -22.659340899999961 ], [ -43.824422499999969, -22.659397 ], [ -43.824427299999968, -22.659427299999948 ], [ -43.824428399999931, -22.659469799999954 ], [ -43.824459399999967, -22.659489899999983 ], [ -43.824520399999983, -22.659502599999939 ], [ -43.82459769999997, -22.659517299999948 ], [ -43.824706, -22.659521 ], [ -43.824798599999951, -22.659522799999934 ], [ -43.824918599999933, -22.659555 ], [ -43.824940799999979, -22.659592199999963 ], [ -43.824945099999979, -22.659599399999934 ], [ -43.82488989999996, -22.659707699999956 ], [ -43.824751099999958, -22.659891399999935 ], [ -43.824663099999952, -22.660036699999978 ], [ -43.824580099999935, -22.660196799999937 ], [ -43.824528599999951, -22.660343699999942 ], [ -43.82448729999993, -22.660444799999937 ], [ -43.824444, -22.660539799999981 ], [ -43.824404199999947, -22.660627099999942 ], [ -43.824319099999968, -22.660814399999936 ], [ -43.824180699999943, -22.661038799999972 ], [ -43.82404269999995, -22.661229599999956 ], [ -43.823911599999974, -22.661417599999936 ], [ -43.823808199999974, -22.661618199999964 ], [ -43.823697099999947, -22.661788599999966 ], [ -43.823650199999975, -22.661933599999941 ], [ -43.823671199999978, -22.662136799999928 ], [ -43.823669799999948, -22.662390499999958 ], [ -43.823666099999969, -22.662556 ], [ -43.823636, -22.662668099999962 ], [ -43.823576899999978, -22.662738 ], [ -43.823575299999959, -22.662739899999963 ], [ -43.823498399999949, -22.662757599999964 ], [ -43.823398499999939, -22.662766599999941 ], [ -43.823297399999944, -22.662767 ], [ -43.823191799999961, -22.662750799999969 ], [ -43.823101299999962, -22.662707099999977 ], [ -43.823023299999932, -22.662683499999957 ], [ -43.822922, -22.662665299999958 ], [ -43.822694099999978, -22.662628299999938 ], [ -43.822571599999947, -22.66262329999995 ], [ -43.822475499999939, -22.662622799999951 ], [ -43.822390899999959, -22.662648499999932 ], [ -43.822294199999931, -22.662711799999954 ], [ -43.822140199999978, -22.662882499999967 ], [ -43.821989, -22.663036 ], [ -43.821777099999963, -22.66320879999995 ], [ -43.821628899999951, -22.663298199999929 ], [ -43.821451199999956, -22.663383299999964 ], [ -43.821335799999986, -22.663440799999933 ], [ -43.821194299999945, -22.663555 ], [ -43.820981199999949, -22.663778399999956 ], [ -43.820842599999935, -22.663970099999972 ], [ -43.82071179999997, -22.664113 ], [ -43.82061189999996, -22.664272 ], [ -43.820475699999974, -22.664489199999934 ], [ -43.820381699999984, -22.664614 ], [ -43.820337799999947, -22.664672199999927 ], [ -43.820208699999966, -22.664835399999959 ], [ -43.820049399999959, -22.66494339999997 ], [ -43.819910099999959, -22.665023 ], [ -43.819689299999936, -22.665158699999949 ], [ -43.819489699999963, -22.665265399999953 ], [ -43.81932379999995, -22.665333699999962 ], [ -43.819215899999961, -22.665364599999975 ], [ -43.819146, -22.665373899999963 ], [ -43.819056299999943, -22.665375499999982 ], [ -43.818916899999977, -22.665357 ], [ -43.818850599999962, -22.665336 ], [ -43.818782499999941, -22.665310599999941 ], [ -43.81874449999998, -22.665295499999957 ], [ -43.81869359999996, -22.665280499999938 ], [ -43.818647099999964, -22.66527039999994 ], [ -43.818616199999951, -22.665265199999965 ], [ -43.818578299999956, -22.665264099999945 ], [ -43.81853289999998, -22.665264699999966 ], [ -43.818477899999948, -22.665283099999954 ], [ -43.81844179999996, -22.665299499999946 ], [ -43.818324899999936, -22.66541849999993 ], [ -43.818189699999948, -22.665541899999937 ], [ -43.818046399999957, -22.665646299999935 ], [ -43.817892899999947, -22.66572 ], [ -43.817802099999938, -22.665793699999938 ], [ -43.817700499999944, -22.665957099999957 ], [ -43.817612799999949, -22.666055799999981 ], [ -43.817588399999977, -22.666100799999981 ], [ -43.817585899999983, -22.666122499999972 ], [ -43.817598, -22.666133099999968 ], [ -43.817724799999951, -22.666244199999937 ], [ -43.817742899999985, -22.666286599999978 ], [ -43.817743099999973, -22.666304299999979 ], [ -43.817707299999938, -22.666439099999934 ], [ -43.81765489999998, -22.666538199999934 ], [ -43.817566599999964, -22.666706099999942 ], [ -43.817564799999957, -22.666711 ], [ -43.817516799999964, -22.666844199999957 ], [ -43.817469, -22.667015599999957 ], [ -43.817416499999979, -22.667194299999949 ], [ -43.817374499999971, -22.667357199999969 ], [ -43.817321499999935, -22.66751869999996 ], [ -43.817266099999983, -22.667633699999953 ], [ -43.817171199999962, -22.667843 ], [ -43.817079199999966, -22.668043599999976 ], [ -43.816988199999969, -22.668198699999948 ], [ -43.816905799999972, -22.668319599999961 ], [ -43.816835799999978, -22.66839269999997 ], [ -43.816806299999939, -22.66844709999998 ], [ -43.81678519999997, -22.668575799999928 ], [ -43.816775499999949, -22.66868009999996 ], [ -43.816813299999978, -22.66882389999995 ], [ -43.816826, -22.668926499999941 ], [ -43.816870499999936, -22.66910009999998 ], [ -43.816920299999936, -22.669232699999952 ], [ -43.816953099999978, -22.66932369999995 ], [ -43.81697029999998, -22.669464699999935 ], [ -43.816945699999962, -22.669584099999952 ], [ -43.816880499999968, -22.669720299999938 ], [ -43.816881099999932, -22.66979809999998 ], [ -43.816915, -22.669864099999927 ], [ -43.817008299999941, -22.669972399999949 ], [ -43.817081299999984, -22.67009429999996 ], [ -43.81717939999993, -22.670168199999978 ], [ -43.817254099999957, -22.670235499999933 ], [ -43.817282399999954, -22.67033 ], [ -43.817283599999939, -22.670344899999975 ], [ -43.817291199999943, -22.67044379999993 ], [ -43.817329899999947, -22.670612499999947 ], [ -43.817365199999983, -22.670824699999969 ], [ -43.817388899999969, -22.670950499999947 ], [ -43.81736589999997, -22.67107429999993 ], [ -43.817316099999971, -22.671161299999937 ], [ -43.81726059999994, -22.671325099999933 ], [ -43.817221299999972, -22.671456 ], [ -43.817165199999977, -22.671596 ], [ -43.81715719999994, -22.671638099999939 ], [ -43.817158699999936, -22.671679299999937 ], [ -43.817168799999934, -22.671717 ], [ -43.817212899999959, -22.671868199999949 ], [ -43.817261199999962, -22.671993199999974 ], [ -43.817328499999974, -22.672109499999976 ], [ -43.81736589999997, -22.672164199999941 ], [ -43.81736669999998, -22.672196499999927 ], [ -43.817352599999936, -22.672242199999971 ], [ -43.817280599999947, -22.672472199999959 ], [ -43.817197399999941, -22.672578399999963 ], [ -43.817079899999953, -22.67261689999998 ], [ -43.817016299999977, -22.672636699999941 ], [ -43.816983299999947, -22.672668399999964 ], [ -43.816974, -22.672708599999964 ], [ -43.816962299999943, -22.672752299999956 ], [ -43.816948899999943, -22.672772799999962 ], [ -43.816926499999965, -22.672803199999976 ], [ -43.816882899999939, -22.672862299999963 ], [ -43.816867099999968, -22.672902199999953 ], [ -43.816844799999956, -22.672959099999957 ], [ -43.816823899999974, -22.673012399999948 ], [ -43.816810399999952, -22.673057 ], [ -43.816791899999942, -22.673117799999943 ], [ -43.816780699999981, -22.673154699999941 ], [ -43.816764299999932, -22.673223099999973 ], [ -43.816751299999964, -22.67327389999997 ], [ -43.816741, -22.673322499999983 ], [ -43.816731199999936, -22.673385 ], [ -43.816730399999983, -22.673447899999928 ], [ -43.816727499999956, -22.673496099999966 ], [ -43.816707299999962, -22.673534299999972 ], [ -43.816696799999931, -22.673560599999973 ], [ -43.81669409999995, -22.673569799999939 ], [ -43.816687399999978, -22.673592599999949 ], [ -43.816687199999933, -22.673628099999974 ], [ -43.816688599999964, -22.673654899999974 ], [ -43.816701599999931, -22.673692499999959 ], [ -43.816725799999972, -22.67371449999996 ], [ -43.816790699999956, -22.67373589999994 ], [ -43.816821599999969, -22.67375439999995 ], [ -43.816847099999961, -22.673773599999947 ], [ -43.816876399999956, -22.673803699999951 ], [ -43.816901199999961, -22.673826 ], [ -43.816944099999944, -22.673861 ], [ -43.816984399999967, -22.673888599999941 ], [ -43.817021099999977, -22.673916299999973 ], [ -43.817057499999976, -22.673933799999929 ], [ -43.817101699999967, -22.673948699999983 ], [ -43.817170699999963, -22.673986 ], [ -43.817214099999944, -22.674010599999974 ], [ -43.817240499999969, -22.674041 ], [ -43.817262199999959, -22.674077499999953 ], [ -43.817271499999947, -22.674119399999938 ], [ -43.817272399999979, -22.674193 ], [ -43.817260199999964, -22.674269 ], [ -43.817246199999943, -22.674324399999932 ], [ -43.81723779999993, -22.674386799999979 ], [ -43.817237599999942, -22.674423499999932 ], [ -43.81724909999997, -22.674455299999977 ], [ -43.817283299999986, -22.674475 ], [ -43.81733429999997, -22.674483299999963 ], [ -43.81734119999993, -22.674483699999939 ], [ -43.817450599999972, -22.674489799999947 ], [ -43.817511799999977, -22.674490799999944 ], [ -43.817525399999965, -22.674490899999967 ], [ -43.817568199999982, -22.674491099999955 ], [ -43.817622699999959, -22.674492899999962 ], [ -43.817700099999968, -22.674500399999943 ], [ -43.817704899999967, -22.674501199999952 ], [ -43.817758799999979, -22.674510599999962 ], [ -43.817829699999947, -22.67454239999995 ], [ -43.817855799999961, -22.674571499999956 ], [ -43.817870199999959, -22.67458819999996 ], [ -43.81789, -22.674629099999947 ], [ -43.817905499999938, -22.674668099999963 ], [ -43.817939299999978, -22.674687099999971 ], [ -43.81796769999994, -22.674692199999981 ], [ -43.81801669999993, -22.674697099999946 ], [ -43.818055299999969, -22.674707499999954 ], [ -43.818077799999969, -22.674715399999968 ], [ -43.818099299999972, -22.674725499999965 ], [ -43.818141199999957, -22.67479579999997 ], [ -43.818238899999983, -22.674989299999936 ], [ -43.81834, -22.675229399999978 ], [ -43.81841849999995, -22.675414399999966 ], [ -43.818529399999932, -22.675637799999947 ], [ -43.818601, -22.675724 ], [ -43.818658699999958, -22.675805299999979 ], [ -43.818777299999965, -22.676032799999973 ], [ -43.818893799999955, -22.676269199999979 ], [ -43.819001599999979, -22.676429199999973 ], [ -43.819132099999933, -22.676638099999934 ], [ -43.819239299999936, -22.676815199999965 ], [ -43.819351599999948, -22.677004799999963 ], [ -43.819387499999948, -22.677113499999962 ], [ -43.819394599999953, -22.677202899999941 ], [ -43.81940579999997, -22.677286199999969 ], [ -43.819429099999979, -22.677351699999974 ], [ -43.81948019999993, -22.677467399999955 ], [ -43.81949549999996, -22.677576599999952 ], [ -43.819499, -22.677662099999964 ], [ -43.819529, -22.677731699999981 ], [ -43.81953939999994, -22.677755899999966 ], [ -43.819570899999974, -22.677811399999939 ], [ -43.819572699999981, -22.677832599999931 ], [ -43.81958179999998, -22.67793649999993 ], [ -43.819572499999936, -22.677981 ], [ -43.819594399999971, -22.678021299999955 ], [ -43.819632, -22.678060099999982 ], [ -43.819666599999948, -22.678092299999946 ], [ -43.819694299999981, -22.678155 ], [ -43.819699799999967, -22.678177299999959 ], [ -43.819699899999932, -22.678211899999951 ], [ -43.819681699999933, -22.678282299999978 ], [ -43.819670499999972, -22.678315 ], [ -43.81967, -22.67833509999997 ], [ -43.819687599999952, -22.678453799999943 ], [ -43.819698099999982, -22.678494199999932 ], [ -43.819718399999942, -22.678540699999928 ], [ -43.819751, -22.678541799999948 ], [ -43.819778799999938, -22.678554199999951 ], [ -43.81979, -22.678571699999964 ], [ -43.819790799999964, -22.678592099999946 ], [ -43.819792399999983, -22.678609399999971 ], [ -43.819808599999931, -22.678641099999936 ], [ -43.819823299999939, -22.678683399999954 ], [ -43.819853, -22.678719099999967 ], [ -43.819881599999974, -22.678744299999948 ], [ -43.81990339999993, -22.678780299999971 ], [ -43.81991679999993, -22.678812599999958 ], [ -43.81991759999994, -22.67885339999998 ], [ -43.819917399999952, -22.678929 ], [ -43.819922499999961, -22.679009699999938 ], [ -43.819924299999968, -22.679154399999959 ], [ -43.819922099999985, -22.679396399999973 ], [ -43.819899, -22.679593499999953 ], [ -43.819861, -22.679700299999979 ], [ -43.81977269999993, -22.679773799999964 ], [ -43.819674599999985, -22.679855 ], [ -43.81962139999996, -22.679907299999968 ], [ -43.819601199999966, -22.679944 ], [ -43.81959059999997, -22.679979099999969 ], [ -43.819575199999974, -22.679994699999952 ], [ -43.819550699999979, -22.680010399999958 ], [ -43.819468499999971, -22.680036299999983 ], [ -43.819413499999939, -22.680055099999947 ], [ -43.819354399999952, -22.680074599999955 ], [ -43.819311399999947, -22.680087599999979 ], [ -43.819249899999932, -22.680109099999981 ], [ -43.819190699999979, -22.680124899999953 ], [ -43.819129199999963, -22.680130499999962 ], [ -43.819056899999964, -22.680137599999966 ], [ -43.818995899999948, -22.680155599999978 ], [ -43.81894449999993, -22.680173599999932 ], [ -43.818857699999967, -22.680191799999932 ], [ -43.818684799999971, -22.68024029999998 ], [ -43.818452399999956, -22.680334499999958 ], [ -43.818237599999975, -22.680408199999931 ], [ -43.818028, -22.680475299999955 ], [ -43.817813, -22.680554899999947 ], [ -43.817697499999952, -22.680604499999959 ], [ -43.817497799999956, -22.680720099999974 ], [ -43.817393099999947, -22.680788499999949 ], [ -43.817325299999936, -22.680825199999958 ], [ -43.817279099999951, -22.680851599999983 ], [ -43.817237699999964, -22.680884899999967 ], [ -43.817199799999969, -22.680944099999977 ], [ -43.817169, -22.681024099999945 ], [ -43.817129299999976, -22.681117099999938 ], [ -43.81707229999995, -22.681179099999952 ], [ -43.816993199999956, -22.681248899999957 ], [ -43.81689659999995, -22.68129689999995 ], [ -43.816816499999959, -22.68136039999996 ], [ -43.816755599999965, -22.681410099999937 ], [ -43.816710199999932, -22.681455699999958 ], [ -43.816629599999942, -22.681513399999972 ], [ -43.81656449999997, -22.681549099999927 ], [ -43.816502899999932, -22.681586299999935 ], [ -43.816473599999938, -22.681597899999929 ], [ -43.816429399999947, -22.681615499999964 ], [ -43.816267399999958, -22.681690299999957 ], [ -43.816183799999976, -22.681718799999942 ], [ -43.815999899999952, -22.681774899999937 ], [ -43.815820499999973, -22.681823599999973 ], [ -43.815691199999947, -22.681759099999965 ], [ -43.815471599999967, -22.681710599999974 ], [ -43.815424099999973, -22.681699 ], [ -43.815259199999957, -22.681658899999945 ], [ -43.815010299999983, -22.681660399999942 ], [ -43.814893099999949, -22.681668 ], [ -43.814988299999982, -22.681711699999937 ], [ -43.815245, -22.681757199999936 ], [ -43.815771299999938, -22.681919599999958 ], [ -43.816092699999956, -22.682041399999946 ], [ -43.816584199999966, -22.682351199999971 ], [ -43.816883299999972, -22.682652599999983 ], [ -43.817377299999976, -22.683004299999936 ], [ -43.817801499999973, -22.683589499999982 ], [ -43.818455899999947, -22.683936899999935 ], [ -43.818709799999965, -22.684169699999927 ], [ -43.819337399999938, -22.684484599999962 ], [ -43.820375699999943, -22.684908299999961 ], [ -43.820780599999978, -22.685136499999942 ], [ -43.821147899999971, -22.685396399999945 ], [ -43.821584, -22.685793599999954 ], [ -43.821837199999948, -22.686013 ], [ -43.822071699999981, -22.68615049999994 ], [ -43.822704299999941, -22.686280099999976 ], [ -43.823500599999932, -22.686408799999981 ], [ -43.824741699999947, -22.686576299999956 ], [ -43.825567899999953, -22.686665199999936 ], [ -43.8262, -22.686711299999956 ], [ -43.826974899999982, -22.686696299999937 ], [ -43.828546, -22.686575699999935 ], [ -43.829214399999955, -22.686628199999973 ], [ -43.82973149999998, -22.686782199999982 ], [ -43.830346599999984, -22.68686189999994 ], [ -43.831251399999985, -22.687154 ], [ -43.831964199999959, -22.687174299999981 ], [ -43.83237, -22.687087 ], [ -43.833663899999976, -22.686149599999965 ], [ -43.834331, -22.68582379999998 ], [ -43.83494769999993, -22.685708099999943 ], [ -43.835660699999949, -22.685698299999956 ], [ -43.836486299999933, -22.685779399999944 ], [ -43.837230199999965, -22.685950099999957 ], [ -43.838215299999945, -22.686333 ], [ -43.839328599999931, -22.686897099999953 ], [ -43.840039299999944, -22.687157799999966 ], [ -43.841230799999948, -22.687158599999975 ], [ -43.841748799999948, -22.687013899999954 ], [ -43.843329299999937, -22.686442299999953 ], [ -43.843853299999978, -22.686334099999954 ], [ -43.844303099999934, -22.686434399999939 ], [ -43.844655399999965, -22.686645899999974 ], [ -43.845666299999948, -22.687396 ], [ -43.846110599999975, -22.687766799999963 ], [ -43.847303499999953, -22.688678599999946 ], [ -43.847604599999954, -22.68889409999997 ], [ -43.847756299999958, -22.689096799999959 ], [ -43.847856, -22.689405799999975 ], [ -43.847866899999985, -22.689631099999929 ], [ -43.847814, -22.689844199999982 ], [ -43.847676499999977, -22.69017 ], [ -43.84764679999995, -22.69030719999995 ], [ -43.847617199999945, -22.690444299999967 ], [ -43.847626399999967, -22.690713799999969 ], [ -43.848090799999966, -22.691425599999945 ], [ -43.848194299999932, -22.691667199999927 ], [ -43.848272599999973, -22.692014099999938 ], [ -43.848680799999954, -22.692694599999982 ], [ -43.84910009999993, -22.693036399999983 ], [ -43.849472099999957, -22.693204699999967 ], [ -43.850054899999975, -22.69339709999997 ], [ -43.850844199999983, -22.693584499999929 ], [ -43.85120569999998, -22.69362 ], [ -43.851681099999951, -22.693629899999962 ], [ -43.852460399999984, -22.693558099999962 ], [ -43.853421199999957, -22.693381599999952 ], [ -43.854574599999978, -22.693060699999933 ], [ -43.854949199999965, -22.692920399999934 ], [ -43.856006499999978, -22.692424799999969 ], [ -43.856915699999945, -22.692082899999946 ], [ -43.857411799999966, -22.691966 ], [ -43.858193099999937, -22.691715599999952 ], [ -43.858775499999979, -22.691628599999945 ], [ -43.858866199999966, -22.69163489999994 ], [ -43.85895679999993, -22.69164109999997 ], [ -43.85912959999996, -22.691709699999933 ], [ -43.859467799999948, -22.691863799999965 ], [ -43.859792099999936, -22.692047199999934 ], [ -43.860105799999985, -22.692142899999965 ], [ -43.860256099999958, -22.692160799999954 ], [ -43.860540799999967, -22.692194599999937 ], [ -43.86079239999998, -22.692175799999973 ], [ -43.861496899999963, -22.692013799999927 ], [ -43.862021699999957, -22.69175649999994 ], [ -43.862439199999983, -22.691479 ], [ -43.862690599999951, -22.691312499999981 ], [ -43.86305109999995, -22.691229899999939 ], [ -43.863352599999985, -22.69122 ], [ -43.863453, -22.69126179999995 ], [ -43.863966499999947, -22.692425299999968 ], [ -43.864110399999959, -22.692810899999927 ], [ -43.864224399999955, -22.693299499999966 ], [ -43.864227099999937, -22.693484199999943 ], [ -43.864174699999978, -22.693673799999942 ], [ -43.864092099999937, -22.69386309999993 ], [ -43.863866199999961, -22.69424609999993 ], [ -43.86352039999997, -22.694592199999931 ], [ -43.863156099999969, -22.694878299999971 ], [ -43.862940299999934, -22.695177799999954 ], [ -43.862758, -22.695581 ], [ -43.862708299999952, -22.695751799999982 ], [ -43.862726499999951, -22.695939299999964 ], [ -43.863005099999953, -22.696508599999959 ], [ -43.863272099999961, -22.696745 ], [ -43.863969599999962, -22.69717849999995 ], [ -43.864319399999943, -22.697434699999974 ], [ -43.864497099999937, -22.697620399999948 ], [ -43.864608699999962, -22.697801899999945 ], [ -43.864668499999937, -22.698045099999945 ], [ -43.864683599999978, -22.698166299999968 ], [ -43.864715399999966, -22.698422499999936 ], [ -43.864764699999967, -22.698581499999932 ], [ -43.865071899999975, -22.699119199999927 ], [ -43.86551, -22.699637199999927 ], [ -43.865644799999984, -22.699709199999972 ], [ -43.865841699999976, -22.699757499999976 ], [ -43.866210599999931, -22.699975199999983 ], [ -43.866828899999973, -22.700168099999928 ], [ -43.867734399999961, -22.700356399999976 ], [ -43.868085299999962, -22.700512 ], [ -43.868678699999975, -22.700954299999978 ], [ -43.869381699999963, -22.701522299999965 ], [ -43.869753, -22.701863 ], [ -43.870086899999933, -22.702071099999955 ], [ -43.870296199999984, -22.702164499999981 ], [ -43.870488399999942, -22.702196299999969 ], [ -43.870718499999953, -22.702210699999966 ], [ -43.871037, -22.702198099999976 ], [ -43.871174899999971, -22.702136 ], [ -43.871264199999985, -22.701994599999978 ], [ -43.871313799999939, -22.701797099999965 ], [ -43.871321099999932, -22.70172249999996 ], [ -43.871340199999963, -22.701489399999957 ], [ -43.87134889999993, -22.701225099999931 ], [ -43.871451099999945, -22.700851599999964 ], [ -43.871639399999935, -22.700583299999948 ], [ -43.871823199999938, -22.700428099999954 ], [ -43.872117299999957, -22.700234 ], [ -43.872294199999942, -22.700183799999934 ], [ -43.872431, -22.700186099999939 ], [ -43.872619099999952, -22.70024449999994 ], [ -43.873233299999981, -22.700699199999974 ], [ -43.873694499999942, -22.701083499999982 ], [ -43.874654199999952, -22.701733599999955 ], [ -43.874801299999945, -22.701770799999963 ], [ -43.874867, -22.701763899999946 ], [ -43.874952399999984, -22.701751799999954 ], [ -43.875007899999957, -22.701811499999963 ], [ -43.875032699999963, -22.701875199999961 ], [ -43.875074199999972, -22.701945 ], [ -43.875132599999972, -22.701994899999931 ], [ -43.875233199999968, -22.702059199999951 ], [ -43.87528889999993, -22.702126799999974 ], [ -43.875293799999952, -22.702193499999964 ], [ -43.875294799999949, -22.702291399999979 ], [ -43.875363099999959, -22.702354499999956 ], [ -43.875583099999972, -22.702484899999945 ], [ -43.875784899999985, -22.702566299999944 ], [ -43.87587659999997, -22.702634699999976 ], [ -43.875938899999937, -22.702727599999946 ], [ -43.875978799999984, -22.702861899999959 ], [ -43.876181699999961, -22.703160699999955 ], [ -43.876379199999974, -22.703370499999949 ], [ -43.87653679999994, -22.703542499999969 ], [ -43.876601899999969, -22.703727599999979 ], [ -43.876671, -22.70392419999996 ], [ -43.876793, -22.704088199999944 ], [ -43.876906199999951, -22.704162799999949 ], [ -43.87698359999996, -22.70417539999994 ], [ -43.877044299999966, -22.704154199999948 ], [ -43.877089799999965, -22.704138299999954 ], [ -43.877158099999974, -22.704156299999966 ], [ -43.877228199999934, -22.704207899999972 ], [ -43.877305899999953, -22.704340499999944 ], [ -43.877400399999942, -22.70447889999997 ], [ -43.87766419999997, -22.704630599999973 ], [ -43.878066599999954, -22.704983199999958 ], [ -43.878179499999931, -22.705133399999966 ], [ -43.878491599999961, -22.705486 ], [ -43.878554599999973, -22.70560439999997 ], [ -43.878671699999984, -22.705713699999933 ], [ -43.87888449999997, -22.706040599999938 ], [ -43.879124899999965, -22.706309199999964 ], [ -43.879363199999943, -22.706491599999936 ], [ -43.879791299999965, -22.706937 ], [ -43.880000499999937, -22.707202799999948 ], [ -43.880460299999982, -22.707479699999965 ], [ -43.880598299999974, -22.707595499999968 ], [ -43.880756599999984, -22.707900699999982 ], [ -43.880889799999977, -22.708082299999944 ], [ -43.881106699999975, -22.708336399999951 ], [ -43.881535199999973, -22.70865109999994 ], [ -43.881711199999984, -22.708747899999935 ], [ -43.881796, -22.708820699999933 ], [ -43.881963699999972, -22.709102599999937 ], [ -43.882017299999973, -22.709242499999959 ], [ -43.882103399999949, -22.709411799999941 ], [ -43.882256599999948, -22.709608699999933 ], [ -43.882356399999935, -22.709802299999978 ], [ -43.882424599999979, -22.709943799999962 ], [ -43.882585099999972, -22.710149799999954 ], [ -43.883070099999941, -22.711020399999938 ], [ -43.883313299999941, -22.71081229999993 ], [ -43.88370249999997, -22.710724899999946 ], [ -43.88385349999993, -22.710538099999951 ], [ -43.88380449999994, -22.710130799999945 ], [ -43.884057399999961, -22.709726 ], [ -43.883952399999941, -22.709155799999962 ], [ -43.88397619999995, -22.708932199999936 ], [ -43.884044199999948, -22.70864789999996 ], [ -43.883986, -22.708104399999968 ], [ -43.883679799999982, -22.707628499999942 ], [ -43.883378899999968, -22.706894199999965 ], [ -43.882836299999951, -22.70621929999993 ], [ -43.882205799999952, -22.705584399999964 ], [ -43.88196709999994, -22.705277599999931 ], [ -43.881861, -22.704849799999977 ], [ -43.881908499999952, -22.704402699999946 ], [ -43.881845, -22.704117499999938 ], [ -43.881584099999941, -22.70385129999994 ], [ -43.881587399999944, -22.703444499999932 ], [ -43.881543299999976, -22.703126099999963 ], [ -43.881476799999973, -22.703002899999944 ], [ -43.881377, -22.702847 ], [ -43.881216799999947, -22.702722299999948 ], [ -43.881684499999949, -22.702285899999936 ], [ -43.882213899999954, -22.70188289999993 ], [ -43.882720199999937, -22.701622 ], [ -43.883386499999972, -22.701481099999967 ], [ -43.883795699999951, -22.701592299999959 ], [ -43.884341199999938, -22.70177659999996 ], [ -43.884762399999943, -22.701833699999952 ], [ -43.885557199999937, -22.701850699999966 ], [ -43.885912099999985, -22.701963199999966 ], [ -43.886306199999979, -22.70211269999993 ], [ -43.886976499999946, -22.702319 ], [ -43.887804599999981, -22.702563199999929 ], [ -43.888356399999964, -22.702768699999979 ], [ -43.889578599999936, -22.703162299999974 ], [ -43.890031399999941, -22.703385499999968 ], [ -43.891192799999942, -22.703980399999978 ], [ -43.891330099999948, -22.704109699999947 ], [ -43.891604099999938, -22.704441699999961 ], [ -43.891902899999934, -22.704794699999979 ], [ -43.892286699999943, -22.70531109999996 ], [ -43.893088199999966, -22.70648239999997 ], [ -43.893365099999983, -22.707349199999953 ], [ -43.893881299999975, -22.708706499999948 ], [ -43.894321, -22.709499199999982 ], [ -43.895329599999968, -22.710145399999931 ], [ -43.897479499999974, -22.711036599999943 ], [ -43.898204, -22.711718399999938 ], [ -43.899378499999955, -22.710982299999955 ], [ -43.900209199999949, -22.710467499999936 ], [ -43.90086139999994, -22.710063299999945 ], [ -43.901539299999968, -22.709578099999931 ], [ -43.902124799999967, -22.709261199999958 ], [ -43.902311599999962, -22.709185699999978 ], [ -43.902782699999932, -22.708995399999935 ], [ -43.903329, -22.709016 ], [ -43.904152599999975, -22.709158499999944 ], [ -43.904806199999939, -22.709433299999944 ], [ -43.906060399999944, -22.709779699999956 ], [ -43.907169, -22.710108199999979 ], [ -43.908083799999986, -22.710369399999934 ], [ -43.908719899999937, -22.710559599999954 ], [ -43.909409, -22.710952799999973 ], [ -43.909969199999978, -22.711531 ], [ -43.910256499999946, -22.712056599999983 ], [ -43.910760099999948, -22.712870899999928 ], [ -43.911120199999971, -22.713414 ], [ -43.91153689999993, -22.713704 ], [ -43.912008799999967, -22.713926799999967 ], [ -43.912555499999939, -22.713896699999964 ], [ -43.913012, -22.713764699999956 ], [ -43.913524399999972, -22.713481 ], [ -43.914012099999979, -22.712856699999975 ], [ -43.914162199999964, -22.712300299999981 ], [ -43.914351299999964, -22.711423099999934 ], [ -43.914500099999941, -22.711035599999946 ], [ -43.914939799999956, -22.710717599999953 ], [ -43.914798599999983, -22.710327199999938 ], [ -43.914550399999939, -22.709498799999949 ], [ -43.914370099999985, -22.709038199999952 ], [ -43.914019499999938, -22.708629 ], [ -43.913611899999978, -22.708271899999943 ], [ -43.913260499999978, -22.707967699999983 ], [ -43.913188899999966, -22.707812799999942 ], [ -43.913065699999947, -22.707546399999956 ], [ -43.913012099999946, -22.707165499999974 ], [ -43.913099599999953, -22.706847299999936 ], [ -43.913242299999979, -22.706690799999933 ], [ -43.913554399999953, -22.706601 ], [ -43.913993699999935, -22.706525299999953 ], [ -43.914672799999948, -22.706543 ], [ -43.915211399999976, -22.706441699999971 ], [ -43.915807299999983, -22.706235699999979 ], [ -43.915949799999964, -22.706118599999968 ], [ -43.916085599999974, -22.70587 ], [ -43.916116899999963, -22.705796499999963 ], [ -43.91625629999993, -22.705469799999946 ], [ -43.91637019999996, -22.705185699999959 ], [ -43.916484199999957, -22.704912299999933 ], [ -43.916596699999957, -22.704809499999953 ], [ -43.916758, -22.70471989999993 ], [ -43.916912499999967, -22.704610899999977 ], [ -43.917102199999931, -22.704450299999962 ], [ -43.917273299999977, -22.704029199999979 ], [ -43.91727179999998, -22.703817899999933 ], [ -43.917271599999935, -22.703700099999935 ], [ -43.917364599999985, -22.703500599999927 ], [ -43.917500699999948, -22.703243099999952 ], [ -43.917616099999975, -22.703004499999963 ], [ -43.917752099999973, -22.702766099999963 ], [ -43.918059199999959, -22.702362899999969 ], [ -43.918093299999953, -22.702327099999934 ], [ -43.91813389999993, -22.702257 ], [ -43.91824749999995, -22.70207019999998 ], [ -43.91842239999994, -22.701797599999963 ], [ -43.918522199999984, -22.701642099999958 ], [ -43.918564199999935, -22.70158379999998 ], [ -43.918601399999943, -22.701455099999976 ], [ -43.918604399999936, -22.701363799999967 ], [ -43.918595899999957, -22.701277799999957 ], [ -43.918575899999951, -22.701202499999965 ], [ -43.918544699999984, -22.701126699999975 ], [ -43.918536, -22.701105599999948 ], [ -43.918476, -22.700997799999982 ], [ -43.918327499999975, -22.700873499999943 ], [ -43.918267499999956, -22.70077109999994 ], [ -43.918267599999979, -22.700728099999935 ], [ -43.918276099999957, -22.700722799999937 ], [ -43.918290399999933, -22.700717499999939 ], [ -43.918307599999935, -22.700706899999943 ], [ -43.918344799999943, -22.700674799999945 ], [ -43.918376199999955, -22.700632 ], [ -43.918384899999978, -22.700594399999943 ], [ -43.918384899999978, -22.700567499999977 ], [ -43.918379199999947, -22.700540699999976 ], [ -43.918376299999977, -22.700529899999935 ], [ -43.918364899999972, -22.700503 ], [ -43.918347799999935, -22.700476 ], [ -43.91833349999996, -22.700443699999937 ], [ -43.918325, -22.700416799999971 ], [ -43.918325, -22.700400699999932 ], [ -43.918330699999956, -22.700373799999966 ], [ -43.918356499999959, -22.700336299999947 ], [ -43.91838219999994, -22.700315 ], [ -43.918470899999932, -22.700234799999976 ], [ -43.918536699999947, -22.700165199999958 ], [ -43.91857959999993, -22.700100899999939 ], [ -43.918619699999965, -22.700025899999957 ], [ -43.918634099999963, -22.69996679999997 ], [ -43.918645599999934, -22.699913099999947 ], [ -43.918662799999936, -22.699854 ], [ -43.918993, -22.69929819999993 ], [ -43.919235399999934, -22.699004499999944 ], [ -43.919363099999941, -22.698861 ], [ -43.919542299999932, -22.698739199999977 ], [ -43.919629799999939, -22.69870839999993 ], [ -43.91991, -22.698629499999981 ], [ -43.920324899999969, -22.698566599999936 ], [ -43.920599799999934, -22.698535399999969 ], [ -43.920672, -22.698547699999949 ], [ -43.920728599999961, -22.69855739999997 ], [ -43.920854499999962, -22.698584799999935 ], [ -43.920917499999973, -22.698606499999983 ], [ -43.920983299999932, -22.698628299999939 ], [ -43.921117799999934, -22.698698799999931 ], [ -43.92116649999997, -22.698731199999941 ], [ -43.921278, -22.69881769999995 ], [ -43.921353699999941, -22.698878299999933 ], [ -43.921459599999935, -22.698932499999955 ], [ -43.921621199999947, -22.698988099999951 ], [ -43.921701399999961, -22.699009899999965 ], [ -43.921813099999952, -22.699026499999945 ], [ -43.922025, -22.699054299999943 ], [ -43.922208399999931, -22.699081899999953 ], [ -43.922375699999975, -22.69907829999994 ], [ -43.922519, -22.699084299999981 ], [ -43.922702499999957, -22.699079599999948 ], [ -43.922777, -22.699090699999942 ], [ -43.922842899999978, -22.699123199999974 ], [ -43.922908699999937, -22.699166599999955 ], [ -43.92296319999997, -22.699177499999962 ], [ -43.922997599999974, -22.69917229999993 ], [ -43.923066499999948, -22.699151099999938 ], [ -43.923164099999951, -22.699103 ], [ -43.923238799999979, -22.699060299999928 ], [ -43.923330699999951, -22.698990699999968 ], [ -43.923439899999948, -22.698888899999929 ], [ -43.923503199999971, -22.698813799999982 ], [ -43.923517599999968, -22.698803099999964 ], [ -43.923529099999939, -22.698797799999966 ], [ -43.923549199999968, -22.698797899999931 ], [ -43.923563499999943, -22.698808699999972 ], [ -43.923640099999943, -22.698880299999928 ], [ -43.923654799999952, -22.698897099999954 ], [ -43.923667699999953, -22.698910599999977 ], [ -43.923677699999985, -22.698926799999981 ], [ -43.923679499999935, -22.698938099999964 ], [ -43.923664499999973, -22.699077399999965 ], [ -43.923663, -22.699104299999931 ], [ -43.923667199999954, -22.699133899999936 ], [ -43.92367, -22.699144699999977 ], [ -43.923680099999956, -22.699155499999961 ], [ -43.923697299999958, -22.699166299999945 ], [ -43.923701699999981, -22.699168099999952 ], [ -43.923695399999986, -22.699203099999977 ], [ -43.923692499999959, -22.699224699999945 ], [ -43.923683799999935, -22.699246099999982 ], [ -43.923660799999936, -22.699278299999946 ], [ -43.923581099999979, -22.699359699999945 ], [ -43.92345169999993, -22.699558099999933 ], [ -43.923411199999975, -22.699676199999942 ], [ -43.923411099999953, -22.699735399999952 ], [ -43.923413699999969, -22.699864399999967 ], [ -43.923436299999935, -22.700025799999935 ], [ -43.923497, -22.700177499999938 ], [ -43.923588499999937, -22.700290699999982 ], [ -43.92362849999995, -22.700323199999957 ], [ -43.923654299999953, -22.700350199999946 ], [ -43.923694299999966, -22.700393399999939 ], [ -43.923720099999969, -22.700415 ], [ -43.923742899999979, -22.700452699999971 ], [ -43.923754299999985, -22.700490399999978 ], [ -43.923759899999936, -22.700538799999947 ], [ -43.923757, -22.700576399999932 ], [ -43.923739599999976, -22.700651499999935 ], [ -43.923716499999955, -22.700726599999939 ], [ -43.923696299999961, -22.700785599999961 ], [ -43.923673099999974, -22.700871499999948 ], [ -43.923615499999983, -22.701027 ], [ -43.923575, -22.701161099999979 ], [ -43.923554399999944, -22.701538 ], [ -43.923588099999961, -22.701817299999959 ], [ -43.923650699999939, -22.702021499999944 ], [ -43.923779199999956, -22.702243099999976 ], [ -43.924188699999945, -22.702766099999963 ], [ -43.924348599999973, -22.702960099999927 ], [ -43.924445499999933, -22.703143 ], [ -43.924468199999978, -22.703196799999944 ], [ -43.92447379999993, -22.703271799999982 ], [ -43.924473499999976, -22.703389799999968 ], [ -43.92446179999996, -22.703475399999945 ], [ -43.924456, -22.703529 ], [ -43.924438599999974, -22.703593199999943 ], [ -43.924427, -22.703668199999981 ], [ -43.924432499999966, -22.703732499999944 ], [ -43.924478199999953, -22.703807799999936 ], [ -43.924563899999953, -22.703872699999977 ], [ -43.924689699999931, -22.70392709999993 ], [ -43.924821299999962, -22.703960199999983 ], [ -43.925279899999964, -22.70422039999994 ], [ -43.925457, -22.704382299999963 ], [ -43.925845699999968, -22.704685099999949 ], [ -43.925971499999946, -22.704771699999981 ], [ -43.92612029999998, -22.704837 ], [ -43.926246299999946, -22.704859299999953 ], [ -43.926424, -22.704860599999961 ], [ -43.926664799999969, -22.704862299999945 ], [ -43.927192799999943, -22.70481209999997 ], [ -43.927273099999979, -22.704823399999952 ], [ -43.927347599999962, -22.704834699999935 ], [ -43.927427799999975, -22.704867399999955 ], [ -43.927502199999935, -22.704921499999955 ], [ -43.927565099999981, -22.704986299999973 ], [ -43.927622199999973, -22.705072399999949 ], [ -43.927679099999978, -22.705212199999949 ], [ -43.92771879999998, -22.705330299999957 ], [ -43.927792899999986, -22.705470199999979 ], [ -43.927901199999951, -22.705685299999971 ], [ -43.928061099999979, -22.705900899999961 ], [ -43.928158199999984, -22.70600879999995 ], [ -43.928307199999949, -22.706084899999951 ], [ -43.928617, -22.706151599999941 ], [ -43.92893829999997, -22.706207699999936 ], [ -43.929168, -22.70623089999998 ], [ -43.929321499999958, -22.706285699999967 ], [ -43.929504899999984, -22.706389 ], [ -43.92970269999995, -22.706519199999946 ], [ -43.929845499999942, -22.70661089999993 ], [ -43.929917199999977, -22.706638299999952 ], [ -43.929997599999979, -22.706665799999939 ], [ -43.930075099999954, -22.706693199999961 ], [ -43.930132399999934, -22.706736499999977 ], [ -43.930178099999978, -22.706795799999952 ], [ -43.930234699999971, -22.706870699999968 ], [ -43.930274699999984, -22.706924599999979 ], [ -43.930340199999932, -22.70705369999996 ], [ -43.930414, -22.707274 ], [ -43.930461499999979, -22.707579799999962 ], [ -43.930509499999971, -22.707778399999938 ], [ -43.930540699999938, -22.707885799999929 ], [ -43.930546199999981, -22.707928699999968 ], [ -43.93054879999994, -22.707998299999929 ], [ -43.930548699999974, -22.708035799999948 ], [ -43.930545499999937, -22.7081 ], [ -43.930539499999952, -22.708169599999962 ], [ -43.930533399999945, -22.708228399999939 ], [ -43.930533, -22.708324799999957 ], [ -43.930558599999983, -22.708389299999965 ], [ -43.930598599999939, -22.708453899999938 ], [ -43.930718599999977, -22.708610199999953 ], [ -43.930787199999941, -22.708696499999974 ], [ -43.930838799999947, -22.708729099999971 ], [ -43.930887499999983, -22.708756299999948 ], [ -43.93095059999996, -22.708778299999949 ], [ -43.93098509999993, -22.708794699999942 ], [ -43.931339399999956, -22.709091399999977 ], [ -43.931508399999984, -22.709216099999935 ], [ -43.931588799999986, -22.709248899999977 ], [ -43.931653899999958, -22.709269799999959 ], [ -43.931685499999958, -22.709270099999969 ], [ -43.931728599999985, -22.709270499999946 ], [ -43.931766, -22.709276199999977 ], [ -43.931809099999953, -22.709287299999971 ], [ -43.931857799999932, -22.709319899999969 ], [ -43.931912199999942, -22.709363199999927 ], [ -43.931960799999956, -22.709422599999982 ], [ -43.932006699999931, -22.709460499999977 ], [ -43.932072499999947, -22.709514599999977 ], [ -43.932118399999979, -22.709547199999975 ], [ -43.932204399999932, -22.709606899999983 ], [ -43.932276199999933, -22.709639699999968 ], [ -43.93238539999993, -22.709662099999946 ], [ -43.932471699999951, -22.709657599999957 ], [ -43.932635799999957, -22.709637799999939 ], [ -43.932695099999933, -22.709637099999952 ], [ -43.932772799999952, -22.709637899999962 ], [ -43.93285039999995, -22.70965469999993 ], [ -43.932910799999945, -22.709666 ], [ -43.933000299999946, -22.709699299999954 ], [ -43.933014199999946, -22.709704399999964 ], [ -43.933146399999941, -22.709737799999971 ], [ -43.933288499999946, -22.709777899999949 ], [ -43.933472299999949, -22.709876099999974 ], [ -43.933574399999941, -22.709929399999965 ], [ -43.934364099999982, -22.710208299999977 ], [ -43.934666299999947, -22.71028089999993 ], [ -43.934746799999971, -22.710319199999958 ], [ -43.934815699999945, -22.710362699999962 ], [ -43.934881699999949, -22.710411499999964 ], [ -43.934927499999958, -22.710465499999941 ], [ -43.934953299999961, -22.71049789999995 ], [ -43.934964699999966, -22.710514099999955 ], [ -43.934981799999946, -22.710546399999942 ], [ -43.934998899999982, -22.710578699999928 ], [ -43.935016099999984, -22.710600299999953 ], [ -43.93503329999993, -22.710621899999978 ], [ -43.935059099999933, -22.710638199999948 ], [ -43.935087899999985, -22.710649199999978 ], [ -43.935131099999978, -22.710649599999954 ], [ -43.935197399999936, -22.710650299999941 ], [ -43.935250499999938, -22.710644099999968 ], [ -43.935365699999977, -22.710672 ], [ -43.935406, -22.710672399999964 ], [ -43.935429099999965, -22.710678 ], [ -43.935463599999935, -22.710694399999966 ], [ -43.935509499999966, -22.710727 ], [ -43.935621699999956, -22.710771 ], [ -43.935752399999956, -22.710792199999958 ], [ -43.935985599999981, -22.710864199999946 ], [ -43.936172699999929, -22.710925 ], [ -43.936313899999959, -22.710947899999951 ], [ -43.936394699999937, -22.71094869999996 ], [ -43.936452399999951, -22.710944 ], [ -43.936541599999941, -22.710905899999943 ], [ -43.936680499999966, -22.710832299999936 ], [ -43.936805199999981, -22.710806299999945 ], [ -43.936937899999975, -22.710796899999934 ], [ -43.937012799999934, -22.710808399999962 ], [ -43.937081699999965, -22.710851899999966 ], [ -43.937144899999964, -22.710906099999931 ], [ -43.937230899999975, -22.710981899999979 ], [ -43.937339899999984, -22.711079299999938 ], [ -43.937408799999957, -22.71113349999996 ], [ -43.937546899999973, -22.711199199999953 ], [ -43.937662299999943, -22.711200399999939 ], [ -43.937725799999953, -22.711201 ], [ -43.937818299999947, -22.711169899999959 ], [ -43.93808619999993, -22.710924599999942 ], [ -43.938445899999977, -22.710665899999981 ], [ -43.938741899999968, -22.710517599999946 ], [ -43.938928099999941, -22.71043119999996 ], [ -43.939121599999964, -22.710358499999927 ], [ -43.939387499999953, -22.710347899999931 ], [ -43.939780199999973, -22.710362 ], [ -43.939999399999977, -22.710393499999952 ], [ -43.940289599999971, -22.710499899999945 ], [ -43.940574, -22.710608799999932 ], [ -43.94090209999996, -22.71072 ], [ -43.941125899999975, -22.710748499999966 ], [ -43.941412499999956, -22.710741399999961 ], [ -43.941682699999944, -22.710695599999951 ], [ -43.941883699999948, -22.710696 ], [ -43.942178499999955, -22.710703099999932 ], [ -43.942372599999942, -22.710707299999967 ], [ -43.942627199999947, -22.710748799999976 ], [ -43.942852699999946, -22.71077669999994 ], [ -43.94302689999995, -22.710825399999976 ], [ -43.94327409999994, -22.710837199999958 ], [ -43.943450899999959, -22.710816199999954 ], [ -43.943718899999965, -22.710751099999982 ], [ -43.943981599999972, -22.710670099999959 ], [ -43.944137799999964, -22.710604599999954 ], [ -43.944276, -22.710525699999948 ], [ -43.944398599999943, -22.710455 ], [ -43.944546, -22.710335399999963 ], [ -43.944761699999958, -22.710156 ], [ -43.944894, -22.710003299999983 ], [ -43.945012199999951, -22.709787099999971 ], [ -43.945206599999949, -22.70937239999995 ], [ -43.945356699999934, -22.70908929999996 ], [ -43.945519199999978, -22.708836599999927 ], [ -43.945751299999984, -22.708636799999965 ], [ -43.945895, -22.70848559999996 ], [ -43.94603989999996, -22.708272699999952 ], [ -43.946162, -22.708096099999977 ], [ -43.94628119999993, -22.707939 ], [ -43.946325199999933, -22.707881 ], [ -43.946569299999965, -22.70753469999994 ], [ -43.946407399999941, -22.707228799999939 ], [ -43.946224299999983, -22.707056499999965 ], [ -43.946222699999964, -22.706894699999964 ], [ -43.946222599999942, -22.706600599999945 ], [ -43.94625069999995, -22.706265 ], [ -43.946343799999966, -22.705940299999952 ], [ -43.946493199999964, -22.70555319999994 ], [ -43.946653599999934, -22.705194399999982 ], [ -43.946777299999951, -22.705030699999952 ], [ -43.946879099999933, -22.70487769999994 ], [ -43.947015299999975, -22.704651899999931 ], [ -43.94714, -22.704467399999942 ], [ -43.947248, -22.704313499999955 ], [ -43.947334199999943, -22.704159199999935 ], [ -43.947416099999941, -22.703994499999965 ], [ -43.947477699999979, -22.703797899999927 ], [ -43.947548099999949, -22.703527399999928 ], [ -43.947595, -22.703255899999931 ], [ -43.947663199999965, -22.702963499999953 ], [ -43.94768879999998, -22.702701399999967 ], [ -43.947693699999945, -22.70248689999994 ], [ -43.947669699999949, -22.70232969999995 ], [ -43.94763219999993, -22.702151599999979 ], [ -43.947571099999948, -22.702015499999959 ], [ -43.947447899999929, -22.701795499999946 ], [ -43.947331299999973, -22.701664099999959 ], [ -43.947277099999951, -22.701585899999941 ], [ -43.947144399999956, -22.701432899999929 ], [ -43.947046099999966, -22.701323399999978 ], [ -43.946931199999938, -22.701229 ], [ -43.946788099999935, -22.701139699999942 ], [ -43.946482199999934, -22.700981399999932 ], [ -43.946255399999984, -22.700887799999975 ], [ -43.946137399999941, -22.700794 ], [ -43.945849099999975, -22.700450299999943 ], [ -43.945736799999963, -22.700349599999981 ], [ -43.945560799999953, -22.70009779999998 ], [ -43.945447299999955, -22.699932199999978 ], [ -43.945128, -22.69946589999995 ], [ -43.944838599999969, -22.699054 ], [ -43.944819799999948, -22.699022799999966 ], [ -43.944814199999939, -22.699001199999941 ], [ -43.944817099999966, -22.698990299999934 ], [ -43.94484, -22.698959 ], [ -43.944878299999971, -22.698927699999956 ], [ -43.944884299999956, -22.69890689999994 ], [ -43.944889199999977, -22.698873 ], [ -43.94489029999994, -22.698826199999928 ], [ -43.944881299999963, -22.698789799999929 ], [ -43.944865299999947, -22.698756 ], [ -43.944820899999968, -22.698688499999946 ], [ -43.944750399999975, -22.698600299999953 ], [ -43.944655499999953, -22.698488699999928 ], [ -43.944600699999967, -22.698449899999957 ], [ -43.944533399999955, -22.698408499999971 ], [ -43.944452099999978, -22.698367599999983 ], [ -43.944373, -22.698337399999957 ], [ -43.944147099999952, -22.698217099999965 ], [ -43.944029599999965, -22.698123899999928 ], [ -43.943926499999975, -22.697987599999976 ], [ -43.943820899999935, -22.697863199999972 ], [ -43.943640499999958, -22.697728799999936 ], [ -43.943483499999957, -22.697667 ], [ -43.94332339999994, -22.697620699999959 ], [ -43.943249299999934, -22.697584699999936 ], [ -43.943214099999977, -22.69754329999995 ], [ -43.943206299999986, -22.697522499999934 ], [ -43.943206799999984, -22.697501799999941 ], [ -43.94321309999998, -22.697470599999974 ], [ -43.943255499999964, -22.697406499999943 ], [ -43.943267099999957, -22.697385699999927 ], [ -43.943267699999979, -22.697359799999958 ], [ -43.943265799999949, -22.697323499999982 ], [ -43.943220499999939, -22.697207699999979 ], [ -43.943106099999966, -22.696990299999982 ], [ -43.943019499999934, -22.696778 ], [ -43.942964399999937, -22.696643399999971 ], [ -43.942944099999977, -22.696560599999941 ], [ -43.942941, -22.696457 ], [ -43.942970499999944, -22.696411499999954 ], [ -43.943064, -22.696173499999929 ], [ -43.94309579999998, -22.696072299999969 ], [ -43.943142099999932, -22.695924399999967 ], [ -43.943307, -22.695583099999965 ], [ -43.943432799999982, -22.695485799999972 ], [ -43.943551, -22.695423 ], [ -43.943641399999933, -22.695389699999964 ], [ -43.943938799999955, -22.695331499999952 ], [ -43.943981, -22.695331299999964 ], [ -43.944045699999947, -22.695305099999928 ], [ -43.944142399999976, -22.695216399999936 ], [ -43.944331599999941, -22.695101399999942 ], [ -43.944405199999949, -22.695049199999971 ], [ -43.944562899999937, -22.694970599999976 ], [ -43.944830399999944, -22.694801499999983 ], [ -43.944920599999932, -22.694721199999947 ], [ -43.945179, -22.694445799999983 ], [ -43.945283899999936, -22.69435459999994 ], [ -43.945383399999969, -22.694276199999933 ], [ -43.945504599999936, -22.694229 ], [ -43.945589, -22.694210399999974 ], [ -43.945692599999973, -22.694217799999933 ], [ -43.945819, -22.694209699999931 ], [ -43.945920199999932, -22.694203899999934 ], [ -43.946002199999953, -22.694180099999983 ], [ -43.946087399999954, -22.694135399999936 ], [ -43.946136399999943, -22.694080399999962 ], [ -43.946194199999979, -22.694001699999944 ], [ -43.946221, -22.693936399999927 ], [ -43.946222099999943, -22.693884099999934 ], [ -43.946217699999977, -22.693821399999933 ], [ -43.946191099999965, -22.69374849999997 ], [ -43.946143099999972, -22.693633699999964 ], [ -43.946105799999941, -22.69353469999993 ], [ -43.94609319999995, -22.693469399999969 ], [ -43.946094799999969, -22.693398799999954 ], [ -43.946113299999979, -22.693330499999945 ], [ -43.946154599999943, -22.693254099999933 ], [ -43.94623, -22.693164499999966 ], [ -43.946299299999964, -22.693108699999982 ], [ -43.946371, -22.693058399999927 ], [ -43.946468699999969, -22.692976499999929 ], [ -43.946643499999936, -22.692790499999944 ], [ -43.946658599999978, -22.692774399999962 ], [ -43.946698, -22.692732399999954 ], [ -43.94686059999998, -22.692559399999936 ], [ -43.94738469999993, -22.692089199999941 ], [ -43.947706, -22.691892399999972 ], [ -43.947933599999942, -22.691658299999972 ], [ -43.948126799999955, -22.691388399999937 ], [ -43.948254299999974, -22.691080699999929 ], [ -43.948349699999937, -22.690828199999942 ], [ -43.948445699999979, -22.690621399999941 ], [ -43.948527, -22.69051589999998 ], [ -43.948683799999969, -22.690315399999974 ], [ -43.948725299999978, -22.690210199999967 ], [ -43.948727399999939, -22.69009479999994 ], [ -43.948676399999954, -22.689780599999949 ], [ -43.948581399999966, -22.68939359999996 ], [ -43.948480899999936, -22.689006899999981 ], [ -43.948434099999986, -22.688807099999963 ], [ -43.948427099999947, -22.688777099999982 ], [ -43.948428299999932, -22.688709099999983 ], [ -43.948440499999947, -22.688662 ], [ -43.948464499999943, -22.688588599999946 ], [ -43.948478799999975, -22.688542799999937 ], [ -43.948511399999973, -22.688532499999951 ], [ -43.948893599999963, -22.688431399999956 ], [ -43.949039499999969, -22.688375199999939 ], [ -43.949314499999957, -22.688215899999932 ], [ -43.94958429999997, -22.688025299999936 ], [ -43.950077499999963, -22.687707199999977 ], [ -43.950377199999934, -22.687422199999958 ], [ -43.950801699999943, -22.687136199999941 ], [ -43.950974499999973, -22.686977799999966 ], [ -43.951383499999963, -22.686587499999973 ], [ -43.95177549999994, -22.686186899999939 ], [ -43.951942599999938, -22.686018299999944 ], [ -43.952218499999958, -22.685786 ], [ -43.952361699999983, -22.68570109999996 ], [ -43.952549799999986, -22.685647199999948 ], [ -43.952686599999936, -22.685604099999978 ], [ -43.95297729999993, -22.68552829999993 ], [ -43.953154, -22.685474399999976 ], [ -43.953313699999967, -22.68543109999996 ], [ -43.953525399999933, -22.685314299999959 ], [ -43.953639899999985, -22.685250599999961 ], [ -43.953703099999984, -22.685197799999969 ], [ -43.953743499999973, -22.685155599999973 ], [ -43.953849299999945, -22.684986899999956 ], [ -43.953885899999932, -22.684862399999929 ], [ -43.953925099999935, -22.684744199999955 ], [ -43.953979, -22.68464119999993 ], [ -43.954041599999982, -22.684523599999977 ], [ -43.954130199999952, -22.684442599999954 ], [ -43.95429409999997, -22.684386299999971 ], [ -43.954413899999963, -22.684364499999958 ], [ -43.954596099999947, -22.684361499999966 ], [ -43.95460079999998, -22.684361399999943 ], [ -43.95477829999993, -22.684405799999979 ], [ -43.954908599999953, -22.68448879999994 ], [ -43.95503309999998, -22.684582199999966 ], [ -43.955151699999931, -22.684675399999946 ], [ -43.955206399999952, -22.684745799999973 ], [ -43.955252299999984, -22.684820399999978 ], [ -43.95532419999995, -22.684912199999928 ], [ -43.955393699999945, -22.684955799999955 ], [ -43.955550899999935, -22.685014599999931 ], [ -43.955626399999971, -22.685048 ], [ -43.955722599999945, -22.685067299999957 ], [ -43.955757699999936, -22.685057799999981 ], [ -43.955921699999976, -22.685043499999949 ], [ -43.955994899999951, -22.685041299999966 ], [ -43.956093799999962, -22.685064799999964 ], [ -43.956166699999983, -22.68509419999998 ], [ -43.956222899999943, -22.685145299999931 ], [ -43.956244899999945, -22.685165299999937 ], [ -43.956325099999958, -22.685293 ], [ -43.956362, -22.685415499999976 ], [ -43.956400899999949, -22.685584 ], [ -43.956416699999977, -22.685720299999957 ], [ -43.95642689999994, -22.685856699999931 ], [ -43.956435699999986, -22.68609779999997 ], [ -43.956496399999935, -22.686189799999966 ], [ -43.956536899999946, -22.686211699999944 ], [ -43.956610099999978, -22.686220099999957 ], [ -43.95679389999998, -22.686252 ], [ -43.956901799999969, -22.686292799999933 ], [ -43.956998299999952, -22.686312199999975 ], [ -43.957106599999975, -22.686321299999975 ], [ -43.957203599999957, -22.68629889999994 ], [ -43.957342799999935, -22.686141099999929 ], [ -43.957381799999951, -22.686103 ], [ -43.95744069999995, -22.686045399999955 ], [ -43.95750309999994, -22.685980099999938 ], [ -43.957727699999964, -22.685820799999931 ], [ -43.958150599999954, -22.685346699999968 ], [ -43.958219199999974, -22.685271299999954 ], [ -43.958376299999941, -22.68489059999996 ], [ -43.958407, -22.684734699999979 ], [ -43.958444799999938, -22.684464199999979 ], [ -43.958514199999968, -22.684305199999983 ], [ -43.958612399999936, -22.684175799999934 ], [ -43.95863739999993, -22.684072399999934 ], [ -43.958647199999973, -22.683936299999971 ], [ -43.958772299999964, -22.683802 ], [ -43.958782299999939, -22.683782 ], [ -43.958817299999964, -22.683703199999968 ], [ -43.958786199999963, -22.683666899999935 ], [ -43.958743599999934, -22.683641199999954 ], [ -43.958689799999945, -22.68358429999995 ], [ -43.958688199999983, -22.683448399999975 ], [ -43.958683399999984, -22.683338699999979 ], [ -43.958696, -22.683207899999957 ], [ -43.958699699999954, -22.683119099999942 ], [ -43.958703199999945, -22.683045899999968 ], [ -43.958681299999967, -22.682936499999983 ], [ -43.958645099999956, -22.682837699999936 ], [ -43.958608599999934, -22.682765 ], [ -43.95854369999995, -22.682682199999931 ], [ -43.95848419999993, -22.68263589999998 ], [ -43.958390699999939, -22.682569099999967 ], [ -43.957998499999974, -22.682399299999929 ], [ -43.957960199999945, -22.68239049999994 ], [ -43.957947599999954, -22.682381499999963 ], [ -43.957901799999945, -22.682348799999943 ], [ -43.957837599999948, -22.682312599999932 ], [ -43.957760299999961, -22.682264099999941 ], [ -43.957628099999965, -22.682204799999965 ], [ -43.957569099999944, -22.682121199999983 ], [ -43.957498399999963, -22.682032199999981 ], [ -43.957437699999957, -22.681941699999982 ], [ -43.957445699999937, -22.681910899999934 ], [ -43.957471899999973, -22.681872399999975 ], [ -43.957522399999959, -22.681843599999979 ], [ -43.957619099999931, -22.68182029999997 ], [ -43.957708699999955, -22.681751599999927 ], [ -43.957752299999981, -22.681713099999968 ], [ -43.957836899999961, -22.681658899999945 ], [ -43.957846, -22.681659599999932 ], [ -43.957896, -22.681529199999943 ], [ -43.957897099999968, -22.681526199999951 ], [ -43.957894899999985, -22.681482899999935 ], [ -43.957842, -22.681388699999957 ], [ -43.95781379999994, -22.681312499999933 ], [ -43.957762499999944, -22.681236099999978 ], [ -43.957721899999967, -22.681161699999961 ], [ -43.957684799999981, -22.681118199999958 ], [ -43.95763489999996, -22.681059799999957 ], [ -43.957607499999938, -22.680992299999957 ], [ -43.957589599999949, -22.680917199999953 ], [ -43.957555799999966, -22.680791099999965 ], [ -43.957545, -22.680698 ], [ -43.957546, -22.680633799999953 ], [ -43.957546799999932, -22.680580899999939 ], [ -43.957551399999943, -22.68057239999996 ], [ -43.957557, -22.68056219999994 ], [ -43.957573599999932, -22.680531599999938 ], [ -43.957613699999968, -22.680451 ], [ -43.957635499999981, -22.680399899999941 ], [ -43.957673199999931, -22.680313899999931 ], [ -43.957702899999958, -22.680259199999966 ], [ -43.957727699999964, -22.680185899999969 ], [ -43.957827899999984, -22.679907299999968 ], [ -43.957855799999948, -22.679795299999967 ], [ -43.957858199999976, -22.679736599999956 ], [ -43.957840099999942, -22.679688899999974 ], [ -43.957798799999978, -22.679635699999949 ], [ -43.957765399999971, -22.679590399999938 ], [ -43.957736599999976, -22.67955139999998 ], [ -43.957738899999981, -22.679503599999975 ], [ -43.95775569999995, -22.679455899999937 ], [ -43.957773199999963, -22.679433899999935 ], [ -43.957818799999984, -22.679272199999957 ], [ -43.957899199999986, -22.679143599999975 ], [ -43.957911599999932, -22.679141799999968 ], [ -43.958025099999929, -22.679114099999936 ], [ -43.958042699999964, -22.679081 ], [ -43.958050799999967, -22.67904429999993 ], [ -43.95805619999993, -22.678958 ], [ -43.958066699999961, -22.678857 ], [ -43.958093, -22.678812899999969 ], [ -43.958118599999978, -22.67877059999995 ], [ -43.958207899999934, -22.678597899999943 ], [ -43.958312899999953, -22.67850969999995 ], [ -43.958347899999978, -22.678493099999969 ], [ -43.958371099999965, -22.678493099999969 ], [ -43.958398, -22.678513299999963 ], [ -43.958477, -22.678550099999939 ], [ -43.958544499999959, -22.678592199999969 ], [ -43.958600499999932, -22.678590399999962 ], [ -43.95872049999997, -22.678555499999959 ], [ -43.958743299999981, -22.678496699999982 ], [ -43.958757299999945, -22.678443399999935 ], [ -43.958786, -22.678351599999928 ], [ -43.958831399999951, -22.678239499999961 ], [ -43.95886889999997, -22.67812559999993 ], [ -43.958870599999955, -22.678057499999966 ], [ -43.958847399999968, -22.678035499999964 ], [ -43.958782199999973, -22.67797859999996 ], [ -43.958776, -22.677892299999939 ], [ -43.958798699999932, -22.677849799999933 ], [ -43.95890019999996, -22.677703 ], [ -43.958922399999949, -22.677607199999954 ], [ -43.958954499999948, -22.677563199999952 ], [ -43.958994799999971, -22.677471399999945 ], [ -43.958985499999983, -22.677456499999948 ], [ -43.958920399999954, -22.67736089999994 ], [ -43.958914099999959, -22.677291 ], [ -43.95891869999997, -22.677222799999981 ], [ -43.958929499999954, -22.67710859999994 ], [ -43.95893, -22.67710349999993 ], [ -43.958960899999965, -22.677013099999954 ], [ -43.959010499999977, -22.676996599999939 ], [ -43.959072299999946, -22.676994799999932 ], [ -43.959174699999949, -22.676998699999956 ], [ -43.959271499999943, -22.676991399999963 ], [ -43.95935, -22.676969299999939 ], [ -43.959411899999964, -22.676940099999968 ], [ -43.959510299999977, -22.67687559999996 ], [ -43.959533699999952, -22.676831599999957 ], [ -43.959544799999946, -22.676778199999944 ], [ -43.959546699999976, -22.67668249999997 ], [ -43.95954329999995, -22.676612599999942 ], [ -43.959530699999959, -22.676483899999937 ], [ -43.959503, -22.676356699999928 ], [ -43.959496699999931, -22.676275799999928 ], [ -43.959489899999937, -22.676168899999936 ], [ -43.959474899999975, -22.676099099999931 ], [ -43.959441799999979, -22.675997699999982 ], [ -43.959429499999942, -22.675993799999958 ], [ -43.959426599999972, -22.675982799999929 ], [ -43.959419799999978, -22.675875899999937 ], [ -43.959579699999949, -22.675728799999945 ], [ -43.95966379999993, -22.675609299999962 ], [ -43.959690099999932, -22.675554299999931 ], [ -43.95969539999993, -22.675511899999947 ], [ -43.959689, -22.675485899999956 ], [ -43.959681599999954, -22.675385799999958 ], [ -43.959692599999983, -22.675370799999939 ], [ -43.959723499999939, -22.675318699999934 ], [ -43.959728799999937, -22.675287099999935 ], [ -43.959742399999982, -22.67518 ], [ -43.959746, -22.675075799999945 ], [ -43.959748399999967, -22.675016699999958 ], [ -43.95975379999993, -22.674935699999935 ], [ -43.959763199999941, -22.674853299999938 ], [ -43.959762599999976, -22.674810699999966 ], [ -43.959787499999948, -22.674638899999934 ], [ -43.959742199999937, -22.674483699999939 ], [ -43.959709099999941, -22.674393 ], [ -43.959694099999979, -22.674300899999935 ], [ -43.959690199999955, -22.674215699999934 ], [ -43.959680399999968, -22.67410289999998 ], [ -43.959676499999944, -22.673984599999983 ], [ -43.959687299999985, -22.673866299999929 ], [ -43.959686199999965, -22.673764399999982 ], [ -43.959665399999949, -22.673683299999936 ], [ -43.959638599999948, -22.673635199999978 ], [ -43.959635499999933, -22.673609799999952 ], [ -43.959628799999962, -22.673555299999975 ], [ -43.959633699999983, -22.673436899999956 ], [ -43.959656, -22.673318499999937 ], [ -43.959678899999972, -22.673253699999975 ], [ -43.959684399999958, -22.673150599999929 ], [ -43.959690699999953, -22.672859899999935 ], [ -43.959705699999972, -22.672585599999934 ], [ -43.959722799999952, -22.672498799999971 ], [ -43.959725299999945, -22.672423099999946 ], [ -43.959733099999937, -22.672315499999968 ], [ -43.95973209999994, -22.67219689999996 ], [ -43.959716399999934, -22.672122299999955 ], [ -43.959691499999963, -22.672004799999968 ], [ -43.959682799999939, -22.671988299999953 ], [ -43.959632099999965, -22.67188079999994 ], [ -43.95958429999996, -22.671806099999969 ], [ -43.959528199999966, -22.671768899999961 ], [ -43.959418299999982, -22.67170079999994 ], [ -43.959356399999933, -22.671685499999967 ], [ -43.95931, -22.671597299999974 ], [ -43.959305599999936, -22.671588899999961 ], [ -43.959308599999986, -22.671561399999973 ], [ -43.959325199999967, -22.671431599999949 ], [ -43.959321099999954, -22.671389699999963 ], [ -43.959308299999975, -22.671298399999955 ], [ -43.959310099999982, -22.671207099999947 ], [ -43.959369299999935, -22.67118389999996 ], [ -43.959492199999943, -22.671150799999964 ], [ -43.959583499999951, -22.671133099999963 ], [ -43.959674299999961, -22.671056 ], [ -43.959758699999952, -22.670952599999964 ], [ -43.959781, -22.670894 ], [ -43.959809899999982, -22.670796099999961 ], [ -43.959855699999935, -22.670671699999957 ], [ -43.959881499999938, -22.670639599999959 ], [ -43.959943, -22.67059009999997 ], [ -43.960012699999936, -22.670530499999927 ], [ -43.96008889999996, -22.67047 ], [ -43.960125599999969, -22.670411199999933 ], [ -43.960208, -22.67027939999997 ], [ -43.960194899999976, -22.67010659999994 ], [ -43.960179699999969, -22.67008009999995 ], [ -43.960147599999971, -22.670052699999928 ], [ -43.960058799999956, -22.670005299999957 ], [ -43.959975799999938, -22.669930399999942 ], [ -43.959971899999971, -22.669833399999959 ], [ -43.959984899999938, -22.669731599999977 ], [ -43.960004799999979, -22.66973239999993 ], [ -43.960048699999959, -22.669732299999964 ], [ -43.960066299999937, -22.669722699999966 ], [ -43.960077399999932, -22.669716599999958 ], [ -43.960080399999981, -22.669700099999943 ], [ -43.960077, -22.669657099999938 ], [ -43.960082299999954, -22.669597499999952 ], [ -43.960081399999979, -22.669489399999975 ], [ -43.960113199999967, -22.669396799999959 ], [ -43.960130799999945, -22.66938579999993 ], [ -43.960145399999931, -22.669391299999972 ], [ -43.960189899999932, -22.669390399999941 ], [ -43.960195799999951, -22.669379399999968 ], [ -43.960197, -22.669311799999946 ], [ -43.960197799999946, -22.669265699999983 ], [ -43.960185099999933, -22.669185 ], [ -43.960217299999954, -22.669146499999954 ], [ -43.960313599999949, -22.669048299999929 ], [ -43.96032729999996, -22.668934599999943 ], [ -43.960344599999985, -22.668511899999942 ], [ -43.96033639999996, -22.668197199999952 ], [ -43.960314899999958, -22.668110899999931 ], [ -43.960305699999935, -22.668051299999945 ], [ -43.96029939999994, -22.667969699999958 ], [ -43.960301399999935, -22.667850399999963 ], [ -43.960315599999944, -22.667796099999975 ], [ -43.960329799999954, -22.66775279999996 ], [ -43.960358199999973, -22.667688299999952 ], [ -43.960360099999946, -22.667684 ], [ -43.960385099999939, -22.66762719999997 ], [ -43.960442799999953, -22.667480299999966 ], [ -43.960501, -22.667425899999955 ], [ -43.960580199999981, -22.66733789999995 ], [ -43.960670299999947, -22.66715789999995 ], [ -43.960692, -22.666908 ], [ -43.960703199999955, -22.666886599999941 ], [ -43.960711499999945, -22.666832299999953 ], [ -43.960734099999968, -22.666707299999928 ], [ -43.960767899999951, -22.666577199999949 ], [ -43.960802199999932, -22.666474 ], [ -43.960822299999961, -22.666381299999955 ], [ -43.96084529999996, -22.666337799999951 ], [ -43.960918799999945, -22.666266399999927 ], [ -43.961006299999951, -22.666206299999942 ], [ -43.961211299999945, -22.665997899999979 ], [ -43.961249099999975, -22.665927 ], [ -43.961298499999941, -22.665845099999956 ], [ -43.961363099999971, -22.665751799999953 ], [ -43.961453699999936, -22.665647899999954 ], [ -43.961497699999939, -22.66561489999998 ], [ -43.961529499999983, -22.66556049999997 ], [ -43.961530799999935, -22.665516899999943 ], [ -43.961532099999943, -22.665473299999974 ], [ -43.961543, -22.66534809999996 ], [ -43.961545099999967, -22.665261199999975 ], [ -43.961543, -22.665204 ], [ -43.961542899999984, -22.665201499999966 ], [ -43.961541099999977, -22.665152699999965 ], [ -43.961542299999962, -22.665125499999931 ], [ -43.96154359999997, -22.665095599999972 ], [ -43.96154649999994, -22.665070899999932 ], [ -43.961552, -22.665030199999933 ], [ -43.961554699999965, -22.664989299999945 ], [ -43.961556, -22.664970299999936 ], [ -43.961556, -22.664953899999944 ], [ -43.961552799999936, -22.664937599999973 ], [ -43.961549899999966, -22.664924 ], [ -43.961545299999955, -22.664902199999972 ], [ -43.961537499999963, -22.664842399999941 ], [ -43.961529799999937, -22.66480439999998 ], [ -43.961529599999949, -22.664796399999943 ], [ -43.961440899999957, -22.664546399999949 ], [ -43.961421599999937, -22.664530199999945 ], [ -43.961372199999971, -22.664454399999954 ], [ -43.961372, -22.664435399999945 ], [ -43.961376399999949, -22.66441889999993 ], [ -43.961385299999961, -22.664407899999958 ], [ -43.961399899999947, -22.664388699999961 ], [ -43.96141, -22.664372399999934 ], [ -43.961412899999971, -22.664361399999962 ], [ -43.961412699999983, -22.664342399999953 ], [ -43.961412699999983, -22.664326 ], [ -43.961408099999971, -22.664315199999976 ], [ -43.961405199999945, -22.664304299999969 ], [ -43.961397399999953, -22.664293599999951 ], [ -43.96138209999998, -22.664242099999967 ], [ -43.961347599999954, -22.664198799999951 ], [ -43.961324099999956, -22.664190699999949 ], [ -43.961312199999952, -22.664188099999933 ], [ -43.961307699999963, -22.664188099999933 ], [ -43.961300399999971, -22.664188099999933 ], [ -43.961276699999985, -22.664188399999944 ], [ -43.961245799999972, -22.664194 ], [ -43.961215, -22.664199499999938 ], [ -43.961201499999959, -22.664199699999983 ], [ -43.961178, -22.664199799999949 ], [ -43.961166, -22.6642 ], [ -43.961155699999949, -22.664197299999955 ], [ -43.961138099999971, -22.664191899999935 ], [ -43.961118799999952, -22.664183899999955 ], [ -43.961109699999952, -22.664173099999971 ], [ -43.961100899999963, -22.664162199999964 ], [ -43.961096299999951, -22.664154099999962 ], [ -43.961080099999947, -22.664140499999974 ], [ -43.961072599999966, -22.664132399999971 ], [ -43.961069599999973, -22.664126899999928 ], [ -43.96105179999995, -22.664094299999931 ], [ -43.961047099999973, -22.664083499999947 ], [ -43.961045699999943, -22.664083499999947 ], [ -43.961041, -22.664067199999977 ], [ -43.961035199999969, -22.664045299999941 ], [ -43.961033499999985, -22.664042699999982 ], [ -43.961001499999952, -22.663964 ], [ -43.960988799999939, -22.663923399999931 ], [ -43.960988799999939, -22.663912499999981 ], [ -43.960988799999939, -22.663904299999956 ], [ -43.960990199999969, -22.66389879999997 ], [ -43.960991499999977, -22.663890699999968 ], [ -43.960994399999947, -22.663882399999977 ], [ -43.960995899999944, -22.663879699999939 ], [ -43.96099879999997, -22.663877 ], [ -43.961004699999933, -22.663874199999952 ], [ -43.961027, -22.663874 ], [ -43.961061, -22.663890199999969 ], [ -43.961078699999973, -22.663895599999933 ], [ -43.961083299999984, -22.663898199999949 ], [ -43.961090699999943, -22.663900899999931 ], [ -43.961096599999962, -22.663900899999931 ], [ -43.961108299999978, -22.663898099999983 ], [ -43.961112699999944, -22.66389259999994 ], [ -43.96112009999996, -22.663884399999972 ], [ -43.961123, -22.663876099999982 ], [ -43.961124299999938, -22.663868 ], [ -43.961122799999941, -22.663846099999944 ], [ -43.961116699999934, -22.663827099999935 ], [ -43.961110799999972, -22.663821699999971 ], [ -43.961101799999938, -22.663819099999955 ], [ -43.961076799999944, -22.663819199999978 ], [ -43.96104269999995, -22.663819399999966 ], [ -43.961011599999949, -22.663819599999954 ], [ -43.960979299999963, -22.663817 ], [ -43.960958499999947, -22.663809 ], [ -43.96092589999995, -22.663801 ], [ -43.960909699999945, -22.663798299999939 ], [ -43.960900699999968, -22.66379569999998 ], [ -43.960891899999979, -22.66379029999996 ], [ -43.960881299999983, -22.663779499999976 ], [ -43.960875499999929, -22.663771299999951 ], [ -43.960866399999929, -22.663757699999962 ], [ -43.960862, -22.663746799999956 ], [ -43.96085439999996, -22.663722299999961 ], [ -43.960840699999949, -22.663673199999948 ], [ -43.960834599999941, -22.663648699999953 ], [ -43.96083, -22.663637899999969 ], [ -43.960821199999941, -22.663618799999938 ], [ -43.960816199999954, -22.663610699999936 ], [ -43.960807699999975, -22.663597 ], [ -43.960791299999983, -22.663578 ], [ -43.960773499999959, -22.663559 ], [ -43.960762899999963, -22.663539899999932 ], [ -43.960750899999937, -22.66352089999998 ], [ -43.960730099999978, -22.663496399999929 ], [ -43.960712199999932, -22.663480199999981 ], [ -43.960629199999971, -22.663381299999969 ], [ -43.960533799999951, -22.663289 ], [ -43.960450299999934, -22.66323 ], [ -43.960344699999951, -22.663150299999927 ], [ -43.960383799999931, -22.663134799999966 ], [ -43.960530299999959, -22.663060299999927 ], [ -43.960656899999947, -22.662964899999963 ], [ -43.960755499999948, -22.662851499999931 ], [ -43.960794799999974, -22.662814699999956 ], [ -43.960879299999931, -22.662735599999962 ], [ -43.961036899999954, -22.662638499999957 ], [ -43.961176399999943, -22.66259139999994 ], [ -43.961309799999981, -22.662579899999969 ], [ -43.961416399999962, -22.662590199999954 ], [ -43.961575899999957, -22.662618799999962 ], [ -43.961590899999976, -22.662621499999943 ], [ -43.961823899999956, -22.662654599999939 ], [ -43.962022399999967, -22.662638 ], [ -43.962204899999961, -22.662599299999954 ], [ -43.962237, -22.662587899999949 ], [ -43.962425699999983, -22.66257289999993 ], [ -43.962744499999985, -22.662458 ], [ -43.963015899999959, -22.662255199999947 ], [ -43.963055299999951, -22.662244899999962 ], [ -43.963208299999962, -22.662196499999936 ], [ -43.963462, -22.662104299999953 ], [ -43.963573, -22.662061599999959 ], [ -43.963746799999967, -22.661941399999932 ], [ -43.963829799999985, -22.661838299999943 ], [ -43.963917, -22.661739099999977 ], [ -43.964004599999953, -22.661682799999937 ], [ -43.964152299999967, -22.661666199999956 ], [ -43.964371, -22.661697799999956 ], [ -43.964407199999982, -22.661703 ], [ -43.964647699999944, -22.661785 ], [ -43.964830499999948, -22.661860499999932 ], [ -43.964926899999966, -22.661945199999934 ], [ -43.965004399999941, -22.662060199999928 ], [ -43.965102199999933, -22.662238799999955 ], [ -43.965206599999931, -22.662372499999947 ], [ -43.965399299999945, -22.662551699999938 ], [ -43.965569099999982, -22.662679899999944 ], [ -43.965785899999958, -22.662821199999939 ], [ -43.966029399999968, -22.662967499999979 ], [ -43.966245699999945, -22.66308429999998 ], [ -43.966479699999979, -22.663233 ], [ -43.966704299999947, -22.663373299999932 ], [ -43.966853399999934, -22.663446599999929 ], [ -43.966948099999968, -22.663480499999935 ], [ -43.96711449999998, -22.663501099999962 ], [ -43.967329799999959, -22.66346139999996 ], [ -43.967514799999947, -22.663399599999934 ], [ -43.967789699999969, -22.663280099999952 ], [ -43.968016399999954, -22.663136799999961 ], [ -43.968149399999959, -22.663040599999931 ], [ -43.968157799999972, -22.663034499999981 ], [ -43.968209299999955, -22.66299719999995 ], [ -43.968504499999938, -22.662789 ], [ -43.968692899999951, -22.662684599999977 ], [ -43.968788199999949, -22.662628499999983 ], [ -43.968870799999934, -22.662582099999952 ], [ -43.968953599999963, -22.662510199999929 ], [ -43.969031199999961, -22.662406199999964 ], [ -43.969218299999966, -22.662190299999963 ], [ -43.969442699999945, -22.66190359999996 ], [ -43.969585499999937, -22.661705 ], [ -43.969713899999931, -22.661552499999971 ], [ -43.96984539999994, -22.661445799999967 ], [ -43.969959699999947, -22.661381899999981 ], [ -43.970101199999931, -22.661351599999932 ], [ -43.970204499999966, -22.661354199999948 ], [ -43.970286599999952, -22.66137619999995 ], [ -43.970473599999934, -22.661457599999949 ], [ -43.970768599999985, -22.661635099999955 ], [ -43.970846199999983, -22.66168179999994 ], [ -43.97111689999997, -22.661851799999965 ], [ -43.971335599999975, -22.662010699999939 ], [ -43.971400499999959, -22.662063899999964 ], [ -43.971431799999948, -22.662105199999928 ], [ -43.971452599999964, -22.662146399999983 ], [ -43.971456399999965, -22.662203099999942 ], [ -43.971449699999937, -22.662248099999942 ], [ -43.971440899999948, -22.662302799999964 ], [ -43.971451, -22.662355699999978 ], [ -43.97148859999993, -22.662414599999977 ], [ -43.971586699999932, -22.662542299999927 ], [ -43.971716699999945, -22.662694599999952 ], [ -43.971838, -22.662814599999933 ], [ -43.971995199999981, -22.662952599999983 ], [ -43.972176099999956, -22.663122699999974 ], [ -43.972320699999955, -22.663235099999952 ], [ -43.972457, -22.663339599999972 ], [ -43.972547399999939, -22.663432799999953 ], [ -43.972643599999969, -22.663535099999933 ], [ -43.972765199999969, -22.663631699999939 ], [ -43.972859599999936, -22.663693 ], [ -43.972941599999956, -22.663732599999946 ], [ -43.973032599999954, -22.663774899999964 ], [ -43.973223699999949, -22.663874 ], [ -43.973416699999973, -22.664008199999955 ], [ -43.973578699999962, -22.664131199999929 ], [ -43.973625, -22.664169399999935 ], [ -43.973698199999944, -22.66422979999993 ], [ -43.973783899999944, -22.664328099999977 ], [ -43.973869499999978, -22.664442099999974 ], [ -43.97396759999998, -22.664579699999933 ], [ -43.974076199999956, -22.664741099999958 ], [ -43.974191399999938, -22.664930699999957 ], [ -43.974249599999951, -22.665050299999962 ], [ -43.974326599999984, -22.665183799999966 ], [ -43.974414299999978, -22.665297799999962 ], [ -43.974506499999961, -22.665374699999973 ], [ -43.97457339999994, -22.665425599999935 ], [ -43.974747, -22.665574699999979 ], [ -43.974797499999966, -22.66566279999995 ], [ -43.97489719999993, -22.665951699999937 ], [ -43.974962799999957, -22.66620439999997 ], [ -43.97501, -22.666395199999954 ], [ -43.975049199999944, -22.666520599999956 ], [ -43.975105599999949, -22.666591399999959 ], [ -43.975168399999973, -22.666644599999927 ], [ -43.97524379999993, -22.666711599999928 ], [ -43.975288299999931, -22.666773599999942 ], [ -43.975410899999986, -22.66682869999994 ], [ -43.976083499999959, -22.666833 ], [ -43.976582899999983, -22.66681669999997 ], [ -43.976991199999929, -22.667024099999935 ], [ -43.97727569999995, -22.667141 ], [ -43.977282099999968, -22.667138499999965 ], [ -43.977336899999955, -22.667136899999946 ], [ -43.977395899999976, -22.667152899999962 ], [ -43.977556, -22.66725219999995 ], [ -43.97776349999998, -22.667419699999982 ], [ -43.977872499999933, -22.667514299999937 ], [ -43.977955899999984, -22.667636099999982 ], [ -43.978001699999936, -22.667772 ], [ -43.978026599999964, -22.667832799999928 ], [ -43.978051599999958, -22.667862299999967 ], [ -43.978110399999935, -22.66789979999993 ], [ -43.978223599999978, -22.667944499999976 ], [ -43.978301699999975, -22.667975399999932 ], [ -43.978513199999952, -22.668024 ], [ -43.978629, -22.66804819999993 ], [ -43.978732, -22.668086099999982 ], [ -43.978998899999965, -22.668201199999942 ], [ -43.97927089999996, -22.668297299999949 ], [ -43.979432799999984, -22.668362899999977 ], [ -43.979615599999931, -22.668452099999968 ], [ -43.979821799999968, -22.668579199999954 ], [ -43.980096599999968, -22.668776499999979 ], [ -43.980397799999935, -22.668986799999971 ], [ -43.980403599999931, -22.668991399999982 ], [ -43.98053619999996, -22.669097199999953 ], [ -43.980680599999971, -22.669244799999944 ], [ -43.980710699999975, -22.669267299999944 ], [ -43.980791099999976, -22.669327199999941 ], [ -43.980877599999985, -22.669317799999931 ], [ -43.980956599999956, -22.66931029999995 ], [ -43.981065199999932, -22.669300899999939 ], [ -43.981101299999978, -22.669316599999945 ], [ -43.981202799999949, -22.669379799999945 ], [ -43.981291299999953, -22.669411299999979 ], [ -43.981384, -22.66943189999995 ], [ -43.981476699999973, -22.669452599999943 ], [ -43.981660699999964, -22.66953639999997 ], [ -43.981717099999969, -22.669551699999943 ], [ -43.981805399999985, -22.66956689999995 ], [ -43.981855799999948, -22.669565899999952 ], [ -43.981904899999961, -22.66954949999996 ], [ -43.981933699999956, -22.669527799999969 ], [ -43.981959599999982, -22.669500599999935 ], [ -43.981991099999959, -22.669457099999931 ], [ -43.98201819999997, -22.66944529999995 ], [ -43.98206689999995, -22.669431499999973 ], [ -43.982117599999981, -22.669417099999976 ], [ -43.982178399999952, -22.669400799999949 ], [ -43.982298199999946, -22.669378 ], [ -43.982405799999981, -22.669375099999968 ], [ -43.98243489999993, -22.669385899999952 ], [ -43.982486499999936, -22.66940569999997 ], [ -43.98255439999997, -22.669426399999963 ], [ -43.98264949999998, -22.669451599999945 ], [ -43.982697099999939, -22.669466899999975 ], [ -43.982770499999958, -22.669460499999957 ], [ -43.982808099999943, -22.66944959999995 ], [ -43.982831099999942, -22.66943329999998 ], [ -43.982832899999948, -22.669415599999979 ], [ -43.98283639999994, -22.669379 ], [ -43.982837099999983, -22.669340099999943 ], [ -43.982826899999964, -22.669281399999932 ], [ -43.982814799999971, -22.66923259999993 ], [ -43.982793, -22.669173799999953 ], [ -43.98277429999996, -22.669063699999981 ], [ -43.982769399999938, -22.669034599999975 ], [ -43.982766199999958, -22.669002 ], [ -43.982778699999983, -22.668905199999983 ], [ -43.982784299999935, -22.668878099999972 ], [ -43.982808099999943, -22.668828299999973 ], [ -43.982824799999946, -22.668752299999937 ], [ -43.982832099999939, -22.668715199999951 ], [ -43.982838499999957, -22.668670899999938 ], [ -43.982848699999977, -22.668622899999946 ], [ -43.982848199999978, -22.668574099999944 ], [ -43.982833199999959, -22.668509 ], [ -43.982809399999951, -22.668449399999929 ], [ -43.98278629999993, -22.668364199999928 ], [ -43.982762399999956, -22.668293699999936 ], [ -43.982750199999941, -22.668228599999964 ], [ -43.982728099999974, -22.66813389999993 ], [ -43.982725, -22.668120899999963 ], [ -43.982711199999983, -22.667991399999948 ], [ -43.98278849999997, -22.667877199999964 ], [ -43.98288059999993, -22.667790099999934 ], [ -43.982956499999943, -22.66772949999995 ], [ -43.983052499999985, -22.667647099999954 ], [ -43.983057199999962, -22.667582299999935 ], [ -43.98305849999997, -22.667564899999945 ], [ -43.983037399999944, -22.667381899999953 ], [ -43.983032899999955, -22.667312 ], [ -43.983039699999949, -22.667214899999976 ], [ -43.983053799999936, -22.667171399999972 ], [ -43.983085299999971, -22.667122499999948 ], [ -43.983166, -22.667062499999929 ], [ -43.983172699999955, -22.667061499999932 ], [ -43.983248199999935, -22.667050699999947 ], [ -43.98331, -22.667039 ], [ -43.983339, -22.667033499999945 ], [ -43.983369, -22.667038199999979 ], [ -43.98340109999998, -22.667054299999961 ], [ -43.983451699999932, -22.66709149999997 ], [ -43.983499499999937, -22.667128699999978 ], [ -43.983573299999932, -22.667165799999964 ], [ -43.983714499999962, -22.667164099999979 ], [ -43.983791599999961, -22.66714079999997 ], [ -43.983843799999931, -22.667129799999941 ], [ -43.983884099999955, -22.667102499999942 ], [ -43.983891099999937, -22.667081499999938 ], [ -43.983903899999973, -22.667042799999933 ], [ -43.983926599999961, -22.66698839999998 ], [ -43.984004399999947, -22.666917599999977 ], [ -43.984036, -22.666890399999943 ], [ -43.984059099999968, -22.666874 ], [ -43.984141, -22.666835099999957 ], [ -43.98418879999997, -22.666787199999931 ], [ -43.984189899999933, -22.666786099999968 ], [ -43.984283499999947, -22.666774299999929 ], [ -43.984377299999949, -22.666768 ], [ -43.98448929999995, -22.666766399999972 ], [ -43.984591899999941, -22.666781699999945 ], [ -43.984665599999971, -22.66680249999996 ], [ -43.984754499999951, -22.666822699999955 ], [ -43.984822299999962, -22.666843599999936 ], [ -43.984905499999968, -22.666874599999971 ], [ -43.984955899999932, -22.666901 ], [ -43.985033399999963, -22.666948299999945 ], [ -43.985081099999945, -22.666990899999973 ], [ -43.985122099999955, -22.667028699999946 ], [ -43.985178399999938, -22.667065899999955 ], [ -43.985258599999952, -22.667096899999933 ], [ -43.985308, -22.667102199999931 ], [ -43.985334899999941, -22.667101499999944 ], [ -43.985389899999973, -22.667090499999972 ], [ -43.985431299999959, -22.667089699999963 ], [ -43.985432299999957, -22.667090599999938 ], [ -43.985470199999952, -22.667126899999971 ], [ -43.985496699999942, -22.667164799999966 ], [ -43.985548199999982, -22.667173599999956 ], [ -43.985582499999964, -22.667179499999975 ], [ -43.985653199999945, -22.667216599999961 ], [ -43.985703699999931, -22.667253699999947 ], [ -43.985791899999981, -22.667301599999973 ], [ -43.985875, -22.667338 ], [ -43.985931799999946, -22.667363599999931 ], [ -43.986027, -22.667399299999943 ], [ -43.986074499999972, -22.667431 ], [ -43.986154, -22.667484299999956 ], [ -43.986240099999975, -22.667547699999943 ], [ -43.986273099999948, -22.667590299999972 ], [ -43.986323399999947, -22.667627399999958 ], [ -43.986430799999937, -22.667733299999952 ], [ -43.986511, -22.667785899999956 ], [ -43.986567199999968, -22.66783369999996 ], [ -43.986624199999937, -22.667908 ], [ -43.986674899999969, -22.667988299999934 ], [ -43.986715299999958, -22.668138299999953 ], [ -43.986718499999938, -22.668151499999965 ], [ -43.986731, -22.66820249999995 ], [ -43.986743799999942, -22.668261199999961 ], [ -43.986757799999964, -22.668308099999933 ], [ -43.986764699999981, -22.668331499999965 ], [ -43.986786299999949, -22.668401 ], [ -43.986846, -22.668448099999978 ], [ -43.986894, -22.668495099999973 ], [ -43.987003299999969, -22.668579899999941 ], [ -43.987063899999953, -22.668602799999974 ], [ -43.987221399999953, -22.668662099999949 ], [ -43.987274499999955, -22.668693699999949 ], [ -43.987362899999937, -22.668724399999974 ], [ -43.987403699999959, -22.668751399999962 ], [ -43.987465399999962, -22.668777599999942 ], [ -43.987553599999956, -22.668792099999962 ], [ -43.987609299999974, -22.668807399999935 ], [ -43.987720199999956, -22.668822699999964 ], [ -43.987819799999954, -22.668831799999964 ], [ -43.987884299999962, -22.668847099999937 ], [ -43.987922099999935, -22.668863299999941 ], [ -43.988011599999936, -22.668869 ], [ -43.988065199999937, -22.668872399999941 ], [ -43.988188, -22.668876 ], [ -43.988240799999971, -22.668886 ], [ -43.988289399999985, -22.668887299999938 ], [ -43.988346499999977, -22.668888799999934 ], [ -43.988395899999944, -22.668899599999975 ], [ -43.988440299999979, -22.668903299999954 ], [ -43.988522199999977, -22.668929399999968 ], [ -43.988560299999961, -22.668928599999958 ], [ -43.988624499999958, -22.668927699999983 ], [ -43.988708899999949, -22.668921399999931 ], [ -43.988776, -22.668915199999958 ], [ -43.988854599999968, -22.668908899999963 ], [ -43.988883699999974, -22.668914299999983 ], [ -43.98892189999998, -22.668935099999942 ], [ -43.988951899999961, -22.668955 ], [ -43.989004499999965, -22.668959499999971 ], [ -43.989030699999944, -22.668964899999935 ], [ -43.989060499999937, -22.668974 ], [ -43.989093299999979, -22.668999299999939 ], [ -43.989208599999984, -22.669053799999972 ], [ -43.989323299999967, -22.669085399999972 ], [ -43.98936139999995, -22.669091199999968 ], [ -43.989425399999959, -22.669091899999955 ], [ -43.989532799999949, -22.669071599999938 ], [ -43.989579399999968, -22.66904969999996 ], [ -43.989724799999976, -22.669024399999955 ], [ -43.98973129999996, -22.669022499999983 ], [ -43.989907799999969, -22.668971799999952 ], [ -43.989974199999949, -22.668929499999933 ], [ -43.990052599999956, -22.668874799999969 ], [ -43.990104499999973, -22.668837799999949 ], [ -43.990156399999933, -22.668784599999981 ], [ -43.99020239999993, -22.668742099999974 ], [ -43.99024, -22.668687 ], [ -43.990332599999931, -22.668628 ], [ -43.990367399999968, -22.668578299999979 ], [ -43.990413199999978, -22.668463399999951 ], [ -43.990453499999944, -22.668375399999945 ], [ -43.99048739999995, -22.668289799999968 ], [ -43.990522, -22.668207099999961 ], [ -43.99059989999995, -22.66810879999997 ], [ -43.990680499999939, -22.667933 ], [ -43.990752599999951, -22.667794899999933 ], [ -43.990793699999983, -22.667658199999948 ], [ -43.990808099999981, -22.667614 ], [ -43.990813699999933, -22.667597899999976 ], [ -43.990868, -22.667528799999957 ], [ -43.990945899999986, -22.667480699999942 ], [ -43.991026199999965, -22.66740649999997 ], [ -43.991095299999984, -22.667319899999939 ], [ -43.991199, -22.66721629999995 ], [ -43.991225199999974, -22.667187699999943 ], [ -43.99127969999995, -22.667128599999955 ], [ -43.991334199999983, -22.66706419999997 ], [ -43.99136249999998, -22.667005599999982 ], [ -43.991376099999968, -22.666908499999977 ], [ -43.991381199999978, -22.666838199999972 ], [ -43.991397799999959, -22.666763299999957 ], [ -43.991423, -22.666683099999943 ], [ -43.99143689999994, -22.666624299999967 ], [ -43.991438499999958, -22.666494899999975 ], [ -43.99143209999994, -22.666430499999933 ], [ -43.991411199999959, -22.666365299999939 ], [ -43.99138709999994, -22.66627909999994 ], [ -43.991383399999961, -22.666220099999975 ], [ -43.991475699999967, -22.666139399999963 ], [ -43.991553299999964, -22.666081199999951 ], [ -43.99158749999998, -22.66602789999996 ], [ -43.991633399999955, -22.665985499999977 ], [ -43.991699799999935, -22.665953399999978 ], [ -43.991760499999941, -22.665921899999944 ], [ -43.991826899999978, -22.66589579999993 ], [ -43.991953899999942, -22.665854199999956 ], [ -43.992078599999957, -22.665855599999929 ], [ -43.992151, -22.665850399999954 ], [ -43.992258099999958, -22.665830099999937 ], [ -43.99229859999997, -22.665819299999953 ], [ -43.99234169999994, -22.665787499999965 ], [ -43.99237039999997, -22.665755099999956 ], [ -43.992451199999948, -22.665723799999967 ], [ -43.992564099999981, -22.66570889999997 ], [ -43.992575599999952, -22.665703599999972 ], [ -43.99261329999996, -22.665704099999971 ], [ -43.992622099999949, -22.665714899999955 ], [ -43.992685799999947, -22.665721 ], [ -43.992755399999965, -22.66572709999997 ], [ -43.992830699999956, -22.66572739999998 ], [ -43.992888499999935, -22.665711899999962 ], [ -43.992917199999965, -22.665690799999936 ], [ -43.992931599999963, -22.66568019999994 ], [ -43.99294539999994, -22.665594399999975 ], [ -43.992965099999935, -22.665550099999962 ], [ -43.992976399999975, -22.665518 ], [ -43.993013699999949, -22.665480899999977 ], [ -43.99303969999994, -22.665481199999931 ], [ -43.993059599999981, -22.665447699999959 ], [ -43.993068299999948, -22.665433199999939 ], [ -43.993070799999941, -22.665395099999955 ], [ -43.993076199999962, -22.665352199999973 ], [ -43.993095599999947, -22.665255299999956 ], [ -43.993118, -22.665174499999978 ], [ -43.993143699999962, -22.665142599999967 ], [ -43.993172499999957, -22.665116 ], [ -43.993262099999981, -22.665084799999931 ], [ -43.993305299999975, -22.665069099999982 ], [ -43.993371699999955, -22.665053299999954 ], [ -43.99345, -22.665054099999963 ], [ -43.993562699999984, -22.665075899999977 ], [ -43.99370209999995, -22.66513109999994 ], [ -43.993766, -22.665158699999949 ], [ -43.993911199999957, -22.665240799999935 ], [ -43.993969399999969, -22.66526829999998 ], [ -43.994111399999952, -22.665318199999945 ], [ -43.994207, -22.665324599999963 ], [ -43.994299099999978, -22.665298299999961 ], [ -43.994446299999936, -22.665278 ], [ -43.994509699999981, -22.665257199999928 ], [ -43.994561499999975, -22.665214799999944 ], [ -43.994567699999948, -22.665206399999931 ], [ -43.994593, -22.665172299999938 ], [ -43.99464729999994, -22.665124099999957 ], [ -43.994721899999945, -22.665065399999946 ], [ -43.99478229999994, -22.665007 ], [ -43.994819599999971, -22.664964399999974 ], [ -43.994854, -22.664927199999966 ], [ -43.994905599999981, -22.664889799999969 ], [ -43.995015099999932, -22.664837299999931 ], [ -43.995043799999962, -22.664805399999977 ], [ -43.995086599999979, -22.664751699999954 ], [ -43.995129299999974, -22.664692699999932 ], [ -43.995177499999954, -22.664628 ], [ -43.995223399999929, -22.664574799999968 ], [ -43.99526359999993, -22.664532299999962 ], [ -43.995325799999932, -22.664461899999935 ], [ -43.995441899999946, -22.664375 ], [ -43.995548799999938, -22.664293 ], [ -43.995690099999933, -22.664200799999946 ], [ -43.995866799999931, -22.664078 ], [ -43.996025199999963, -22.663994199999934 ], [ -43.996299, -22.663792399999977 ], [ -43.996396399999981, -22.663686299999938 ], [ -43.996446099999957, -22.663599899999952 ], [ -43.996571899999935, -22.663397799999927 ], [ -43.996770099999935, -22.662777799999958 ], [ -43.996768299999985, -22.662702699999954 ], [ -43.996766599999944, -22.662662499999954 ], [ -43.996765099999948, -22.662627599999951 ], [ -43.996761899999967, -22.662605699999972 ], [ -43.996748099999934, -22.662512399999969 ], [ -43.996747299999981, -22.66250679999996 ], [ -43.996738099999959, -22.662442299999952 ], [ -43.996726199999955, -22.662394 ], [ -43.996708799999965, -22.662323899999933 ], [ -43.996689799999956, -22.662262 ], [ -43.99668209999993, -22.662184099999934 ], [ -43.996677499999976, -22.662122299999965 ], [ -43.996654, -22.661896099999979 ], [ -43.996624399999973, -22.661702699999978 ], [ -43.996596799999963, -22.661479699999973 ], [ -43.996588599999939, -22.661412499999983 ], [ -43.996570599999984, -22.661251199999981 ], [ -43.996557399999972, -22.66109 ], [ -43.996556799999951, -22.660939599999949 ], [ -43.996578299999953, -22.66058529999998 ], [ -43.996592699999951, -22.660532499999931 ], [ -43.996622, -22.660424699999965 ], [ -43.996656099999939, -22.660306799999944 ], [ -43.996690299999955, -22.660221199999967 ], [ -43.996734199999935, -22.660125199999982 ], [ -43.99678, -22.660050499999954 ], [ -43.996808699999974, -22.659997099999941 ], [ -43.996906599999932, -22.659965799999952 ], [ -43.997004599999968, -22.659945299999947 ], [ -43.99711979999995, -22.659903499999928 ], [ -43.997177399999941, -22.65989339999993 ], [ -43.997338099999979, -22.659906 ], [ -43.997418799999934, -22.659906799999931 ], [ -43.997562799999969, -22.659876099999963 ], [ -43.99792919999993, -22.659848 ], [ -43.997930699999984, -22.659847799999966 ], [ -43.998155499999939, -22.659850099999971 ], [ -43.998345699999959, -22.659830599999964 ], [ -43.998473299999944, -22.659790499999929 ], [ -43.998610799999938, -22.659747399999958 ], [ -43.998651099999961, -22.659758499999953 ], [ -43.998691399999984, -22.659715899999981 ], [ -43.998748899999953, -22.659652 ], [ -43.998777599999983, -22.65958779999994 ], [ -43.998823499999958, -22.65947 ], [ -43.998856399999966, -22.659341599999948 ], [ -43.998873399999979, -22.659159 ], [ -43.998873199999935, -22.659051399999953 ], [ -43.998906099999942, -22.658890799999938 ], [ -43.99895639999994, -22.658784099999934 ], [ -43.998996599999941, -22.658687699999973 ], [ -43.999031, -22.658612699999935 ], [ -43.99906569999996, -22.658548599999961 ], [ -43.99910019999993, -22.658495099999982 ], [ -43.999146199999984, -22.658409499999948 ], [ -43.999180699999954, -22.658323699999983 ], [ -43.999225199999955, -22.658195499999977 ], [ -43.999232699999936, -22.658162499999946 ], [ -43.999395899999968, -22.658211499999936 ], [ -43.999485299999947, -22.658250099999975 ], [ -43.999631699999952, -22.658321699999931 ], [ -43.999801, -22.658409699999936 ], [ -43.99985, -22.658426399999939 ], [ -43.999874499999976, -22.658437399999968 ], [ -43.999893899999961, -22.658451299999967 ], [ -43.999904, -22.658462099999952 ], [ -43.999915099999953, -22.658475799999962 ], [ -43.999923399999943, -22.658494799999971 ], [ -43.999930599999971, -22.65852179999996 ], [ -43.999932699999931, -22.658546199999932 ], [ -43.999938399999962, -22.658567799999958 ], [ -43.999948499999959, -22.658600099999944 ], [ -43.999962899999957, -22.658632499999953 ], [ -43.999997099999973, -22.658670599999937 ], [ -44.000000499999942, -22.658673799999974 ], [ -44.00004, -22.658711399999959 ], [ -44.000077399999952, -22.658746699999938 ], [ -44.000114799999949, -22.658774 ], [ -44.000189699999964, -22.658793499999945 ], [ -44.00025119999998, -22.658797 ], [ -44.000285299999973, -22.658797399999969 ], [ -44.000351499999965, -22.658792699999935 ], [ -44.000407199999984, -22.658785299999977 ], [ -44.000457599999947, -22.658780399999955 ], [ -44.000681799999938, -22.658834099999979 ], [ -44.001026, -22.658967 ], [ -44.001289399999962, -22.658996899999977 ], [ -44.00152479999997, -22.659000099999957 ], [ -44.001693, -22.659002199999975 ], [ -44.001852199999973, -22.659036399999934 ], [ -44.002080699999965, -22.659071299999937 ], [ -44.002291799999966, -22.659068499999933 ], [ -44.002474799999959, -22.659033699999952 ], [ -44.002657899999974, -22.658950599999969 ], [ -44.002891899999952, -22.658787 ], [ -44.003219899999976, -22.658459199999982 ], [ -44.003428799999938, -22.658194099999946 ], [ -44.003583599999956, -22.657902199999967 ], [ -44.003641899999934, -22.657736799999952 ], [ -44.003660099999934, -22.657619799999964 ], [ -44.00366409999998, -22.657378699999981 ], [ -44.003665099999978, -22.657218799999953 ], [ -44.003667699999937, -22.656726599999956 ], [ -44.003674699999976, -22.656054299999937 ], [ -44.003672499999936, -22.655934699999932 ], [ -44.003670099999965, -22.655802299999948 ], [ -44.003648899999973, -22.655460099999971 ], [ -44.003608099999951, -22.655118899999934 ], [ -44.003589099999942, -22.654991299999949 ], [ -44.003528499999959, -22.654649799999959 ], [ -44.003496899999959, -22.654489 ], [ -44.003469, -22.654285 ], [ -44.00346159999998, -22.654098699999963 ], [ -44.003448299999945, -22.65394989999993 ], [ -44.003417599999977, -22.653849199999968 ], [ -44.00332659999998, -22.653694299999927 ], [ -44.003247, -22.653587799999968 ], [ -44.003210099999933, -22.653485599999954 ], [ -44.003197299999954, -22.653370699999982 ], [ -44.003206299999931, -22.653279699999928 ], [ -44.003267299999948, -22.653124899999966 ], [ -44.003323099999932, -22.652955599999927 ], [ -44.003341399999954, -22.652807399999972 ], [ -44.003362399999958, -22.652560799999947 ], [ -44.003440599999976, -22.65237419999994 ], [ -44.003621799999962, -22.65210929999995 ], [ -44.003797899999938, -22.651816899999972 ], [ -44.003989199999978, -22.651776199999972 ], [ -44.004188299999953, -22.651909 ], [ -44.004520299999967, -22.652096699999959 ], [ -44.005152799999962, -22.652232199999958 ], [ -44.005478799999935, -22.652091 ], [ -44.005905299999938, -22.651919599999928 ], [ -44.006322599999976, -22.651837099999966 ], [ -44.006675499999972, -22.651602899999943 ], [ -44.007154499999956, -22.650998399999935 ], [ -44.007192799999984, -22.65021779999995 ], [ -44.007564499999944, -22.649531599999932 ], [ -44.00775989999994, -22.649022199999933 ], [ -44.008191499999953, -22.648856799999976 ], [ -44.008857699999965, -22.648726699999941 ], [ -44.009095599999966, -22.648728199999937 ], [ -44.009333599999934, -22.648729699999933 ], [ -44.009554399999956, -22.64867739999994 ], [ -44.009960799999931, -22.64895839999997 ], [ -44.010106599999972, -22.649275099999954 ], [ -44.010729899999944, -22.649569199999974 ], [ -44.011110099999939, -22.649863399999958 ], [ -44.011347699999931, -22.649920099999974 ], [ -44.011920399999951, -22.64926689999993 ], [ -44.012235699999962, -22.648920499999974 ], [ -44.012674599999968, -22.648768399999938 ], [ -44.013050599999985, -22.648654599999929 ], [ -44.013383699999963, -22.648055199999931 ], [ -44.013644899999974, -22.647578299999964 ], [ -44.013708299999962, -22.647026499999981 ], [ -44.01363189999995, -22.646084499999972 ], [ -44.01414, -22.645003899999949 ], [ -44.01467729999996, -22.644621299999983 ], [ -44.015233499999965, -22.64367539999995 ], [ -44.015594699999951, -22.642729399999951 ], [ -44.016167399999972, -22.641427799999974 ], [ -44.016694, -22.640588199999968 ], [ -44.016801499999985, -22.640535799999952 ], [ -44.017007799999931, -22.640435299999979 ], [ -44.017482, -22.640607599999953 ], [ -44.004197699999963, -22.629072199999939 ], [ -43.996227, -22.622150799999929 ], [ -43.996009, -22.621916099999964 ], [ -43.994938, -22.621101499999952 ], [ -43.994339499999967, -22.620773899999961 ], [ -43.994150199999979, -22.620127099999934 ], [ -43.994092, -22.619721899999945 ], [ -43.994144799999958, -22.619492099999945 ], [ -43.994304499999942, -22.619276399999933 ], [ -43.994393399999979, -22.619100399999979 ], [ -43.994355, -22.618577 ], [ -43.99429779999997, -22.61832 ], [ -43.994059, -22.617897599999935 ], [ -43.993788499999937, -22.617500699999937 ], [ -43.993520599999954, -22.617287599999941 ], [ -43.993282, -22.617180599999983 ], [ -43.992947899999933, -22.617100899999969 ], [ -43.992774699999984, -22.617000399999938 ], [ -43.992692799999929, -22.616804799999954 ], [ -43.992645899999957, -22.616544699999963 ], [ -43.992542399999934, -22.616336 ], [ -43.992300899999975, -22.616242199999931 ], [ -43.99212319999998, -22.616004299999929 ], [ -43.991913, -22.615674399999932 ], [ -43.991672699999981, -22.615520099999969 ], [ -43.991444299999955, -22.615388099999961 ], [ -43.991136099999949, -22.615324199999975 ], [ -43.990736599999934, -22.615311099999929 ], [ -43.990494899999931, -22.61525359999996 ], [ -43.989889, -22.615283399999953 ], [ -43.989568599999984, -22.615173099999936 ], [ -43.988571399999955, -22.614684799999964 ], [ -43.987963399999956, -22.614476399999944 ], [ -43.987597799999946, -22.614310499999931 ], [ -43.987103199999979, -22.613927 ], [ -43.98677379999998, -22.61377159999995 ], [ -43.986622099999977, -22.613690899999938 ], [ -43.986377799999957, -22.613257 ], [ -43.986112799999944, -22.61292549999996 ], [ -43.98593859999994, -22.612512299999935 ], [ -43.985901899999931, -22.612131499999975 ], [ -43.986023699999976, -22.611800599999981 ], [ -43.98626349999995, -22.611576299999967 ], [ -43.986093399999959, -22.611127599999975 ], [ -43.985760699999958, -22.610671199999956 ], [ -43.985737499999971, -22.610400399999946 ], [ -43.985822599999949, -22.610168399999964 ], [ -43.985838099999967, -22.609975 ], [ -43.985698799999966, -22.609804799999949 ], [ -43.985698799999966, -22.609394799999961 ], [ -43.985745299999962, -22.608706299999938 ], [ -43.98583629999996, -22.608511299999975 ], [ -43.986379599999964, -22.607963699999971 ], [ -43.98619089999994, -22.607622599999956 ], [ -43.986070099999949, -22.607553699999983 ], [ -43.984933, -22.607190199999934 ], [ -43.984584899999959, -22.607167 ], [ -43.98407439999994, -22.607236599999965 ], [ -43.983571499999982, -22.607182399999942 ], [ -43.983262099999934, -22.60695039999996 ], [ -43.982852099999945, -22.606555799999967 ], [ -43.982388, -22.606238699999949 ], [ -43.982241, -22.606076199999961 ], [ -43.982279699999935, -22.605503799999951 ], [ -43.982411199999945, -22.605356799999981 ], [ -43.982858399999941, -22.605009799999948 ], [ -43.983290299999965, -22.604518799999937 ], [ -43.983415, -22.604148799999962 ], [ -43.98360619999994, -22.603907899999967 ], [ -43.983594299999936, -22.603490499999964 ], [ -43.983347199999969, -22.603469299999972 ], [ -43.982867599999963, -22.603291399999932 ], [ -43.982504, -22.603206299999954 ], [ -43.982186899999931, -22.603275899999971 ], [ -43.981807799999956, -22.603538899999933 ], [ -43.981428799999946, -22.603670499999964 ], [ -43.981111599999963, -22.603569899999968 ], [ -43.98060879999997, -22.603376499999968 ], [ -43.980260699999974, -22.60303609999994 ], [ -43.97999, -22.602703499999961 ], [ -43.979750099999933, -22.602541099999939 ], [ -43.979425299999946, -22.602626099999952 ], [ -43.978373199999965, -22.602835 ], [ -43.977831699999967, -22.602927799999975 ], [ -43.977313399999957, -22.60303609999994 ], [ -43.976764199999934, -22.603067099999976 ], [ -43.976129899999933, -22.603067099999976 ], [ -43.975565199999949, -22.602927799999975 ], [ -43.974941399999977, -22.602596699999935 ], [ -43.974323799999979, -22.602152799999942 ], [ -43.973596799999939, -22.601657499999931 ], [ -43.973217299999931, -22.601316499999939 ], [ -43.972792699999957, -22.600982 ], [ -43.972002399999951, -22.600172499999928 ], [ -43.971544599999959, -22.599785399999973 ], [ -43.970618199999933, -22.599347899999941 ], [ -43.970251499999961, -22.599174199999936 ], [ -43.969962, -22.599122699999953 ], [ -43.969503499999973, -22.599249799999939 ], [ -43.96910349999996, -22.599189399999943 ], [ -43.968894, -22.599129099999971 ], [ -43.968748799999958, -22.599008 ], [ -43.968218499999978, -22.598736699999961 ], [ -43.967729599999984, -22.598653099999979 ], [ -43.967491199999984, -22.598545499999943 ], [ -43.967042399999968, -22.59823229999995 ], [ -43.966761199999951, -22.598077399999966 ], [ -43.966499899999974, -22.59795239999994 ], [ -43.966237899999953, -22.597827699999982 ], [ -43.966076599999951, -22.597731 ], [ -43.966015399999947, -22.597667099999967 ], [ -43.965831599999945, -22.59731679999993 ], [ -43.965751499999953, -22.597247899999957 ], [ -43.965617399999985, -22.59720029999994 ], [ -43.965364199999954, -22.597222699999975 ], [ -43.965124599999967, -22.59723159999993 ], [ -43.964930199999969, -22.597194099999967 ], [ -43.964586, -22.597078299999964 ], [ -43.964504499999975, -22.597073699999953 ], [ -43.964242699999943, -22.596999699999969 ], [ -43.963953199999935, -22.596877499999948 ], [ -43.963809699999956, -22.596821399999953 ], [ -43.96301219999998, -22.596729099999948 ], [ -43.962385, -22.596620299999927 ], [ -43.96229029999995, -22.596582199999943 ], [ -43.961669499999971, -22.596127 ], [ -43.961563899999931, -22.596018699999945 ], [ -43.961443599999939, -22.595779299999947 ], [ -43.961444299999982, -22.595657799999969 ], [ -43.961477399999978, -22.595546499999955 ], [ -43.961520199999939, -22.595442799999944 ], [ -43.961512299999981, -22.595338599999934 ], [ -43.961459399999967, -22.595228599999928 ], [ -43.961373399999957, -22.595108299999936 ], [ -43.960897299999942, -22.594805899999983 ], [ -43.960919699999977, -22.594630499999937 ], [ -43.960829699999977, -22.594606499999941 ], [ -43.960663099999977, -22.594521399999962 ], [ -43.960492199999976, -22.594456 ], [ -43.95987729999996, -22.594228399999963 ], [ -43.959722799999952, -22.594162 ], [ -43.959344199999975, -22.59407589999995 ], [ -43.959285399999942, -22.594042699999932 ], [ -43.959219399999938, -22.59398989999994 ], [ -43.959168699999964, -22.593904499999951 ], [ -43.959150799999975, -22.593842299999949 ], [ -43.959157299999958, -22.593643499999928 ], [ -43.959162499999934, -22.593517599999927 ], [ -43.959169199999963, -22.593451099999982 ], [ -43.959161399999971, -22.593382199999951 ], [ -43.959146, -22.593342099999973 ], [ -43.959122499999978, -22.593306199999972 ], [ -43.95909, -22.593293799999969 ], [ -43.95903409999994, -22.593271099999981 ], [ -43.958983399999966, -22.593263699999966 ], [ -43.958888399999978, -22.593261199999972 ], [ -43.958760099999949, -22.593269499999963 ], [ -43.958633799999973, -22.593268399999943 ], [ -43.958392299999957, -22.593260499999928 ], [ -43.958254299999965, -22.593238199999973 ], [ -43.95818, -22.593226699999946 ], [ -43.958145799999954, -22.593225599999982 ], [ -43.958086199999968, -22.593228499999952 ], [ -43.958060699999976, -22.593232499999942 ], [ -43.958016199999975, -22.593266799999981 ], [ -43.957957499999964, -22.593334699999957 ], [ -43.957899599999962, -22.593374499999982 ], [ -43.957837899999959, -22.593391399999973 ], [ -43.957731699999954, -22.593393299999946 ], [ -43.957575399999939, -22.593371399999967 ], [ -43.957425599999965, -22.593322099999966 ], [ -43.95724389999998, -22.593201099999931 ], [ -43.957073899999955, -22.593062099999941 ], [ -43.957033199999955, -22.593031399999973 ], [ -43.956950199999937, -22.592997099999934 ], [ -43.956738, -22.592968 ], [ -43.956515799999977, -22.59290139999996 ], [ -43.956324599999959, -22.592808599999955 ], [ -43.956245, -22.592786699999976 ], [ -43.956061399999953, -22.592730099999983 ], [ -43.955980599999975, -22.592705199999955 ], [ -43.95591479999996, -22.592681599999935 ], [ -43.955561499999931, -22.592554899999982 ], [ -43.955504899999937, -22.592496599999947 ], [ -43.955465899999979, -22.592446199999927 ], [ -43.955420699999934, -22.592395899999929 ], [ -43.955386399999952, -22.59235179999996 ], [ -43.955365799999981, -22.592317399999956 ], [ -43.955360699999972, -22.592268 ], [ -43.955360499999983, -22.59222879999993 ], [ -43.955356699999982, -22.592187099999933 ], [ -43.955349599999977, -22.592157499999928 ], [ -43.955336399999965, -22.592114099999947 ], [ -43.955318499999976, -22.592089299999941 ], [ -43.95530059999993, -22.592064499999935 ], [ -43.95523959999997, -22.59202149999993 ], [ -43.955164399999944, -22.591987099999983 ], [ -43.95507269999996, -22.59196309999993 ], [ -43.95500039999996, -22.591955699999971 ], [ -43.954948299999955, -22.591953699999976 ], [ -43.954885, -22.591957599999944 ], [ -43.954831399999932, -22.591974799999946 ], [ -43.954764399999931, -22.592002899999954 ], [ -43.954693199999952, -22.592022399999962 ], [ -43.954407299999957, -22.59211339999996 ], [ -43.954330599999935, -22.592123799999968 ], [ -43.954240399999946, -22.592117 ], [ -43.954235599999947, -22.592115599999943 ], [ -43.954182, -22.59210029999997 ], [ -43.954105099999936, -22.592065 ], [ -43.954054399999961, -22.592029499999967 ], [ -43.954042299999969, -22.592021299999942 ], [ -43.95401389999995, -22.592002299999933 ], [ -43.953934299999958, -22.591957 ], [ -43.953866299999959, -22.591930199999979 ], [ -43.953798599999971, -22.591902499999946 ], [ -43.953643799999952, -22.591909799999939 ], [ -43.953589099999931, -22.591909899999962 ], [ -43.953517799999929, -22.591913199999965 ], [ -43.953465299999948, -22.591920099999982 ], [ -43.953417799999954, -22.591933599999948 ], [ -43.95338309999994, -22.591953399999966 ], [ -43.953347099999974, -22.591978199999971 ], [ -43.953316599999937, -22.592004299999928 ], [ -43.953282199999933, -22.592029499999967 ], [ -43.953215199999931, -22.592075299999976 ], [ -43.953141799999969, -22.592111099999954 ], [ -43.95305819999993, -22.592138699999964 ], [ -43.952916099999982, -22.592177299999946 ], [ -43.952768599999956, -22.592207099999939 ], [ -43.952644099999929, -22.59220739999995 ], [ -43.952510299999972, -22.592186199999958 ], [ -43.952439599999934, -22.592175099999963 ], [ -43.952368899999954, -22.592164 ], [ -43.952264299999968, -22.592159599999945 ], [ -43.952254899999957, -22.592159299999935 ], [ -43.952158599999962, -22.592175299999951 ], [ -43.952091099999961, -22.592182899999955 ], [ -43.952085899999986, -22.592183399999954 ], [ -43.952023499999939, -22.592190399999936 ], [ -43.951873699999965, -22.592176699999982 ], [ -43.951791, -22.592170799999963 ], [ -43.951708399999973, -22.592164799999978 ], [ -43.95161539999998, -22.592141199999958 ], [ -43.951577099999952, -22.592109199999982 ], [ -43.951559199999963, -22.592086 ], [ -43.951539299999979, -22.592058099999974 ], [ -43.951513699999964, -22.592032899999936 ], [ -43.951476, -22.592014899999981 ], [ -43.951422299999933, -22.591998 ], [ -43.951388899999984, -22.591990099999975 ], [ -43.951191199999982, -22.591956699999969 ], [ -43.951084499999979, -22.591912499999978 ], [ -43.95101139999997, -22.59187309999993 ], [ -43.950932299999977, -22.591821699999969 ], [ -43.950861399999951, -22.591779799999983 ], [ -43.950788799999941, -22.591724099999965 ], [ -43.950722399999961, -22.591678799999954 ], [ -43.950655899999958, -22.591633499999944 ], [ -43.950595599999986, -22.591598499999975 ], [ -43.950527199999954, -22.591571399999964 ], [ -43.950458799999979, -22.59154419999993 ], [ -43.950102399999935, -22.591267599999981 ], [ -43.949994, -22.591189899999961 ], [ -43.949668699999961, -22.59095659999997 ], [ -43.949525299999948, -22.590705299999968 ], [ -43.949501899999973, -22.590511499999934 ], [ -43.949492699999951, -22.590435399999933 ], [ -43.949495099999979, -22.589786499999946 ], [ -43.949450599999977, -22.58966769999995 ], [ -43.949358599999982, -22.589422299999967 ], [ -43.949099499999932, -22.589170299999978 ], [ -43.948729699999944, -22.588496099999929 ], [ -43.948473199999967, -22.587987599999963 ], [ -43.948317499999973, -22.587857499999927 ], [ -43.947326099999941, -22.587597799999969 ], [ -43.947005699999977, -22.587385899999958 ], [ -43.946693499999981, -22.587238499999955 ], [ -43.946321, -22.586961299999928 ], [ -43.946324199999935, -22.58657409999995 ], [ -43.94631789999994, -22.586286099999938 ], [ -43.946251299999972, -22.586138099999971 ], [ -43.946139599999981, -22.586021499999958 ], [ -43.94593, -22.585875299999941 ], [ -43.945752599999935, -22.585785599999952 ], [ -43.945682099999942, -22.585774099999981 ], [ -43.945429299999944, -22.585757399999977 ], [ -43.945198799999957, -22.585779199999934 ], [ -43.944989499999963, -22.585775199999944 ], [ -43.944955099999959, -22.585770699999955 ], [ -43.944912299999942, -22.58573569999993 ], [ -43.944880599999976, -22.585693699999979 ], [ -43.944828799999982, -22.585684499999957 ], [ -43.944771199999934, -22.585705899999937 ], [ -43.944675399999937, -22.585685099999978 ], [ -43.944587799999965, -22.585691899999972 ], [ -43.944553499999984, -22.585714799999948 ], [ -43.944474799999966, -22.585800899999981 ], [ -43.944416599999954, -22.585824099999968 ], [ -43.944307199999969, -22.585798899999929 ], [ -43.944258, -22.585773399999937 ], [ -43.944197799999984, -22.58577379999997 ], [ -43.944134, -22.585821399999929 ], [ -43.944075699999985, -22.585827799999947 ], [ -43.943977099999984, -22.585756799999956 ], [ -43.943896499999937, -22.585616799999968 ], [ -43.943853399999966, -22.585482699999943 ], [ -43.943734499999948, -22.58502459999994 ], [ -43.943513099999961, -22.584672799999964 ], [ -43.943228, -22.584290899999928 ], [ -43.942788399999984, -22.583848299999943 ], [ -43.942347, -22.583578899999964 ], [ -43.942643099999941, -22.583500099999981 ], [ -43.942916099999934, -22.583345 ], [ -43.942951, -22.583310099999949 ], [ -43.943368599999985, -22.583088099999941 ], [ -43.943472699999973, -22.58305439999998 ], [ -43.94380979999994, -22.582833099999959 ], [ -43.943931, -22.582684899999947 ], [ -43.944195899999954, -22.582279799999981 ], [ -43.944269899999938, -22.582198699999935 ], [ -43.944453399999929, -22.582047299999942 ], [ -43.944525099999964, -22.581947399999933 ], [ -43.944619899999964, -22.581851599999936 ], [ -43.944716699999958, -22.581798599999956 ], [ -43.944815299999959, -22.581756799999937 ], [ -43.944911099999956, -22.581686799999943 ], [ -43.944943899999942, -22.581625599999938 ], [ -43.944933499999934, -22.58155979999998 ], [ -43.944896899999947, -22.581498899999929 ], [ -43.944825599999945, -22.581356199999959 ], [ -43.944789599999979, -22.581218399999955 ], [ -43.944774199999983, -22.581085099999939 ], [ -43.944816199999934, -22.580998299999976 ], [ -43.944899799999973, -22.58097429999998 ], [ -43.944993799999963, -22.580909199999951 ], [ -43.945121099999938, -22.580872699999929 ], [ -43.945224899999971, -22.580824499999949 ], [ -43.945274299999937, -22.58078 ], [ -43.945411899999954, -22.580704099999934 ], [ -43.945457099999942, -22.580651499999931 ], [ -43.945474699999977, -22.580526 ], [ -43.94548489999994, -22.580446599999959 ], [ -43.945521399999961, -22.580362499999978 ], [ -43.945582199999933, -22.580290399999967 ], [ -43.94568019999997, -22.580223099999955 ], [ -43.945736299999965, -22.580188799999974 ], [ -43.945790599999953, -22.580137599999944 ], [ -43.945812099999955, -22.580070299999932 ], [ -43.94577959999998, -22.579978099999948 ], [ -43.945766299999946, -22.57986539999996 ], [ -43.945768, -22.579556899999943 ], [ -43.945777599999985, -22.579461299999934 ], [ -43.94579779999998, -22.579385699999932 ], [ -43.945856499999934, -22.579294399999981 ], [ -43.945938699999942, -22.579210899999964 ], [ -43.946043399999951, -22.579075699999976 ], [ -43.946140399999933, -22.578948699999955 ], [ -43.946215, -22.578858199999956 ], [ -43.946302299999957, -22.578726399999937 ], [ -43.946312599999942, -22.578677899999946 ], [ -43.946293799999978, -22.578592 ], [ -43.946203099999934, -22.578487299999949 ], [ -43.946032599999967, -22.578416699999934 ], [ -43.945892599999979, -22.578403099999946 ], [ -43.945777599999985, -22.578373499999941 ], [ -43.945619099999931, -22.578315599999939 ], [ -43.945464899999934, -22.578203 ], [ -43.945131199999935, -22.577813899999967 ], [ -43.944971799999962, -22.577615899999955 ], [ -43.944821, -22.577364899999964 ], [ -43.944799899999964, -22.577266599999973 ], [ -43.944815199999937, -22.57717 ], [ -43.944861299999957, -22.577059099999929 ], [ -43.944919699999957, -22.57696889999994 ], [ -43.945001899999966, -22.576884299999961 ], [ -43.945255699999962, -22.576760699999966 ], [ -43.945498, -22.576709199999982 ], [ -43.945833, -22.576622099999952 ], [ -43.945983599999977, -22.57653449999998 ], [ -43.946085499999981, -22.576450099999931 ], [ -43.946231699999942, -22.576272699999947 ], [ -43.946382599999936, -22.576026699999943 ], [ -43.946477899999934, -22.57591089999994 ], [ -43.946625299999937, -22.575763699999982 ], [ -43.946776099999965, -22.575651299999947 ], [ -43.947050499999932, -22.575536099999965 ], [ -43.947144799999933, -22.575520199999971 ], [ -43.947395, -22.575553799999966 ], [ -43.947646, -22.575527 ], [ -43.947750199999973, -22.575553799999966 ], [ -43.947825299999977, -22.575553799999966 ], [ -43.947886299999936, -22.575539 ], [ -43.947956099999942, -22.575500599999941 ], [ -43.94797959999994, -22.575437099999931 ], [ -43.947956599999941, -22.575351099999978 ], [ -43.947894499999961, -22.575265399999978 ], [ -43.947793299999944, -22.575144599999931 ], [ -43.947746699999982, -22.575077299999975 ], [ -43.947755599999937, -22.574988599999983 ], [ -43.947812399999975, -22.574923899999931 ], [ -43.947889799999984, -22.574865199999977 ], [ -43.948095899999942, -22.574821699999973 ], [ -43.94826269999993, -22.574818199999982 ], [ -43.948355599999957, -22.57480929999997 ], [ -43.948460699999941, -22.574779 ], [ -43.948545699999954, -22.574777199999971 ], [ -43.948626099999956, -22.574753599999951 ], [ -43.94870149999997, -22.574743 ], [ -43.948747899999944, -22.574705399999971 ], [ -43.948829599999954, -22.574669599999936 ], [ -43.948902299999929, -22.574590199999932 ], [ -43.948952899999938, -22.574089099999981 ], [ -43.94907319999993, -22.573687099999972 ], [ -43.949230099999966, -22.572788799999955 ], [ -43.949276699999984, -22.572684199999969 ], [ -43.949456199999929, -22.572473899999977 ], [ -43.949802799999929, -22.572167599999943 ], [ -43.949937899999952, -22.572021 ], [ -43.950067299999944, -22.571922299999983 ], [ -43.950210199999958, -22.57183219999996 ], [ -43.950366, -22.571725799999967 ], [ -43.951341599999978, -22.571108099999947 ], [ -43.951525099999969, -22.571024699999953 ], [ -43.951661299999955, -22.57094509999996 ], [ -43.951733499999932, -22.570883799999933 ], [ -43.951761499999975, -22.570827299999962 ], [ -43.951765199999954, -22.57076109999997 ], [ -43.951773899999978, -22.570699499999932 ], [ -43.95180419999997, -22.57060359999997 ], [ -43.951869699999975, -22.570513099999971 ], [ -43.951957399999969, -22.570424299999956 ], [ -43.951996599999973, -22.570342599999947 ], [ -43.952001499999938, -22.570279899999946 ], [ -43.952043299999957, -22.570207399999958 ], [ -43.95215509999997, -22.570131899999978 ], [ -43.952557399999932, -22.570135 ], [ -43.953509499999939, -22.570145099999934 ], [ -43.954051599999957, -22.570183 ], [ -43.954095099999961, -22.570163899999955 ], [ -43.954457199999979, -22.570169799999974 ], [ -43.954547799999943, -22.570107699999937 ], [ -43.954621599999939, -22.569948599999975 ], [ -43.954650799999968, -22.569740099999933 ], [ -43.954634599999963, -22.569525699999929 ], [ -43.954548599999953, -22.569322899999975 ], [ -43.954512299999976, -22.569197699999961 ], [ -43.954579099999933, -22.569006699999932 ], [ -43.954644499999972, -22.568805899999973 ], [ -43.954737399999942, -22.56872889999994 ], [ -43.954759499999966, -22.56863919999995 ], [ -43.954708599999947, -22.568471299999942 ], [ -43.918805199999952, -22.526938799999982 ], [ -43.915065399999946, -22.522612699999968 ], [ -43.914993199999969, -22.522659 ], [ -43.914827199999934, -22.522586199999978 ], [ -43.914676799999938, -22.522507499999961 ], [ -43.914576699999941, -22.522506699999951 ], [ -43.914437299999975, -22.522563499999933 ], [ -43.914329499999951, -22.522759699999938 ], [ -43.914305599999977, -22.522935199999949 ], [ -43.914220199999932, -22.523212 ], [ -43.914017, -22.523650299999929 ], [ -43.91397029999996, -22.52389519999997 ], [ -43.913972599999965, -22.524114699999927 ], [ -43.913866599999949, -22.524241899999936 ], [ -43.913756299999932, -22.524228 ], [ -43.913659699999982, -22.524220699999944 ], [ -43.913609599999972, -22.52430419999996 ], [ -43.913495599999976, -22.524464699999953 ], [ -43.91338479999996, -22.524495099999967 ], [ -43.913108199999954, -22.524505599999941 ], [ -43.912941299999943, -22.524561799999958 ], [ -43.912848799999949, -22.524683299999936 ], [ -43.91283059999995, -22.524889899999948 ], [ -43.912737499999935, -22.525044199999968 ], [ -43.912693, -22.525186 ], [ -43.912694099999953, -22.525445299999944 ], [ -43.912676499999975, -22.525626099999954 ], [ -43.912755499999946, -22.525807899999961 ], [ -43.912768699999958, -22.525995599999931 ], [ -43.912698699999964, -22.526195399999949 ], [ -43.912734599999965, -22.526454499999943 ], [ -43.912802499999941, -22.526506899999958 ], [ -43.912912299999959, -22.526534199999958 ], [ -43.913088799999969, -22.526522899999975 ], [ -43.913257899999962, -22.526537499999961 ], [ -43.913421699999958, -22.526617 ], [ -43.913603599999931, -22.526756099999943 ], [ -43.913690499999973, -22.526972199999932 ], [ -43.913688799999932, -22.527182 ], [ -43.913692799999978, -22.527486799999963 ], [ -43.913773099999958, -22.527914799999962 ], [ -43.913710799999933, -22.52812849999998 ], [ -43.913562899999931, -22.528306799999939 ], [ -43.913519899999983, -22.528543299999967 ], [ -43.913431799999955, -22.528785499999969 ], [ -43.913342, -22.528933599999959 ], [ -43.913149899999951, -22.529043199999933 ], [ -43.913047399999982, -22.529151699999943 ], [ -43.913026899999977, -22.529304 ], [ -43.913124099999948, -22.529600899999934 ], [ -43.913188399999967, -22.529820199999961 ], [ -43.913181799999961, -22.530128 ], [ -43.913141799999948, -22.530370499999947 ], [ -43.912959599999965, -22.530482 ], [ -43.912780299999952, -22.530458599999974 ], [ -43.912601, -22.530461899999978 ], [ -43.912466799999947, -22.530599799999948 ], [ -43.912443, -22.530740399999956 ], [ -43.912445499999933, -22.530945499999973 ], [ -43.912641299999962, -22.531351 ], [ -43.912707699999942, -22.531474799999955 ], [ -43.912809099999947, -22.531579799999975 ], [ -43.912943799999937, -22.531709799999931 ], [ -43.912996299999975, -22.53178429999997 ], [ -43.913111499999957, -22.531932 ], [ -43.913260499999978, -22.53204919999996 ], [ -43.913467399999945, -22.532141899999942 ], [ -43.913689, -22.532221099999958 ], [ -43.913847199999964, -22.532313 ], [ -43.913961699999959, -22.532416799999964 ], [ -43.914063699999986, -22.532482799999968 ], [ -43.914166299999977, -22.532522899999947 ], [ -43.914389299999982, -22.532563799999934 ], [ -43.914461099999983, -22.532577 ], [ -43.914706499999966, -22.532682299999976 ], [ -43.914869099999976, -22.532746499999973 ], [ -43.915157499999964, -22.532823199999939 ], [ -43.915361899999937, -22.532869 ], [ -43.915467299999932, -22.532888399999933 ], [ -43.915691099999947, -22.533006199999932 ], [ -43.915779699999973, -22.533058899999958 ], [ -43.915937499999984, -22.533221899999944 ], [ -43.916117499999984, -22.533456599999965 ], [ -43.916309399999932, -22.533664899999962 ], [ -43.916389699999968, -22.533749199999932 ], [ -43.916478799999936, -22.533938 ], [ -43.916506399999946, -22.534100099999932 ], [ -43.916538499999945, -22.534217 ], [ -43.916671699999938, -22.534383599999956 ], [ -43.916779299999973, -22.534503199999961 ], [ -43.916866399999947, -22.534620799999971 ], [ -43.916956199999959, -22.534817399999952 ], [ -43.917131499999982, -22.535238299999946 ], [ -43.917413099999976, -22.53581719999994 ], [ -43.917541, -22.536193399999945 ], [ -43.917652699999962, -22.536387199999979 ], [ -43.917717799999934, -22.536569699999973 ], [ -43.917859799999974, -22.536849299999972 ], [ -43.917904199999953, -22.536896399999932 ], [ -43.917962499999931, -22.53699869999997 ], [ -43.917946099999938, -22.537128099999961 ], [ -43.917929399999935, -22.537270499999977 ], [ -43.917885199999944, -22.537412599999982 ], [ -43.917808799999932, -22.537517799999932 ], [ -43.91775089999993, -22.537646799999948 ], [ -43.917727099999979, -22.537802199999931 ], [ -43.91770269999995, -22.537983499999939 ], [ -43.917664099999968, -22.53819059999995 ], [ -43.917587899999944, -22.538540199999943 ], [ -43.91758619999996, -22.538802699999962 ], [ -43.917609299999981, -22.539109099999962 ], [ -43.917692199999976, -22.539354299999957 ], [ -43.917736799999943, -22.539536799999951 ], [ -43.917731199999935, -22.539904 ], [ -43.917726099999982, -22.539988299999948 ], [ -43.91766709999996, -22.540169399999968 ], [ -43.91758139999996, -22.540371 ], [ -43.917479399999934, -22.540663599999959 ], [ -43.917356899999959, -22.540853099999936 ], [ -43.917347499999948, -22.540869799999939 ], [ -43.917231699999945, -22.541075499999977 ], [ -43.917008499999952, -22.541396199999951 ], [ -43.916861499999982, -22.541606599999966 ], [ -43.916762799999958, -22.541777699999955 ], [ -43.91671139999994, -22.541933 ], [ -43.916665699999953, -22.542140599999982 ], [ -43.916647799999964, -22.542335599999944 ], [ -43.916641899999945, -22.542622 ], [ -43.916632199999981, -22.542758599999956 ], [ -43.916624099999979, -22.542817099999979 ], [ -43.916553199999953, -22.542907099999979 ], [ -43.916493899999978, -22.543045499999948 ], [ -43.916474, -22.543245899999931 ], [ -43.91645589999996, -22.543552899999952 ], [ -43.916412899999955, -22.543734299999983 ], [ -43.916290099999969, -22.543958099999941 ], [ -43.91623119999997, -22.544139599999937 ], [ -43.916239699999949, -22.544331099999965 ], [ -43.916282299999978, -22.544470899999965 ], [ -43.916283399999941, -22.544674399999963 ], [ -43.916227399999968, -22.545093799999961 ], [ -43.916170399999942, -22.545347199999981 ], [ -43.915760399999954, -22.545879099999979 ], [ -43.915668499999981, -22.54603869999994 ], [ -43.915575499999932, -22.546363399999962 ], [ -43.915341699999942, -22.546985899999981 ], [ -43.915166699999929, -22.547320599999978 ], [ -43.914972399999954, -22.547702299999969 ], [ -43.914959, -22.548015799999973 ], [ -43.915015499999981, -22.548278599999946 ], [ -43.915048299999967, -22.548357799999962 ], [ -43.915207599999974, -22.548523299999943 ], [ -43.915365699999938, -22.548833699999932 ], [ -43.915432799999962, -22.549039599999958 ], [ -43.915455599999973, -22.549674799999934 ], [ -43.915546199999937, -22.549881099999936 ], [ -43.915685599999961, -22.55004409999998 ], [ -43.915895, -22.550231099999962 ], [ -43.916494399999976, -22.550937099999942 ], [ -43.916762199999937, -22.551158699999974 ], [ -43.917132, -22.55143929999997 ], [ -43.917587099999935, -22.551620299999968 ], [ -43.917819899999984, -22.55178479999995 ], [ -43.91788779999996, -22.551922 ], [ -43.917873, -22.552056899999968 ], [ -43.917812399999946, -22.552122699999927 ], [ -43.917798599999969, -22.552212499999939 ], [ -43.917943399999956, -22.552473599999928 ], [ -43.917924099999937, -22.55281059999993 ], [ -43.918048299999953, -22.553084599999977 ], [ -43.918102699999963, -22.553288499999951 ], [ -43.918121299999939, -22.553513799999962 ], [ -43.918117099999961, -22.553698899999972 ], [ -43.917645299999947, -22.553960299999972 ], [ -43.917232599999977, -22.554205699999955 ], [ -43.916862899999956, -22.554522899999938 ], [ -43.916611699999976, -22.554694799999936 ], [ -43.916387499999985, -22.554762499999981 ], [ -43.916163199999971, -22.554830199999969 ], [ -43.915827799999931, -22.555066199999942 ], [ -43.915601899999956, -22.555281899999954 ], [ -43.915490699999964, -22.555397699999958 ], [ -43.915262899999959, -22.555713099999934 ], [ -43.915135699999951, -22.556097199999954 ], [ -43.915116799999964, -22.556454199999962 ], [ -43.915133899999944, -22.55668529999997 ], [ -43.91519, -22.556821 ], [ -43.915293599999984, -22.55693569999994 ], [ -43.915562499999965, -22.557033599999954 ], [ -43.915838699999938, -22.557227599999976 ], [ -43.915998899999977, -22.557433199999934 ], [ -43.916088299999956, -22.557658799999956 ], [ -43.916142799999932, -22.557883599999968 ], [ -43.916114399999969, -22.558579099999974 ], [ -43.91617969999993, -22.558825599999977 ], [ -43.916314199999931, -22.559013799999946 ], [ -43.91650629999998, -22.559352799999942 ], [ -43.916583599999967, -22.559577099999956 ], [ -43.916625799999963, -22.559800199999927 ], [ -43.916644899999937, -22.560022799999956 ], [ -43.916593399999954, -22.560242799999969 ], [ -43.916444499999955, -22.560533699999951 ], [ -43.916214299999979, -22.560983299999975 ], [ -43.915939799999933, -22.561345299999971 ], [ -43.915565599999979, -22.561552699999936 ], [ -43.915181399999938, -22.561723899999947 ], [ -43.914823399999932, -22.561832299999935 ], [ -43.914946599999951, -22.562231199999928 ], [ -43.915060499999981, -22.562473699999941 ], [ -43.915175699999963, -22.56265419999994 ], [ -43.915212199999985, -22.562802699999963 ], [ -43.91524869999995, -22.563026499999978 ], [ -43.915262399999961, -22.56318349999998 ], [ -43.915284199999974, -22.563279799999975 ], [ -43.91538479999997, -22.563595899999939 ], [ -43.915494299999978, -22.563748699999962 ], [ -43.915578299999936, -22.56384 ], [ -43.915686699999981, -22.563893699999937 ], [ -43.915911299999948, -22.563932199999954 ], [ -43.916046, -22.563962599999968 ], [ -43.916160799999943, -22.564073399999927 ], [ -43.916263299999969, -22.564269799999977 ], [ -43.916294499999935, -22.564485199999979 ], [ -43.916347899999948, -22.564767299999971 ], [ -43.916404899999975, -22.564868299999944 ], [ -43.916411499999981, -22.564983799999936 ], [ -43.916387399999962, -22.565078899999946 ], [ -43.916363199999978, -22.565185 ], [ -43.916429199999982, -22.565211199999965 ], [ -43.916595199999961, -22.56528179999998 ], [ -43.916745, -22.56534929999998 ], [ -43.916840699999966, -22.565429699999981 ], [ -43.916924, -22.565534199999945 ], [ -43.917006099999981, -22.565698899999973 ], [ -43.917036199999984, -22.565815099999952 ], [ -43.917098899999985, -22.565988699999934 ], [ -43.917199, -22.566134799999929 ], [ -43.917352799999946, -22.566244499999982 ], [ -43.917558699999972, -22.566338099999939 ], [ -43.917639599999973, -22.566397499999937 ], [ -43.917728699999941, -22.566496599999937 ], [ -43.917849899999965, -22.566678699999954 ], [ -43.917982199999983, -22.566956799999957 ], [ -43.91816179999995, -22.567276 ], [ -43.918280799999934, -22.56761309999996 ], [ -43.918373199999962, -22.568085099999962 ], [ -43.918390799999941, -22.568220699999927 ], [ -43.91846709999993, -22.568808099999956 ], [ -43.918530699999963, -22.569165199999929 ], [ -43.91858579999996, -22.56940469999995 ], [ -43.918634299999951, -22.569466199999965 ], [ -43.918735799999979, -22.569513399999948 ], [ -43.918851399999937, -22.569592599999964 ], [ -43.918959599999937, -22.569647199999963 ], [ -43.919108899999969, -22.569652699999949 ], [ -43.919370899999933, -22.56963559999997 ], [ -43.919562, -22.569632799999965 ], [ -43.919706699999949, -22.569642 ], [ -43.91988779999997, -22.569698199999948 ], [ -43.920011099999954, -22.56977269999993 ], [ -43.920113899999933, -22.569852899999944 ], [ -43.920273499999951, -22.569972499999949 ], [ -43.920320199999935, -22.569974199999933 ], [ -43.92043039999993, -22.569930199999931 ], [ -43.92052289999998, -22.56985229999998 ], [ -43.920608099999981, -22.569747799999959 ], [ -43.920668499999977, -22.569582799999978 ], [ -43.920741, -22.569487899999956 ], [ -43.920842899999968, -22.569448299999976 ], [ -43.921042099999966, -22.569493499999965 ], [ -43.921115199999974, -22.569550399999969 ], [ -43.921466799999962, -22.569926199999941 ], [ -43.921764799999949, -22.570153599999969 ], [ -43.922209199999941, -22.570603099999971 ], [ -43.922691, -22.570917699999939 ], [ -43.923219199999949, -22.571449899999948 ], [ -43.923589799999945, -22.571689699999979 ], [ -43.924066299999936, -22.571933699999931 ], [ -43.924277099999983, -22.572092 ], [ -43.924606799999935, -22.572410399999967 ], [ -43.924995799999976, -22.572791199999983 ], [ -43.925357399999939, -22.573352899999975 ], [ -43.925762899999938, -22.57376679999993 ], [ -43.926218499999948, -22.573975599999983 ], [ -43.926694699999985, -22.574297199999933 ], [ -43.927150499999982, -22.574532399999953 ], [ -43.927404599999932, -22.574915399999952 ], [ -43.927462699999978, -22.575322399999948 ], [ -43.927467899999954, -22.57582739999998 ], [ -43.927440099999956, -22.576764299999979 ], [ -43.927279699999985, -22.577362899999969 ], [ -43.92708719999996, -22.577705699999967 ], [ -43.926585299999942, -22.578734899999972 ], [ -43.926434599999936, -22.579207399999973 ], [ -43.926428199999975, -22.58087519999998 ], [ -43.927002199999947, -22.58302539999994 ], [ -43.927862199999936, -22.584117699999979 ], [ -43.928635299999939, -22.585980099999972 ], [ -43.928186399999959, -22.586954799999944 ], [ -43.926796, -22.587397099999976 ], [ -43.926296099999945, -22.587466599999971 ], [ -43.925956499999984, -22.587623599999972 ], [ -43.925598699999966, -22.587823899999933 ], [ -43.925252299999954, -22.587900799999943 ], [ -43.924885099999983, -22.587920199999928 ], [ -43.924599299999954, -22.58781879999998 ], [ -43.924241599999959, -22.587653299999943 ], [ -43.92404369999997, -22.587637 ], [ -43.923899899999981, -22.587715199999934 ], [ -43.923711299999979, -22.587771399999951 ], [ -43.92346219999996, -22.587763799999948 ], [ -43.923175899999933, -22.587662299999977 ], [ -43.922963599999946, -22.587527899999941 ], [ -43.92281289999994, -22.587282199999947 ], [ -43.922739799999931, -22.587061899999981 ], [ -43.922731499999941, -22.58678029999993 ], [ -43.92279149999996, -22.58654649999994 ], [ -43.922806599999944, -22.586129199999959 ], [ -43.922724599999981, -22.585892799999954 ], [ -43.922583, -22.585644099999968 ], [ -43.92243389999993, -22.585457399999939 ], [ -43.922282499999937, -22.585359 ], [ -43.922055, -22.585331099999962 ], [ -43.921872199999939, -22.585335899999961 ], [ -43.921750599999939, -22.585286 ], [ -43.921561699999984, -22.585154299999942 ], [ -43.921275399999956, -22.585025199999961 ], [ -43.921103599999981, -22.584922799999958 ], [ -43.921041599999967, -22.58471 ], [ -43.920890199999974, -22.584498799999949 ], [ -43.920966, -22.584271299999955 ], [ -43.92112469999995, -22.584173599999929 ], [ -43.921147799999972, -22.584159399999976 ], [ -43.921386699999971, -22.583719099999939 ], [ -43.921543199999974, -22.583557199999973 ], [ -43.921719699999983, -22.58349759999993 ], [ -43.921870199999944, -22.583384399999943 ], [ -43.92200349999996, -22.583077699999933 ], [ -43.921992899999964, -22.58282509999998 ], [ -43.921922299999949, -22.582566499999928 ], [ -43.921725699999968, -22.582518799999946 ], [ -43.921568799999932, -22.582355899999982 ], [ -43.921226399999966, -22.581762 ], [ -43.921248699999978, -22.58162649999997 ], [ -43.921358199999929, -22.581511399999954 ], [ -43.921466099999975, -22.581462099999953 ], [ -43.921517299999948, -22.581374099999948 ], [ -43.92144849999994, -22.581225699999948 ], [ -43.921217499999955, -22.580951399999947 ], [ -43.920879899999932, -22.58060729999994 ], [ -43.920320099999969, -22.580032099999983 ], [ -43.920046699999943, -22.579706499999929 ], [ -43.919946699999969, -22.579655499999944 ], [ -43.919733, -22.579643099999942 ], [ -43.919561099999953, -22.579573799999935 ], [ -43.919385699999964, -22.579403499999955 ], [ -43.918996, -22.57880769999997 ], [ -43.918521299999952, -22.578270699999962 ], [ -43.918260099999941, -22.577831699999933 ], [ -43.918074399999966, -22.577569599999947 ], [ -43.917992899999945, -22.577310899999929 ], [ -43.917831599999943, -22.577055499999972 ], [ -43.91762609999995, -22.576863399999979 ], [ -43.917295699999954, -22.576495099999931 ], [ -43.917027599999983, -22.576312199999961 ], [ -43.91685, -22.576322199999936 ], [ -43.916610099999957, -22.57624439999995 ], [ -43.916321799999935, -22.576111499999968 ], [ -43.916178599999967, -22.575994199999968 ], [ -43.916023099999961, -22.575758699999938 ], [ -43.915728699999931, -22.574876499999959 ], [ -43.915196099999946, -22.573975299999972 ], [ -43.914928699999962, -22.573671399999967 ], [ -43.914410799999985, -22.573270799999932 ], [ -43.914030099999934, -22.573116399999947 ], [ -43.913849, -22.573076199999946 ], [ -43.913503399999968, -22.572996699999976 ], [ -43.91281319999996, -22.572917699999948 ], [ -43.912492799999939, -22.572970599999962 ], [ -43.912396799999954, -22.57292949999993 ], [ -43.912308899999971, -22.572607599999969 ], [ -43.912093, -22.572440499999971 ], [ -43.911908399999959, -22.572334 ], [ -43.911621399999945, -22.572102 ], [ -43.911350299999981, -22.571973299999968 ], [ -43.911104, -22.571948299999974 ], [ -43.910835199999951, -22.571753099999967 ], [ -43.910447699999963, -22.571515599999941 ], [ -43.910047299999974, -22.571444399999962 ], [ -43.909340799999939, -22.571028499999954 ], [ -43.908972899999981, -22.571020699999963 ], [ -43.908796799999948, -22.570709799999975 ], [ -43.908695899999941, -22.57064639999993 ], [ -43.908523399999979, -22.570661899999948 ], [ -43.90823249999994, -22.57058619999998 ], [ -43.908091899999931, -22.570471899999973 ], [ -43.907968099999948, -22.570211899999947 ], [ -43.907438699999943, -22.569364 ], [ -43.907372, -22.569301099999961 ], [ -43.907021399999962, -22.569144799999947 ], [ -43.906906899999967, -22.569088699999952 ], [ -43.906335899999931, -22.568753799999968 ], [ -43.906191599999943, -22.56860469999998 ], [ -43.905823799999951, -22.568310599999961 ], [ -43.90543729999996, -22.568103 ], [ -43.904958299999976, -22.567757599999936 ], [ -43.904805899999985, -22.567500199999927 ], [ -43.90466669999995, -22.567222399999935 ], [ -43.904659199999969, -22.567096699999979 ], [ -43.90468629999998, -22.56702619999993 ], [ -43.904695599999968, -22.566971699999954 ], [ -43.904693299999963, -22.566911599999969 ], [ -43.904670199999941, -22.566878499999973 ], [ -43.904614799999933, -22.566855699999962 ], [ -43.904469199999937, -22.566837 ], [ -43.904371799999979, -22.566824399999973 ], [ -43.904280599999936, -22.566855699999962 ], [ -43.904235099999937, -22.566857699999957 ], [ -43.904166, -22.566858899999943 ], [ -43.904102799999976, -22.566857 ], [ -43.904037199999948, -22.566863799999965 ], [ -43.903966599999933, -22.566879 ], [ -43.903941599999939, -22.566886799999963 ], [ -43.903886, -22.566880399999945 ], [ -43.903800499999932, -22.566832799999929 ], [ -43.903479699999934, -22.566709799999956 ], [ -43.903441899999962, -22.566665399999977 ], [ -43.903413, -22.566615699999943 ], [ -43.903322399999979, -22.566573199999937 ], [ -43.903284399999961, -22.566558899999961 ], [ -43.903249599999981, -22.566503599999976 ], [ -43.903145, -22.566256899999928 ], [ -43.902989499999933, -22.566023099999938 ], [ -43.902952099999936, -22.565929399999959 ], [ -43.902911499999959, -22.565862899999956 ], [ -43.902794799999981, -22.565762399999983 ], [ -43.902618599999983, -22.565375699999947 ], [ -43.902459399999941, -22.565206499999931 ], [ -43.902301099999931, -22.565008099999943 ], [ -43.902229399999953, -22.564884199999938 ], [ -43.902088599999956, -22.564717 ], [ -43.902060199999937, -22.564683499999944 ], [ -43.902022099999954, -22.564660899999978 ], [ -43.901951299999951, -22.56465959999997 ], [ -43.901858699999934, -22.564644299999941 ], [ -43.901786699999946, -22.564629299999979 ], [ -43.901733599999943, -22.564595199999928 ], [ -43.901652899999931, -22.564520499999958 ], [ -43.90144429999998, -22.564428799999973 ], [ -43.901347599999951, -22.564350099999956 ], [ -43.901227199999937, -22.564276499999949 ], [ -43.901171499999975, -22.564220499999976 ], [ -43.901138199999934, -22.564163 ], [ -43.901121, -22.564096699999936 ], [ -43.901112299999966, -22.564019799999983 ], [ -43.901122899999962, -22.563894 ], [ -43.901134, -22.563799399999937 ], [ -43.901223, -22.563538499999936 ], [ -43.901281599999948, -22.563366799999983 ], [ -43.901293899999985, -22.563295399999959 ], [ -43.901282899999956, -22.563253499999973 ], [ -43.901186299999949, -22.563045399999965 ], [ -43.901127299999985, -22.562826399999949 ], [ -43.901064699999949, -22.562684499999932 ], [ -43.900971, -22.562419199999965 ] ] ] ] } },
{ "type": "Feature", "properties": { "CD_REGIAO": "3", "NM_REGIAO": "Sudeste", "CD_UF": "33", "NM_UF": "Rio de Janeiro", "CD_MUN": "3304003", "NM_MUN": "Piraí", "CD_DIST": "330400310", "NM_DIST": "Arrozal", "CD_RGINT": "3302", "NM_RGINT": "Volta Redonda - Barra Mansa", "CD_RGI": "330004", "NM_RGI": "Volta Redonda - Barra Mansa", "CD_CONCURB": null, "NM_CONCURB": null }, "geometry": { "type": "MultiPolygon", "coordinates": [ [ [ [ -43.981665199999952, -22.578498799999977 ], [ -43.981715599999973, -22.572920099999976 ], [ -43.98190829999993, -22.572588199999927 ], [ -43.98196809999996, -22.572484299999928 ], [ -43.982026799999971, -22.572384399999976 ], [ -43.982057299999951, -22.572277499999927 ], [ -43.982134599999938, -22.572149099999933 ], [ -43.982237299999952, -22.572034499999972 ], [ -43.98236, -22.571943899999951 ], [ -43.982454899999937, -22.571877099999938 ], [ -43.982535899999959, -22.571798599999966 ], [ -43.982582699999966, -22.571713599999953 ], [ -43.982621599999959, -22.57162569999997 ], [ -43.982681199999945, -22.571528 ], [ -43.982724899999937, -22.57143659999997 ], [ -43.98276519999996, -22.571351499999935 ], [ -43.982799299999954, -22.571293 ], [ -43.982848899999965, -22.571248499999967 ], [ -43.982917799999939, -22.571201599999938 ], [ -43.983071699999982, -22.571164499999952 ], [ -43.983190499999978, -22.571149299999945 ], [ -43.983297299999947, -22.57111539999994 ], [ -43.983401499999957, -22.571057399999972 ], [ -43.983488299999976, -22.571009899999979 ], [ -43.983581, -22.570983099999978 ], [ -43.983660499999985, -22.570967799999949 ], [ -43.98372269999993, -22.570956399999943 ], [ -43.983793799999944, -22.570948699999974 ], [ -43.983877799999959, -22.570925799999941 ], [ -43.983957299999986, -22.570885299999929 ], [ -43.984024599999941, -22.570826499999953 ], [ -43.984076099999982, -22.570780199999945 ], [ -43.984124899999983, -22.570718599999964 ], [ -43.984182199999964, -22.570639799999981 ], [ -43.984205199999963, -22.570599 ], [ -43.984228199999961, -22.570558199999937 ], [ -43.984270699999968, -22.570464199999947 ], [ -43.984310099999959, -22.57028269999995 ], [ -43.984330899999975, -22.570076399999948 ], [ -43.984351799999956, -22.56989249999998 ], [ -43.984356499999933, -22.569867099999954 ], [ -43.984378799999945, -22.569746599999974 ], [ -43.984430399999951, -22.569636399999979 ], [ -43.984514499999932, -22.569515399999943 ], [ -43.984605099999953, -22.569401399999947 ], [ -43.984679299999982, -22.569274399999983 ], [ -43.984739799999943, -22.56912669999997 ], [ -43.98483779999998, -22.568960299999958 ], [ -43.984940599999959, -22.568796199999952 ], [ -43.985002699999939, -22.568715699999927 ], [ -43.985071099999971, -22.568665899999928 ], [ -43.985140699999931, -22.568627599999957 ], [ -43.985327499999983, -22.568592499999966 ], [ -43.98551029999993, -22.568581 ], [ -43.985695599999985, -22.568569099999934 ], [ -43.98583919999993, -22.568556 ], [ -43.985976199999982, -22.568530899999928 ], [ -43.986042299999951, -22.568500599999936 ], [ -43.986107699999934, -22.568474699999967 ], [ -43.986179399999969, -22.568459899999937 ], [ -43.98625, -22.568454799999927 ], [ -43.986315699999977, -22.568456199999957 ], [ -43.986386, -22.568463599999973 ], [ -43.98647079999995, -22.568479599999932 ], [ -43.986613199999965, -22.568485899999928 ], [ -43.986677699999973, -22.568480199999954 ], [ -43.986749499999974, -22.568461799999966 ], [ -43.98690849999997, -22.568409299999928 ], [ -43.987103099999956, -22.568315599999949 ], [ -43.987220499999978, -22.568232299999977 ], [ -43.987305, -22.568143099999929 ], [ -43.98734589999998, -22.568087099999957 ], [ -43.987367799999959, -22.568018399999971 ], [ -43.987395299999946, -22.567944 ], [ -43.987436699999932, -22.567883299999949 ], [ -43.987509499999931, -22.56784179999994 ], [ -43.987582, -22.567823399999952 ], [ -43.987636699999939, -22.567817199999979 ], [ -43.987693599999943, -22.567798499999981 ], [ -43.987733699999978, -22.567770099999962 ], [ -43.987756699999977, -22.56772959999995 ], [ -43.987757899999963, -22.56769479999997 ], [ -43.987737599999946, -22.56764869999995 ], [ -43.987720299999978, -22.5676 ], [ -43.987718699999959, -22.567560699999945 ], [ -43.987731199999985, -22.56752 ], [ -43.987755599999957, -22.56748829999998 ], [ -43.987788799999976, -22.567460299999937 ], [ -43.987842699999931, -22.567411099999958 ], [ -43.987900899999943, -22.567377 ], [ -43.988013899999942, -22.567327099999943 ], [ -43.988163899999961, -22.567255399999965 ], [ -43.988291, -22.567188099999953 ], [ -43.988466799999969, -22.567078399999957 ], [ -43.988610199999982, -22.56698739999996 ], [ -43.988680599999952, -22.566911299999958 ], [ -43.988715499999955, -22.566841299999965 ], [ -43.988758099999984, -22.566744 ], [ -43.988821299999984, -22.566651899999954 ], [ -43.988892, -22.566618399999982 ], [ -43.989006099999983, -22.566578099999958 ], [ -43.989117299999975, -22.566554899999971 ], [ -43.989197399999966, -22.566516499999977 ], [ -43.989240499999937, -22.566473899999949 ], [ -43.98928559999996, -22.566445899999962 ], [ -43.989341899999943, -22.566431299999977 ], [ -43.989440599999966, -22.566420299999947 ], [ -43.989562799999931, -22.566380099999947 ], [ -43.989578599999959, -22.56634239999994 ], [ -43.989635899999939, -22.566245899999956 ], [ -43.98968, -22.566138099999932 ], [ -43.98968949999994, -22.566011899999978 ], [ -43.989652299999932, -22.565890299999978 ], [ -43.989595099999974, -22.565809299999955 ], [ -43.989544599999931, -22.565737799999965 ], [ -43.989507, -22.56568429999993 ], [ -43.989484499999946, -22.565611299999944 ], [ -43.989488299999948, -22.565559199999939 ], [ -43.98949609999994, -22.56552679999993 ], [ -43.989525699999945, -22.565437399999951 ], [ -43.989562399999954, -22.565450899999973 ], [ -43.989615699999945, -22.565465 ], [ -43.989686099999972, -22.565471 ], [ -43.989744199999961, -22.565471899999977 ], [ -43.989806599999952, -22.565471399999979 ], [ -43.98987139999997, -22.56546179999998 ], [ -43.989927899999941, -22.565438699999959 ], [ -43.989972299999977, -22.565417199999956 ], [ -43.990034599999944, -22.565368 ], [ -43.990079099999946, -22.565321499999982 ], [ -43.990122399999962, -22.565259599999933 ], [ -43.990151099999935, -22.565210299999933 ], [ -43.990184, -22.565157299999953 ], [ -43.990215399999954, -22.565106399999934 ], [ -43.990237799999932, -22.565059099999928 ], [ -43.990262599999937, -22.565022299999953 ], [ -43.99029059999998, -22.564988799999981 ], [ -43.990320599999961, -22.564971399999934 ], [ -43.990408, -22.564954199999931 ], [ -43.990473, -22.564962399999956 ], [ -43.990531199999964, -22.564980299999945 ], [ -43.990589899999975, -22.564990699999953 ], [ -43.990671099999986, -22.564990299999977 ], [ -43.990735499999971, -22.564975699999934 ], [ -43.990807199999949, -22.564947 ], [ -43.990879399999983, -22.564907 ], [ -43.991009499999961, -22.564829199999963 ], [ -43.99112, -22.564775 ], [ -43.99122639999996, -22.564727499999947 ], [ -43.991318799999931, -22.564693199999965 ], [ -43.99147679999993, -22.564647 ], [ -43.991682499999968, -22.564603899999952 ], [ -43.991945899999962, -22.564575599999955 ], [ -43.992203199999949, -22.564529499999935 ], [ -43.99248689999996, -22.564461699999981 ], [ -43.992469799999981, -22.56442329999993 ], [ -43.992451899999935, -22.564340499999958 ], [ -43.992446099999938, -22.564248699999951 ], [ -43.992453, -22.564159 ], [ -43.992465699999968, -22.564073399999927 ], [ -43.992483199999981, -22.563983499999949 ], [ -43.992499899999984, -22.56392459999995 ], [ -43.992531299999939, -22.563832 ], [ -43.992562799999973, -22.563751399999944 ], [ -43.992592, -22.563687399999935 ], [ -43.992616599999963, -22.563632299999938 ], [ -43.992624099999944, -22.563575299999968 ], [ -43.992614799999956, -22.563507699999946 ], [ -43.992577, -22.563417399999935 ], [ -43.992558499999973, -22.56335329999996 ], [ -43.99255409999995, -22.563295 ], [ -43.992563399999938, -22.563242 ], [ -43.992587899999933, -22.563200199999983 ], [ -43.992615199999932, -22.563171599999976 ], [ -43.992647799999929, -22.563149599999974 ], [ -43.992678499999954, -22.563135099999954 ], [ -43.992706599999963, -22.563116299999933 ], [ -43.992724, -22.563098199999956 ], [ -43.992730199999983, -22.563068 ], [ -43.992721899999935, -22.562980599999946 ], [ -43.992706299999952, -22.562922599999979 ], [ -43.992636399999981, -22.562753 ], [ -43.992598899999962, -22.562668 ], [ -43.992548199999931, -22.562576799999931 ], [ -43.992511399999955, -22.562517199999945 ], [ -43.992485899999963, -22.562482099999954 ], [ -43.99244079999994, -22.562391499999933 ], [ -43.992396799999938, -22.562276699999927 ], [ -43.992325599999958, -22.562120099999959 ], [ -43.992324199999985, -22.562116899999978 ], [ -43.992264499999976, -22.56203759999994 ], [ -43.992183599999976, -22.56196319999998 ], [ -43.992075599999964, -22.561876899999959 ], [ -43.991946399999961, -22.561801299999956 ], [ -43.991813899999954, -22.561716099999956 ], [ -43.991793199999961, -22.561702699999955 ], [ -43.991658099999938, -22.561593499999958 ], [ -43.991547199999957, -22.56148479999996 ], [ -43.991463899999985, -22.561326799999961 ], [ -43.991416299999969, -22.56123649999995 ], [ -43.991371899999933, -22.561123899999927 ], [ -43.991342499999973, -22.561022899999955 ], [ -43.991316799999936, -22.560849599999983 ], [ -43.991314799999941, -22.560727 ], [ -43.991325199999949, -22.560498499999937 ], [ -43.991309899999976, -22.560393399999953 ], [ -43.991267799999946, -22.560299199999974 ], [ -43.991201699999976, -22.560231899999962 ], [ -43.991083, -22.560122699999965 ], [ -43.991054799999972, -22.56009679999994 ], [ -43.990951499999937, -22.55997919999993 ], [ -43.990836199999933, -22.559877699999959 ], [ -43.990729399999964, -22.559787399999948 ], [ -43.990626099999986, -22.559669699999972 ], [ -43.990542299999959, -22.559601899999961 ], [ -43.990439299999935, -22.559446599999944 ], [ -43.990354299999979, -22.559290899999951 ], [ -43.990254599999957, -22.559129199999973 ], [ -43.990150299999982, -22.558907 ], [ -43.990106099999934, -22.558763099999965 ], [ -43.990076899999963, -22.558597499999962 ], [ -43.990066199999944, -22.55844849999994 ], [ -43.990047199999935, -22.558300799999927 ], [ -43.990020099999981, -22.558206199999972 ], [ -43.989966099999947, -22.558084 ], [ -43.989908399999933, -22.557987499999967 ], [ -43.989816, -22.557890899999961 ], [ -43.989751, -22.55782 ], [ -43.989668499999937, -22.557761899999946 ], [ -43.989620299999956, -22.557736099999943 ], [ -43.989530499999944, -22.55771 ], [ -43.989377399999967, -22.557691899999952 ], [ -43.989246299999934, -22.55764 ], [ -43.98915, -22.557575399999962 ], [ -43.989136299999984, -22.557556099999942 ], [ -43.989133299999935, -22.55751749999996 ], [ -43.989162, -22.557440499999927 ], [ -43.989197299999944, -22.557389299999954 ], [ -43.989198299999941, -22.557305799999938 ], [ -43.989169799999956, -22.557238 ], [ -43.989118699999949, -22.55716069999994 ], [ -43.989049299999976, -22.557091199999945 ], [ -43.988987699999939, -22.557013799999936 ], [ -43.988935799999979, -22.556931499999962 ], [ -43.988906399999962, -22.556783399999972 ], [ -43.988876399999981, -22.556674 ], [ -43.988835, -22.556578699999932 ], [ -43.988767, -22.556462599999975 ], [ -43.988671, -22.556352799999956 ], [ -43.988523499999985, -22.556204199999968 ], [ -43.988234299999931, -22.555984299999977 ], [ -43.988099, -22.555875499999956 ], [ -43.987940599999945, -22.555752499999983 ], [ -43.987729, -22.555617499999983 ], [ -43.987622099999953, -22.555546199999981 ], [ -43.987527199999931, -22.55546389999995 ], [ -43.98744309999995, -22.555390899999963 ], [ -43.987315799999976, -22.555274399999973 ], [ -43.987167099999965, -22.555203 ], [ -43.987025499999959, -22.555118599999957 ], [ -43.986822, -22.554976 ], [ -43.986541799999941, -22.554718 ], [ -43.986377599999969, -22.55447879999997 ], [ -43.986231, -22.554220399999963 ], [ -43.986105799999962, -22.554078699999934 ], [ -43.986085799999955, -22.554007599999977 ], [ -43.986107299999958, -22.553956199999959 ], [ -43.986104399999931, -22.553904599999953 ], [ -43.986073399999952, -22.553872199999944 ], [ -43.98601119999995, -22.553750199999968 ], [ -43.985801599999945, -22.553289199999938 ], [ -43.985774599999957, -22.553232499999979 ], [ -43.985705799999948, -22.553161199999977 ], [ -43.98563379999996, -22.553106299999968 ], [ -43.985533299999986, -22.553021699999931 ], [ -43.985450599999979, -22.552947199999949 ], [ -43.985360499999956, -22.552908099999968 ], [ -43.985249, -22.552914 ], [ -43.985119699999984, -22.55294559999993 ], [ -43.984995499999968, -22.552977599999963 ], [ -43.984852199999978, -22.553009199999963 ], [ -43.984768599999938, -22.55300879999993 ], [ -43.984688799999958, -22.552976199999932 ], [ -43.984633599999938, -22.552930799999956 ], [ -43.984597199999939, -22.552769299999966 ], [ -43.98459459999998, -22.552691799999934 ], [ -43.984549899999934, -22.55264 ], [ -43.984438399999931, -22.552633 ], [ -43.984419899999978, -22.552578099999948 ], [ -43.984402199999977, -22.552452199999948 ], [ -43.984403099999952, -22.552381199999957 ], [ -43.960840299999973, -22.565164 ], [ -43.954719799999964, -22.568484299999966 ], [ -43.954708599999947, -22.568471299999942 ], [ -43.954759499999966, -22.56863919999995 ], [ -43.954737399999942, -22.56872889999994 ], [ -43.954644499999972, -22.568805899999973 ], [ -43.954579099999933, -22.569006699999932 ], [ -43.954512299999976, -22.569197699999961 ], [ -43.954548599999953, -22.569322899999975 ], [ -43.954634599999963, -22.569525699999929 ], [ -43.954650799999968, -22.569740099999933 ], [ -43.954621599999939, -22.569948599999975 ], [ -43.954547799999943, -22.570107699999937 ], [ -43.954457199999979, -22.570169799999974 ], [ -43.954095099999961, -22.570163899999955 ], [ -43.954051599999957, -22.570183 ], [ -43.953509499999939, -22.570145099999934 ], [ -43.952557399999932, -22.570135 ], [ -43.95215509999997, -22.570131899999978 ], [ -43.952043299999957, -22.570207399999958 ], [ -43.952001499999938, -22.570279899999946 ], [ -43.951996599999973, -22.570342599999947 ], [ -43.951957399999969, -22.570424299999956 ], [ -43.951869699999975, -22.570513099999971 ], [ -43.95180419999997, -22.57060359999997 ], [ -43.951773899999978, -22.570699499999932 ], [ -43.951765199999954, -22.57076109999997 ], [ -43.951761499999975, -22.570827299999962 ], [ -43.951733499999932, -22.570883799999933 ], [ -43.951661299999955, -22.57094509999996 ], [ -43.951525099999969, -22.571024699999953 ], [ -43.951341599999978, -22.571108099999947 ], [ -43.950366, -22.571725799999967 ], [ -43.950210199999958, -22.57183219999996 ], [ -43.950067299999944, -22.571922299999983 ], [ -43.949937899999952, -22.572021 ], [ -43.949802799999929, -22.572167599999943 ], [ -43.949456199999929, -22.572473899999977 ], [ -43.949276699999984, -22.572684199999969 ], [ -43.949230099999966, -22.572788799999955 ], [ -43.94907319999993, -22.573687099999972 ], [ -43.948952899999938, -22.574089099999981 ], [ -43.948902299999929, -22.574590199999932 ], [ -43.948829599999954, -22.574669599999936 ], [ -43.948747899999944, -22.574705399999971 ], [ -43.94870149999997, -22.574743 ], [ -43.948626099999956, -22.574753599999951 ], [ -43.948545699999954, -22.574777199999971 ], [ -43.948460699999941, -22.574779 ], [ -43.948355599999957, -22.57480929999997 ], [ -43.94826269999993, -22.574818199999982 ], [ -43.948095899999942, -22.574821699999973 ], [ -43.947889799999984, -22.574865199999977 ], [ -43.947812399999975, -22.574923899999931 ], [ -43.947755599999937, -22.574988599999983 ], [ -43.947746699999982, -22.575077299999975 ], [ -43.947793299999944, -22.575144599999931 ], [ -43.947894499999961, -22.575265399999978 ], [ -43.947956599999941, -22.575351099999978 ], [ -43.94797959999994, -22.575437099999931 ], [ -43.947956099999942, -22.575500599999941 ], [ -43.947886299999936, -22.575539 ], [ -43.947825299999977, -22.575553799999966 ], [ -43.947750199999973, -22.575553799999966 ], [ -43.947646, -22.575527 ], [ -43.947395, -22.575553799999966 ], [ -43.947144799999933, -22.575520199999971 ], [ -43.947050499999932, -22.575536099999965 ], [ -43.946776099999965, -22.575651299999947 ], [ -43.946625299999937, -22.575763699999982 ], [ -43.946477899999934, -22.57591089999994 ], [ -43.946382599999936, -22.576026699999943 ], [ -43.946231699999942, -22.576272699999947 ], [ -43.946085499999981, -22.576450099999931 ], [ -43.945983599999977, -22.57653449999998 ], [ -43.945833, -22.576622099999952 ], [ -43.945498, -22.576709199999982 ], [ -43.945255699999962, -22.576760699999966 ], [ -43.945001899999966, -22.576884299999961 ], [ -43.944919699999957, -22.57696889999994 ], [ -43.944861299999957, -22.577059099999929 ], [ -43.944815199999937, -22.57717 ], [ -43.944799899999964, -22.577266599999973 ], [ -43.944821, -22.577364899999964 ], [ -43.944971799999962, -22.577615899999955 ], [ -43.945131199999935, -22.577813899999967 ], [ -43.945464899999934, -22.578203 ], [ -43.945619099999931, -22.578315599999939 ], [ -43.945777599999985, -22.578373499999941 ], [ -43.945892599999979, -22.578403099999946 ], [ -43.946032599999967, -22.578416699999934 ], [ -43.946203099999934, -22.578487299999949 ], [ -43.946293799999978, -22.578592 ], [ -43.946312599999942, -22.578677899999946 ], [ -43.946302299999957, -22.578726399999937 ], [ -43.946215, -22.578858199999956 ], [ -43.946140399999933, -22.578948699999955 ], [ -43.946043399999951, -22.579075699999976 ], [ -43.945938699999942, -22.579210899999964 ], [ -43.945856499999934, -22.579294399999981 ], [ -43.94579779999998, -22.579385699999932 ], [ -43.945777599999985, -22.579461299999934 ], [ -43.945768, -22.579556899999943 ], [ -43.945766299999946, -22.57986539999996 ], [ -43.94577959999998, -22.579978099999948 ], [ -43.945812099999955, -22.580070299999932 ], [ -43.945790599999953, -22.580137599999944 ], [ -43.945736299999965, -22.580188799999974 ], [ -43.94568019999997, -22.580223099999955 ], [ -43.945582199999933, -22.580290399999967 ], [ -43.945521399999961, -22.580362499999978 ], [ -43.94548489999994, -22.580446599999959 ], [ -43.945474699999977, -22.580526 ], [ -43.945457099999942, -22.580651499999931 ], [ -43.945411899999954, -22.580704099999934 ], [ -43.945274299999937, -22.58078 ], [ -43.945224899999971, -22.580824499999949 ], [ -43.945121099999938, -22.580872699999929 ], [ -43.944993799999963, -22.580909199999951 ], [ -43.944899799999973, -22.58097429999998 ], [ -43.944816199999934, -22.580998299999976 ], [ -43.944774199999983, -22.581085099999939 ], [ -43.944789599999979, -22.581218399999955 ], [ -43.944825599999945, -22.581356199999959 ], [ -43.944896899999947, -22.581498899999929 ], [ -43.944933499999934, -22.58155979999998 ], [ -43.944943899999942, -22.581625599999938 ], [ -43.944911099999956, -22.581686799999943 ], [ -43.944815299999959, -22.581756799999937 ], [ -43.944716699999958, -22.581798599999956 ], [ -43.944619899999964, -22.581851599999936 ], [ -43.944525099999964, -22.581947399999933 ], [ -43.944453399999929, -22.582047299999942 ], [ -43.944269899999938, -22.582198699999935 ], [ -43.944195899999954, -22.582279799999981 ], [ -43.943931, -22.582684899999947 ], [ -43.94380979999994, -22.582833099999959 ], [ -43.943472699999973, -22.58305439999998 ], [ -43.943368599999985, -22.583088099999941 ], [ -43.942951, -22.583310099999949 ], [ -43.942916099999934, -22.583345 ], [ -43.942643099999941, -22.583500099999981 ], [ -43.942347, -22.583578899999964 ], [ -43.942788399999984, -22.583848299999943 ], [ -43.943228, -22.584290899999928 ], [ -43.943513099999961, -22.584672799999964 ], [ -43.943734499999948, -22.58502459999994 ], [ -43.943853399999966, -22.585482699999943 ], [ -43.943896499999937, -22.585616799999968 ], [ -43.943977099999984, -22.585756799999956 ], [ -43.944075699999985, -22.585827799999947 ], [ -43.944134, -22.585821399999929 ], [ -43.944197799999984, -22.58577379999997 ], [ -43.944258, -22.585773399999937 ], [ -43.944307199999969, -22.585798899999929 ], [ -43.944416599999954, -22.585824099999968 ], [ -43.944474799999966, -22.585800899999981 ], [ -43.944553499999984, -22.585714799999948 ], [ -43.944587799999965, -22.585691899999972 ], [ -43.944675399999937, -22.585685099999978 ], [ -43.944771199999934, -22.585705899999937 ], [ -43.944828799999982, -22.585684499999957 ], [ -43.944880599999976, -22.585693699999979 ], [ -43.944912299999942, -22.58573569999993 ], [ -43.944955099999959, -22.585770699999955 ], [ -43.944989499999963, -22.585775199999944 ], [ -43.945198799999957, -22.585779199999934 ], [ -43.945429299999944, -22.585757399999977 ], [ -43.945682099999942, -22.585774099999981 ], [ -43.945752599999935, -22.585785599999952 ], [ -43.94593, -22.585875299999941 ], [ -43.946139599999981, -22.586021499999958 ], [ -43.946251299999972, -22.586138099999971 ], [ -43.94631789999994, -22.586286099999938 ], [ -43.946324199999935, -22.58657409999995 ], [ -43.946321, -22.586961299999928 ], [ -43.946693499999981, -22.587238499999955 ], [ -43.947005699999977, -22.587385899999958 ], [ -43.947326099999941, -22.587597799999969 ], [ -43.948317499999973, -22.587857499999927 ], [ -43.948473199999967, -22.587987599999963 ], [ -43.948729699999944, -22.588496099999929 ], [ -43.949099499999932, -22.589170299999978 ], [ -43.949358599999982, -22.589422299999967 ], [ -43.949450599999977, -22.58966769999995 ], [ -43.949495099999979, -22.589786499999946 ], [ -43.949492699999951, -22.590435399999933 ], [ -43.949501899999973, -22.590511499999934 ], [ -43.949525299999948, -22.590705299999968 ], [ -43.949668699999961, -22.59095659999997 ], [ -43.949994, -22.591189899999961 ], [ -43.950102399999935, -22.591267599999981 ], [ -43.950458799999979, -22.59154419999993 ], [ -43.950527199999954, -22.591571399999964 ], [ -43.950595599999986, -22.591598499999975 ], [ -43.950655899999958, -22.591633499999944 ], [ -43.950722399999961, -22.591678799999954 ], [ -43.950788799999941, -22.591724099999965 ], [ -43.950861399999951, -22.591779799999983 ], [ -43.950932299999977, -22.591821699999969 ], [ -43.95101139999997, -22.59187309999993 ], [ -43.951084499999979, -22.591912499999978 ], [ -43.951191199999982, -22.591956699999969 ], [ -43.951388899999984, -22.591990099999975 ], [ -43.951422299999933, -22.591998 ], [ -43.951476, -22.592014899999981 ], [ -43.951513699999964, -22.592032899999936 ], [ -43.951539299999979, -22.592058099999974 ], [ -43.951559199999963, -22.592086 ], [ -43.951577099999952, -22.592109199999982 ], [ -43.95161539999998, -22.592141199999958 ], [ -43.951708399999973, -22.592164799999978 ], [ -43.951791, -22.592170799999963 ], [ -43.951873699999965, -22.592176699999982 ], [ -43.952023499999939, -22.592190399999936 ], [ -43.952085899999986, -22.592183399999954 ], [ -43.952091099999961, -22.592182899999955 ], [ -43.952158599999962, -22.592175299999951 ], [ -43.952254899999957, -22.592159299999935 ], [ -43.952264299999968, -22.592159599999945 ], [ -43.952368899999954, -22.592164 ], [ -43.952439599999934, -22.592175099999963 ], [ -43.952510299999972, -22.592186199999958 ], [ -43.952644099999929, -22.59220739999995 ], [ -43.952768599999956, -22.592207099999939 ], [ -43.952916099999982, -22.592177299999946 ], [ -43.95305819999993, -22.592138699999964 ], [ -43.953141799999969, -22.592111099999954 ], [ -43.953215199999931, -22.592075299999976 ], [ -43.953282199999933, -22.592029499999967 ], [ -43.953316599999937, -22.592004299999928 ], [ -43.953347099999974, -22.591978199999971 ], [ -43.95338309999994, -22.591953399999966 ], [ -43.953417799999954, -22.591933599999948 ], [ -43.953465299999948, -22.591920099999982 ], [ -43.953517799999929, -22.591913199999965 ], [ -43.953589099999931, -22.591909899999962 ], [ -43.953643799999952, -22.591909799999939 ], [ -43.953798599999971, -22.591902499999946 ], [ -43.953866299999959, -22.591930199999979 ], [ -43.953934299999958, -22.591957 ], [ -43.95401389999995, -22.592002299999933 ], [ -43.954042299999969, -22.592021299999942 ], [ -43.954054399999961, -22.592029499999967 ], [ -43.954105099999936, -22.592065 ], [ -43.954182, -22.59210029999997 ], [ -43.954235599999947, -22.592115599999943 ], [ -43.954240399999946, -22.592117 ], [ -43.954330599999935, -22.592123799999968 ], [ -43.954407299999957, -22.59211339999996 ], [ -43.954693199999952, -22.592022399999962 ], [ -43.954764399999931, -22.592002899999954 ], [ -43.954831399999932, -22.591974799999946 ], [ -43.954885, -22.591957599999944 ], [ -43.954948299999955, -22.591953699999976 ], [ -43.95500039999996, -22.591955699999971 ], [ -43.95507269999996, -22.59196309999993 ], [ -43.955164399999944, -22.591987099999983 ], [ -43.95523959999997, -22.59202149999993 ], [ -43.95530059999993, -22.592064499999935 ], [ -43.955318499999976, -22.592089299999941 ], [ -43.955336399999965, -22.592114099999947 ], [ -43.955349599999977, -22.592157499999928 ], [ -43.955356699999982, -22.592187099999933 ], [ -43.955360499999983, -22.59222879999993 ], [ -43.955360699999972, -22.592268 ], [ -43.955365799999981, -22.592317399999956 ], [ -43.955386399999952, -22.59235179999996 ], [ -43.955420699999934, -22.592395899999929 ], [ -43.955465899999979, -22.592446199999927 ], [ -43.955504899999937, -22.592496599999947 ], [ -43.955561499999931, -22.592554899999982 ], [ -43.95591479999996, -22.592681599999935 ], [ -43.955980599999975, -22.592705199999955 ], [ -43.956061399999953, -22.592730099999983 ], [ -43.956245, -22.592786699999976 ], [ -43.956324599999959, -22.592808599999955 ], [ -43.956515799999977, -22.59290139999996 ], [ -43.956738, -22.592968 ], [ -43.956950199999937, -22.592997099999934 ], [ -43.957033199999955, -22.593031399999973 ], [ -43.957073899999955, -22.593062099999941 ], [ -43.95724389999998, -22.593201099999931 ], [ -43.957425599999965, -22.593322099999966 ], [ -43.957575399999939, -22.593371399999967 ], [ -43.957731699999954, -22.593393299999946 ], [ -43.957837899999959, -22.593391399999973 ], [ -43.957899599999962, -22.593374499999982 ], [ -43.957957499999964, -22.593334699999957 ], [ -43.958016199999975, -22.593266799999981 ], [ -43.958060699999976, -22.593232499999942 ], [ -43.958086199999968, -22.593228499999952 ], [ -43.958145799999954, -22.593225599999982 ], [ -43.95818, -22.593226699999946 ], [ -43.958254299999965, -22.593238199999973 ], [ -43.958392299999957, -22.593260499999928 ], [ -43.958633799999973, -22.593268399999943 ], [ -43.958760099999949, -22.593269499999963 ], [ -43.958888399999978, -22.593261199999972 ], [ -43.958983399999966, -22.593263699999966 ], [ -43.95903409999994, -22.593271099999981 ], [ -43.95909, -22.593293799999969 ], [ -43.959122499999978, -22.593306199999972 ], [ -43.959146, -22.593342099999973 ], [ -43.959161399999971, -22.593382199999951 ], [ -43.959169199999963, -22.593451099999982 ], [ -43.959162499999934, -22.593517599999927 ], [ -43.959157299999958, -22.593643499999928 ], [ -43.959150799999975, -22.593842299999949 ], [ -43.959168699999964, -22.593904499999951 ], [ -43.959219399999938, -22.59398989999994 ], [ -43.959285399999942, -22.594042699999932 ], [ -43.959344199999975, -22.59407589999995 ], [ -43.959722799999952, -22.594162 ], [ -43.95987729999996, -22.594228399999963 ], [ -43.960492199999976, -22.594456 ], [ -43.960663099999977, -22.594521399999962 ], [ -43.960829699999977, -22.594606499999941 ], [ -43.960919699999977, -22.594630499999937 ], [ -43.960897299999942, -22.594805899999983 ], [ -43.961373399999957, -22.595108299999936 ], [ -43.961459399999967, -22.595228599999928 ], [ -43.961512299999981, -22.595338599999934 ], [ -43.961520199999939, -22.595442799999944 ], [ -43.961477399999978, -22.595546499999955 ], [ -43.961444299999982, -22.595657799999969 ], [ -43.961443599999939, -22.595779299999947 ], [ -43.961563899999931, -22.596018699999945 ], [ -43.961669499999971, -22.596127 ], [ -43.96229029999995, -22.596582199999943 ], [ -43.962385, -22.596620299999927 ], [ -43.96301219999998, -22.596729099999948 ], [ -43.963809699999956, -22.596821399999953 ], [ -43.963953199999935, -22.596877499999948 ], [ -43.964242699999943, -22.596999699999969 ], [ -43.964504499999975, -22.597073699999953 ], [ -43.964586, -22.597078299999964 ], [ -43.964930199999969, -22.597194099999967 ], [ -43.965124599999967, -22.59723159999993 ], [ -43.965364199999954, -22.597222699999975 ], [ -43.965617399999985, -22.59720029999994 ], [ -43.965751499999953, -22.597247899999957 ], [ -43.965831599999945, -22.59731679999993 ], [ -43.966015399999947, -22.597667099999967 ], [ -43.966076599999951, -22.597731 ], [ -43.966237899999953, -22.597827699999982 ], [ -43.966499899999974, -22.59795239999994 ], [ -43.966761199999951, -22.598077399999966 ], [ -43.967042399999968, -22.59823229999995 ], [ -43.967491199999984, -22.598545499999943 ], [ -43.967729599999984, -22.598653099999979 ], [ -43.968218499999978, -22.598736699999961 ], [ -43.968748799999958, -22.599008 ], [ -43.968894, -22.599129099999971 ], [ -43.96910349999996, -22.599189399999943 ], [ -43.969503499999973, -22.599249799999939 ], [ -43.969962, -22.599122699999953 ], [ -43.970251499999961, -22.599174199999936 ], [ -43.970618199999933, -22.599347899999941 ], [ -43.971544599999959, -22.599785399999973 ], [ -43.972002399999951, -22.600172499999928 ], [ -43.972792699999957, -22.600982 ], [ -43.973217299999931, -22.601316499999939 ], [ -43.973596799999939, -22.601657499999931 ], [ -43.974323799999979, -22.602152799999942 ], [ -43.974941399999977, -22.602596699999935 ], [ -43.975565199999949, -22.602927799999975 ], [ -43.976129899999933, -22.603067099999976 ], [ -43.976764199999934, -22.603067099999976 ], [ -43.977313399999957, -22.60303609999994 ], [ -43.977831699999967, -22.602927799999975 ], [ -43.978373199999965, -22.602835 ], [ -43.979425299999946, -22.602626099999952 ], [ -43.979750099999933, -22.602541099999939 ], [ -43.97999, -22.602703499999961 ], [ -43.980260699999974, -22.60303609999994 ], [ -43.98060879999997, -22.603376499999968 ], [ -43.981111599999963, -22.603569899999968 ], [ -43.981428799999946, -22.603670499999964 ], [ -43.981807799999956, -22.603538899999933 ], [ -43.982186899999931, -22.603275899999971 ], [ -43.982504, -22.603206299999954 ], [ -43.982867599999963, -22.603291399999932 ], [ -43.983347199999969, -22.603469299999972 ], [ -43.983594299999936, -22.603490499999964 ], [ -43.98360619999994, -22.603907899999967 ], [ -43.983415, -22.604148799999962 ], [ -43.983290299999965, -22.604518799999937 ], [ -43.982858399999941, -22.605009799999948 ], [ -43.982411199999945, -22.605356799999981 ], [ -43.982279699999935, -22.605503799999951 ], [ -43.982241, -22.606076199999961 ], [ -43.982388, -22.606238699999949 ], [ -43.982852099999945, -22.606555799999967 ], [ -43.983262099999934, -22.60695039999996 ], [ -43.983571499999982, -22.607182399999942 ], [ -43.98407439999994, -22.607236599999965 ], [ -43.984584899999959, -22.607167 ], [ -43.984933, -22.607190199999934 ], [ -43.986070099999949, -22.607553699999983 ], [ -43.98619089999994, -22.607622599999956 ], [ -43.986379599999964, -22.607963699999971 ], [ -43.98583629999996, -22.608511299999975 ], [ -43.985745299999962, -22.608706299999938 ], [ -43.985698799999966, -22.609394799999961 ], [ -43.985698799999966, -22.609804799999949 ], [ -43.985838099999967, -22.609975 ], [ -43.985822599999949, -22.610168399999964 ], [ -43.985737499999971, -22.610400399999946 ], [ -43.985760699999958, -22.610671199999956 ], [ -43.986093399999959, -22.611127599999975 ], [ -43.98626349999995, -22.611576299999967 ], [ -43.986023699999976, -22.611800599999981 ], [ -43.985901899999931, -22.612131499999975 ], [ -43.98593859999994, -22.612512299999935 ], [ -43.986112799999944, -22.61292549999996 ], [ -43.986377799999957, -22.613257 ], [ -43.986622099999977, -22.613690899999938 ], [ -43.98677379999998, -22.61377159999995 ], [ -43.987103199999979, -22.613927 ], [ -43.987597799999946, -22.614310499999931 ], [ -43.987963399999956, -22.614476399999944 ], [ -43.988571399999955, -22.614684799999964 ], [ -43.989568599999984, -22.615173099999936 ], [ -43.989889, -22.615283399999953 ], [ -43.990494899999931, -22.61525359999996 ], [ -43.990736599999934, -22.615311099999929 ], [ -43.991136099999949, -22.615324199999975 ], [ -43.991444299999955, -22.615388099999961 ], [ -43.991672699999981, -22.615520099999969 ], [ -43.991913, -22.615674399999932 ], [ -43.99212319999998, -22.616004299999929 ], [ -43.992300899999975, -22.616242199999931 ], [ -43.992542399999934, -22.616336 ], [ -43.992645899999957, -22.616544699999963 ], [ -43.992692799999929, -22.616804799999954 ], [ -43.992774699999984, -22.617000399999938 ], [ -43.992947899999933, -22.617100899999969 ], [ -43.993282, -22.617180599999983 ], [ -43.993520599999954, -22.617287599999941 ], [ -43.993788499999937, -22.617500699999937 ], [ -43.994059, -22.617897599999935 ], [ -43.99429779999997, -22.61832 ], [ -43.994355, -22.618577 ], [ -43.994393399999979, -22.619100399999979 ], [ -43.994304499999942, -22.619276399999933 ], [ -43.994144799999958, -22.619492099999945 ], [ -43.994092, -22.619721899999945 ], [ -43.994150199999979, -22.620127099999934 ], [ -43.994339499999967, -22.620773899999961 ], [ -43.994938, -22.621101499999952 ], [ -43.996009, -22.621916099999964 ], [ -43.996227, -22.622150799999929 ], [ -44.004197699999963, -22.629072199999939 ], [ -44.017482, -22.640607599999953 ], [ -44.017778499999963, -22.640738299999953 ], [ -44.017993899999965, -22.641039199999966 ], [ -44.018341799999973, -22.641350799999941 ], [ -44.018799399999978, -22.641461899999967 ], [ -44.019240599999932, -22.641465099999948 ], [ -44.019518399999981, -22.641448399999945 ], [ -44.01991709999993, -22.641137899999933 ], [ -44.020236, -22.640919 ], [ -44.020731799999965, -22.640903599999945 ], [ -44.021469499999967, -22.641037199999971 ], [ -44.02195, -22.641457899999978 ], [ -44.021994, -22.641868399999964 ], [ -44.021792599999969, -22.642308899999932 ], [ -44.021650099999931, -22.642823399999941 ], [ -44.021553199999971, -22.64328839999996 ], [ -44.021920799999975, -22.643800599999963 ], [ -44.022335399999974, -22.644060799999977 ], [ -44.023047, -22.644303799999932 ], [ -44.023840399999983, -22.64413449999995 ], [ -44.024155299999961, -22.643826799999943 ], [ -44.024599099999932, -22.643614399999933 ], [ -44.025039299999946, -22.643046499999969 ], [ -44.025380799999937, -22.642422799999963 ], [ -44.025740699999972, -22.64200169999998 ], [ -44.025959299999954, -22.641412699999933 ], [ -44.02642979999996, -22.640570199999956 ], [ -44.026616799999942, -22.640372199999945 ], [ -44.027010299999972, -22.640111599999955 ], [ -44.027458699999954, -22.640208299999983 ], [ -44.027974399999948, -22.640174599999966 ], [ -44.028912899999966, -22.640256299999976 ], [ -44.029422699999941, -22.640073 ], [ -44.03039629999995, -22.63978439999994 ], [ -44.031605799999966, -22.639791699999932 ], [ -44.032396199999937, -22.639781399999947 ], [ -44.033046899999931, -22.639792199999931 ], [ -44.033684799999946, -22.640337599999953 ], [ -44.034415299999978, -22.640673699999979 ], [ -44.034966, -22.641147499999931 ], [ -44.035525799999959, -22.64148849999998 ], [ -44.035928399999932, -22.641691899999955 ], [ -44.036575099999936, -22.641637799999955 ], [ -44.037180699999965, -22.641486599999951 ], [ -44.037666299999955, -22.641183499999954 ], [ -44.037755, -22.641128 ], [ -44.038456199999985, -22.640977499999963 ], [ -44.039026199999967, -22.64083949999997 ], [ -44.039103299999965, -22.640820799999972 ], [ -44.039139599999942, -22.640816399999949 ], [ -44.039141899999947, -22.640816199999961 ], [ -44.039854399999967, -22.640728599999932 ], [ -44.040479799999957, -22.640822499999956 ], [ -44.041194699999949, -22.641051899999979 ], [ -44.041645799999969, -22.641360199999951 ], [ -44.041927099999953, -22.641655899999932 ], [ -44.042340499999966, -22.641586299999972 ], [ -44.042955199999938, -22.64159 ], [ -44.043837399999973, -22.641419699999972 ], [ -44.04443079999993, -22.64119119999998 ], [ -44.044765799999936, -22.640953299999978 ], [ -44.045349499999929, -22.640918099999965 ], [ -44.046060499999953, -22.640543299999933 ], [ -44.046673, -22.640176499999939 ], [ -44.047169199999985, -22.640105799999958 ], [ -44.047843199999932, -22.640128199999936 ], [ -44.048675599999967, -22.640188399999943 ], [ -44.049722299999985, -22.640376799999956 ], [ -44.050000199999943, -22.640766799999938 ], [ -44.050214099999948, -22.641341599999976 ], [ -44.050607899999932, -22.641782699999965 ], [ -44.051063799999952, -22.642154199999936 ], [ -44.051708599999984, -22.642178299999955 ], [ -44.052275499999951, -22.642158399999971 ], [ -44.052600199999972, -22.642206699999974 ], [ -44.053049199999975, -22.642364099999952 ], [ -44.053244099999972, -22.643115699999953 ], [ -44.053173799999968, -22.643641399999979 ], [ -44.053188899999952, -22.644209199999977 ], [ -44.053958399999942, -22.644765899999982 ], [ -44.054424199999971, -22.644906299999946 ], [ -44.054311299999938, -22.645357 ], [ -44.054509099999962, -22.645838799999979 ], [ -44.054914099999962, -22.646515299999976 ], [ -44.055649599999981, -22.646837299999959 ], [ -44.05644019999994, -22.647210099999938 ], [ -44.057013299999937, -22.647508 ], [ -44.057546299999956, -22.647954899999945 ], [ -44.058082399999932, -22.647753499999965 ], [ -44.058439899999939, -22.64766359999993 ], [ -44.05909459999998, -22.647630599999957 ], [ -44.059610099999929, -22.647633699999972 ], [ -44.060125199999959, -22.647710299999972 ], [ -44.06061219999998, -22.648009899999977 ], [ -44.06088509999995, -22.648336499999971 ], [ -44.061546, -22.648423399999956 ], [ -44.061879499999975, -22.64844469999997 ], [ -44.062042099999985, -22.64857539999997 ], [ -44.061798, -22.648914299999944 ], [ -44.061963099999957, -22.649162899999965 ], [ -44.062287499999968, -22.649257599999942 ], [ -44.062486099999944, -22.649467699999946 ], [ -44.062997399999972, -22.649612299999944 ], [ -44.063287299999956, -22.649904299999946 ], [ -44.06380779999995, -22.650004099999933 ], [ -44.064516699999956, -22.650008199999945 ], [ -44.064824, -22.650115699999958 ], [ -44.064985699999966, -22.650315599999942 ], [ -44.065003, -22.650751199999945 ], [ -44.064957499999934, -22.651323399999967 ], [ -44.066012899999976, -22.651786 ], [ -44.066643899999974, -22.652161099999944 ], [ -44.066959599999961, -22.652557499999944 ], [ -44.067181299999959, -22.652814099999944 ], [ -44.067462599999942, -22.653125199999977 ], [ -44.067724299999952, -22.653548899999976 ], [ -44.06807589999994, -22.653976599999964 ], [ -44.068684899999937, -22.654321099999947 ], [ -44.069112599999983, -22.654661199999964 ], [ -44.070425099999966, -22.655107499999929 ], [ -44.070716, -22.655225199999961 ], [ -44.07090409999995, -22.655469699999969 ], [ -44.070955699999956, -22.656056099999944 ], [ -44.071175499999981, -22.657548899999938 ], [ -44.071337699999958, -22.658215199999972 ], [ -44.071315599999934, -22.658988099999931 ], [ -44.071458, -22.659511399999928 ], [ -44.07201989999993, -22.660001199999954 ], [ -44.072412899999961, -22.660136199999954 ], [ -44.073197099999959, -22.66063209999993 ], [ -44.073542299999986, -22.661369 ], [ -44.073606299999938, -22.661764 ], [ -44.07506879999994, -22.662461 ], [ -44.07581689999995, -22.662782499999935 ], [ -44.076423099999943, -22.663134199999945 ], [ -44.076721599999985, -22.663368 ], [ -44.07681969999993, -22.66366249999993 ], [ -44.07709239999997, -22.664012299999968 ], [ -44.078040699999974, -22.664177299999949 ], [ -44.078673399999957, -22.664457 ], [ -44.07934419999998, -22.664994599999943 ], [ -44.079613799999947, -22.665267099999937 ], [ -44.079799, -22.665635899999927 ], [ -44.080151799999953, -22.666304199999956 ], [ -44.080540199999973, -22.667052799999965 ], [ -44.080537, -22.667536599999949 ], [ -44.080185899999947, -22.667658499999959 ], [ -44.079867599999943, -22.667881099999931 ], [ -44.079406899999981, -22.668149299999982 ], [ -44.079072599999961, -22.668333 ], [ -44.078633599999932, -22.668415799999934 ], [ -44.078136299999983, -22.668722199999934 ], [ -44.078067, -22.669116299999928 ], [ -44.078106599999956, -22.669433799999979 ], [ -44.078093699999954, -22.669482399999936 ], [ -44.077961199999947, -22.669982199999936 ], [ -44.078120099999978, -22.670367299999953 ], [ -44.078618399999982, -22.670699199999945 ], [ -44.078887899999984, -22.670955499999934 ], [ -44.079377099999931, -22.671421599999974 ], [ -44.079095099999961, -22.672449 ], [ -44.078914599999962, -22.673275799999942 ], [ -44.07903959999993, -22.673688699999957 ], [ -44.079275399999972, -22.674167599999976 ], [ -44.079599099999939, -22.674386099999936 ], [ -44.079980699999965, -22.674666799999954 ], [ -44.079986599999984, -22.675030399999969 ], [ -44.079801699999962, -22.675261499999976 ], [ -44.079155499999956, -22.675429699999938 ], [ -44.078419399999973, -22.675752 ], [ -44.07796419999994, -22.676230299999929 ], [ -44.077829399999985, -22.676422599999967 ], [ -44.077806, -22.676809499999933 ], [ -44.078023899999948, -22.677192399999967 ], [ -44.07828509999996, -22.677705499999945 ], [ -44.078692399999966, -22.67834339999996 ], [ -44.078982399999973, -22.678635299999939 ], [ -44.078719599999943, -22.678744499999937 ], [ -44.078101299999958, -22.67884719999995 ], [ -44.07762409999998, -22.679028499999959 ], [ -44.077206599999954, -22.67912819999998 ], [ -44.076099199999931, -22.679450799999927 ], [ -44.075537199999985, -22.679705399999932 ], [ -44.075251599999945, -22.679962299999943 ], [ -44.075452299999938, -22.680488399999945 ], [ -44.075484699999947, -22.680898599999978 ], [ -44.075625099999968, -22.681394099999977 ], [ -44.075582099999963, -22.681832799999938 ], [ -44.075370499999963, -22.682121499999937 ], [ -44.075360199999977, -22.682415499999934 ], [ -44.07544189999993, -22.682655799999964 ], [ -44.075470699999983, -22.682711899999958 ], [ -44.075565399999959, -22.682896299999982 ], [ -44.075572, -22.683151699999939 ], [ -44.075635099999943, -22.683357099999967 ], [ -44.075736899999981, -22.683725399999958 ], [ -44.076194299999941, -22.68366889999993 ], [ -44.076630199999954, -22.683756399999936 ], [ -44.076962699999967, -22.683900199999982 ], [ -44.076900899999941, -22.683741299999951 ], [ -44.076873199999966, -22.68368229999993 ], [ -44.076841199999933, -22.683632899999964 ], [ -44.076793099999975, -22.683585 ], [ -44.076765799999976, -22.683544899999958 ], [ -44.076754699999981, -22.683504599999935 ], [ -44.076754299999948, -22.683483 ], [ -44.076758199999972, -22.683447899999976 ], [ -44.076779599999952, -22.683401699999933 ], [ -44.076805499999978, -22.683363499999928 ], [ -44.076844699999981, -22.683322399999952 ], [ -44.076891399999965, -22.683284 ], [ -44.076948499999958, -22.683248099999958 ], [ -44.07701579999997, -22.68320929999993 ], [ -44.077086, -22.683159699999976 ], [ -44.077136899999971, -22.683110399999975 ], [ -44.077162899999962, -22.683074899999951 ], [ -44.077186, -22.68304489999997 ], [ -44.077196099999981, -22.683025799999939 ], [ -44.077198799999962, -22.683012299999973 ], [ -44.077206, -22.683001399999966 ], [ -44.077248499999939, -22.682976499999938 ], [ -44.077301299999931, -22.682954099999961 ], [ -44.07736749999998, -22.682934299999943 ], [ -44.077436699999964, -22.682917099999941 ], [ -44.077501599999948, -22.682905299999959 ], [ -44.077545899999961, -22.682899299999974 ], [ -44.077568099999951, -22.682901699999945 ], [ -44.077621599999929, -22.682917099999941 ], [ -44.077639399999953, -22.68292219999995 ], [ -44.077646799999968, -22.682922099999928 ], [ -44.077656899999965, -22.68290849999994 ], [ -44.077661, -22.682886799999949 ], [ -44.077663599999937, -22.682867899999962 ], [ -44.077663199999961, -22.682846299999937 ], [ -44.077661299999932, -22.682816599999967 ], [ -44.077659199999971, -22.68278429999998 ], [ -44.077636899999959, -22.682717499999967 ], [ -44.077623299999971, -22.682698799999969 ], [ -44.077609799999948, -22.682690899999955 ], [ -44.077580299999966, -22.682691299999931 ], [ -44.077509299999974, -22.682689599999946 ], [ -44.077462, -22.682690299999933 ], [ -44.077416299999982, -22.682701799999961 ], [ -44.077378199999941, -22.682723899999928 ], [ -44.077283299999976, -22.682817499999942 ], [ -44.077258299999983, -22.682825899999955 ], [ -44.07723, -22.682818199999929 ], [ -44.07719979999996, -22.682795699999929 ], [ -44.077169799999979, -22.682757 ], [ -44.077157799999952, -22.682743699999946 ], [ -44.077147199999956, -22.682730299999946 ], [ -44.077139399999965, -22.682706199999927 ], [ -44.077128499999958, -22.682676599999979 ], [ -44.077112899999975, -22.682628199999954 ], [ -44.077076499999976, -22.682513099999937 ], [ -44.07706079999997, -22.682459299999948 ], [ -44.077057199999956, -22.682427 ], [ -44.07705969999995, -22.682397199999969 ], [ -44.077072499999986, -22.682367299999953 ], [ -44.077094, -22.68232919999997 ], [ -44.077109699999937, -22.682293899999934 ], [ -44.077110399999981, -22.68225069999994 ], [ -44.077107, -22.682226399999934 ], [ -44.077099099999941, -22.682196799999929 ], [ -44.077089799999953, -22.682172699999967 ], [ -44.077077599999939, -22.682148499999983 ], [ -44.077051799999936, -22.682111099999929 ], [ -44.077012799999977, -22.682079199999976 ], [ -44.076957499999935, -22.682044899999937 ], [ -44.076873499999977, -22.681978599999979 ], [ -44.076859699999943, -22.681951799999979 ], [ -44.076864, -22.681882 ], [ -44.076856099999929, -22.68185509999995 ], [ -44.076858899999934, -22.681785299999945 ], [ -44.076871899999958, -22.68176619999997 ], [ -44.076895299999933, -22.681749699999955 ], [ -44.076940799999932, -22.681727399999943 ], [ -44.077010199999961, -22.681721 ], [ -44.077062, -22.681723 ], [ -44.077132, -22.681754399999932 ], [ -44.077208399999961, -22.681807399999968 ], [ -44.077265099999977, -22.681839 ], [ -44.077287399999932, -22.68184679999996 ], [ -44.07732429999993, -22.681840899999941 ], [ -44.07736239999997, -22.681824099999972 ], [ -44.077415499999972, -22.681815299999982 ], [ -44.077454, -22.681820099999982 ], [ -44.0775, -22.681827599999963 ], [ -44.077557899999931, -22.681843 ], [ -44.077633499999934, -22.681852699999979 ], [ -44.077705899999955, -22.681851699999982 ], [ -44.077777199999957, -22.68186959999997 ], [ -44.077841099999944, -22.681890299999964 ], [ -44.077900499999942, -22.681905599999936 ], [ -44.077944799999955, -22.681907699999954 ], [ -44.077995, -22.681904299999928 ], [ -44.078048099999933, -22.681895499999939 ], [ -44.078095099999985, -22.68188129999993 ], [ -44.078149499999938, -22.681861599999934 ], [ -44.078183399999944, -22.681855799999937 ], [ -44.078260099999966, -22.681846599999972 ], [ -44.078319, -22.68183769999996 ], [ -44.078380799999934, -22.681817899999942 ], [ -44.078485499999942, -22.681754799999965 ], [ -44.078505699999937, -22.681724899999949 ], [ -44.078523, -22.68169759999995 ], [ -44.078580199999976, -22.681621699999937 ], [ -44.07862659999995, -22.681569799999977 ], [ -44.07866439999998, -22.681531499999949 ], [ -44.078695, -22.681509499999947 ], [ -44.078744899999947, -22.681487199999935 ], [ -44.07879319999995, -22.68146489999998 ], [ -44.078831499999978, -22.681453599999941 ], [ -44.078864, -22.681453099999942 ], [ -44.078963299999941, -22.681425299999944 ], [ -44.078977899999984, -22.681417 ], [ -44.078993799999978, -22.68139519999994 ], [ -44.079010799999935, -22.681354499999941 ], [ -44.079029599999956, -22.68132449999996 ], [ -44.079041099999984, -22.681308099999967 ], [ -44.079048, -22.68127839999994 ], [ -44.079050499999937, -22.681251299999929 ], [ -44.079066299999965, -22.681226799999934 ], [ -44.079085199999952, -22.681205 ], [ -44.07911, -22.681185699999958 ], [ -44.079129, -22.681174699999929 ], [ -44.079134799999963, -22.681166499999961 ], [ -44.079136, -22.681150299999956 ], [ -44.079133, -22.681096899999943 ], [ -44.079144399999961, -22.681072399999948 ], [ -44.079170399999953, -22.681037 ], [ -44.079209599999956, -22.681001399999957 ], [ -44.079252099999962, -22.680979199999967 ], [ -44.079268099999979, -22.680965499999957 ], [ -44.079273799999953, -22.680951899999968 ], [ -44.079273499999942, -22.680930299999943 ], [ -44.079275099999961, -22.680890399999953 ], [ -44.079293599999971, -22.68085229999997 ], [ -44.079296199999931, -22.680828 ], [ -44.079292899999984, -22.680809199999942 ], [ -44.079283699999962, -22.680785 ], [ -44.079267099999981, -22.680760899999939 ], [ -44.07923859999994, -22.680737 ], [ -44.07918479999995, -22.680694599999981 ], [ -44.079138299999954, -22.680654699999934 ], [ -44.079090399999984, -22.680614899999966 ], [ -44.079030599999953, -22.680572499999982 ], [ -44.078993199999957, -22.680540599999972 ], [ -44.078972699999952, -22.680501 ], [ -44.078966399999956, -22.680474099999969 ], [ -44.078956299999959, -22.680404 ], [ -44.07895549999995, -22.68035 ], [ -44.078970599999934, -22.680285 ], [ -44.078996399999937, -22.680236099999945 ], [ -44.07903239999996, -22.680181599999969 ], [ -44.079077499999983, -22.680137699999932 ], [ -44.079099399999961, -22.680123899999955 ], [ -44.079105099999936, -22.680110399999933 ], [ -44.079103599999939, -22.680059799999981 ], [ -44.079104499999971, -22.680021899999929 ], [ -44.079127799999981, -22.679954799999962 ], [ -44.07914379999994, -22.679938399999969 ], [ -44.07916419999998, -22.679924599999936 ], [ -44.07916849999998, -22.679913699999929 ], [ -44.079169699999966, -22.679900199999963 ], [ -44.079156499999954, -22.679855199999963 ], [ -44.079165799999942, -22.679828799999939 ], [ -44.079188299999942, -22.679802199999983 ], [ -44.079211099999952, -22.679797199999939 ], [ -44.079261599999938, -22.679806 ], [ -44.079297199999985, -22.679809699999964 ], [ -44.079304499999978, -22.679804199999978 ], [ -44.079305799999929, -22.679796099999976 ], [ -44.079292899999984, -22.67977 ], [ -44.079268699999943, -22.679735199999982 ], [ -44.079268499999955, -22.679719 ], [ -44.079287799999975, -22.679681699999946 ], [ -44.079329299999984, -22.67964139999998 ], [ -44.079356299999972, -22.679620199999931 ], [ -44.07941569999997, -22.679601299999945 ], [ -44.079507599999943, -22.679584599999941 ], [ -44.079611199999931, -22.679562399999952 ], [ -44.079683499999931, -22.679521699999952 ], [ -44.079735099999937, -22.679475899999943 ], [ -44.079768599999966, -22.679448499999978 ], [ -44.07987879999996, -22.679383099999939 ], [ -44.079897699999947, -22.67936659999998 ], [ -44.079926599999965, -22.679333899999961 ], [ -44.079956799999934, -22.679290399999957 ], [ -44.079982799999982, -22.679257699999937 ], [ -44.080016399999977, -22.679238399999974 ], [ -44.080041199999982, -22.679224599999941 ], [ -44.080073099999936, -22.679189099999974 ], [ -44.080123599999979, -22.679126399999973 ], [ -44.08013939999995, -22.67909659999998 ], [ -44.080157899999961, -22.67905589999998 ], [ -44.080175099999963, -22.679026 ], [ -44.080214299999966, -22.678990399999975 ], [ -44.080282699999941, -22.678941 ], [ -44.080349799999965, -22.678899699999931 ], [ -44.080396699999937, -22.678880199999981 ], [ -44.080440599999974, -22.678863399999955 ], [ -44.080480299999977, -22.678857499999935 ], [ -44.08055109999998, -22.678855599999963 ], [ -44.080616899999939, -22.678839599999947 ], [ -44.080681299999981, -22.678811799999949 ], [ -44.08072379999993, -22.678797699999961 ], [ -44.08075759999997, -22.678794599999947 ], [ -44.080781299999956, -22.678802399999938 ], [ -44.080812499999979, -22.678820799999983 ], [ -44.080860099999938, -22.67884719999995 ], [ -44.080883799999981, -22.678857599999958 ], [ -44.080908799999975, -22.678857299999947 ], [ -44.080932299999972, -22.678851599999973 ], [ -44.080959899999982, -22.678827 ], [ -44.080983, -22.678797 ], [ -44.08100879999995, -22.678750899999955 ], [ -44.081036, -22.678702 ], [ -44.081047199999944, -22.678669499999955 ], [ -44.081048499999952, -22.678653299999951 ], [ -44.081043799999975, -22.678639899999951 ], [ -44.081039299999929, -22.678631799999948 ], [ -44.081021399999941, -22.678618599999936 ], [ -44.080996199999959, -22.678605399999981 ], [ -44.080984099999966, -22.678586699999983 ], [ -44.080976299999975, -22.678557199999943 ], [ -44.080981799999961, -22.678493199999934 ], [ -44.080987199999981, -22.678463499999964 ], [ -44.080997099999934, -22.678439099999935 ], [ -44.081015899999954, -22.678417299999978 ], [ -44.081052399999976, -22.678397899999936 ], [ -44.081096399999979, -22.678386599999953 ], [ -44.081167, -22.678377599999976 ], [ -44.081253699999934, -22.678368399999954 ], [ -44.081330099999946, -22.678356599999972 ], [ -44.081381199999953, -22.678331699999944 ], [ -44.081426299999976, -22.678298699999971 ], [ -44.08147, -22.678268499999945 ], [ -44.08150379999995, -22.67826 ], [ -44.08154339999993, -22.678254099999947 ], [ -44.081599299999937, -22.678248 ], [ -44.081652, -22.678231099999948 ], [ -44.081676699999946, -22.678211899999951 ], [ -44.081691099999944, -22.678187499999979 ], [ -44.081702199999938, -22.678146899999945 ], [ -44.081704599999966, -22.678109099999972 ], [ -44.081702399999983, -22.678060599999981 ], [ -44.081686399999967, -22.677948399999934 ], [ -44.081649499999969, -22.67780689999995 ], [ -44.081632599999978, -22.677764 ], [ -44.08161309999997, -22.67774 ], [ -44.081581799999981, -22.677710699999977 ], [ -44.081562499999961, -22.677666 ], [ -44.081542899999931, -22.677599799999939 ], [ -44.081524599999966, -22.677525499999945 ], [ -44.081509, -22.677469099999939 ], [ -44.081501799999955, -22.677440399999966 ], [ -44.081487, -22.677432499999952 ], [ -44.081470599999932, -22.67742469999996 ], [ -44.081457499999942, -22.677393399999971 ], [ -44.081455399999982, -22.677318899999932 ], [ -44.081455399999982, -22.677282199999979 ], [ -44.08146679999993, -22.677255099999968 ], [ -44.08150059999997, -22.67721789999996 ], [ -44.081528799999944, -22.677199599999938 ], [ -44.081546899999978, -22.677192299999945 ], [ -44.08157929999993, -22.677181399999938 ], [ -44.081622399999958, -22.677168599999959 ], [ -44.081654799999967, -22.677160299999969 ], [ -44.081694899999945, -22.677155399999947 ], [ -44.081752599999959, -22.677147599999955 ], [ -44.08184, -22.677126899999962 ], [ -44.081911199999979, -22.677106499999979 ], [ -44.081992399999933, -22.67706979999997 ], [ -44.082035, -22.677035299999943 ], [ -44.082058399999937, -22.67699829999998 ], [ -44.08207729999998, -22.676953399999945 ], [ -44.082091799999944, -22.676908499999968 ], [ -44.082115199999976, -22.676871499999947 ], [ -44.082156, -22.676826299999959 ], [ -44.08220259999996, -22.676767599999948 ], [ -44.082237599999985, -22.676725199999964 ], [ -44.082271, -22.676672099999962 ], [ -44.082301099999938, -22.676592099999937 ], [ -44.082312199999933, -22.67652309999994 ], [ -44.082321699999966, -22.676440799999966 ], [ -44.08232959999998, -22.676378899999975 ], [ -44.082333399999982, -22.676210599999933 ], [ -44.082326599999931, -22.676120399999945 ], [ -44.08232309999994, -22.676049 ], [ -44.082325499999968, -22.676016699999934 ], [ -44.082342399999959, -22.675970799999959 ], [ -44.082403099999965, -22.675835499999948 ], [ -44.082503499999973, -22.675632299999961 ], [ -44.082560699999931, -22.675534899999946 ], [ -44.082663699999955, -22.67537249999998 ], [ -44.082744799999944, -22.675255599999957 ], [ -44.082796599999938, -22.675190499999928 ], [ -44.08285479999995, -22.67511159999998 ], [ -44.082868899999937, -22.67507379999995 ], [ -44.082888899999944, -22.674984699999982 ], [ -44.082906099999946, -22.674900899999955 ], [ -44.082926, -22.674806499999931 ], [ -44.082958499999961, -22.674719699999969 ], [ -44.083002699999952, -22.674627499999929 ], [ -44.083052799999962, -22.674546 ], [ -44.083111799999983, -22.674475199999961 ], [ -44.083176499999979, -22.674393699999939 ], [ -44.083232399999986, -22.67431769999996 ], [ -44.083293799999979, -22.674225699999965 ], [ -44.083326099999965, -22.674185 ], [ -44.083356099999946, -22.674143 ], [ -44.083371499999942, -22.6741 ], [ -44.083389599999975, -22.674040899999966 ], [ -44.083423499999981, -22.673968299999956 ], [ -44.083482099999969, -22.673861799999941 ], [ -44.08352629999996, -22.673789 ], [ -44.083584899999948, -22.673710699999958 ], [ -44.083603399999959, -22.673681099999953 ], [ -44.083607499999971, -22.673662299999933 ], [ -44.083608799999979, -22.673651599999971 ], [ -44.083592499999952, -22.67361029999995 ], [ -44.083570499999951, -22.673577 ], [ -44.083552899999972, -22.673541099999966 ], [ -44.083519899999942, -22.67349239999993 ], [ -44.083505399999979, -22.673462699999959 ], [ -44.083497899999941, -22.673444099999983 ], [ -44.083475599999986, -22.673417499999971 ], [ -44.08341669999993, -22.67335 ], [ -44.083378, -22.673296899999968 ], [ -44.083352499999933, -22.67325169999998 ], [ -44.083343299999967, -22.673219599999982 ], [ -44.083339899999942, -22.673162199999979 ], [ -44.083343799999966, -22.673127299999976 ], [ -44.083351899999968, -22.673084399999937 ], [ -44.083367599999974, -22.673060199999952 ], [ -44.083390599999973, -22.673041199999943 ], [ -44.083434499999953, -22.673026 ], [ -44.083447699999965, -22.67302849999993 ], [ -44.083455099999981, -22.673036499999967 ], [ -44.083471399999951, -22.673055 ], [ -44.083498099999986, -22.673092199999928 ], [ -44.08353649999998, -22.673126599999932 ], [ -44.083579, -22.67314209999995 ], [ -44.083637499999952, -22.673157499999945 ], [ -44.083675299999982, -22.673151799999971 ], [ -44.083699899999942, -22.67313809999996 ], [ -44.08373, -22.673103 ], [ -44.08377, -22.673049 ], [ -44.083810099999937, -22.673000399999978 ], [ -44.083837399999936, -22.672976 ], [ -44.083878, -22.672962199999972 ], [ -44.083936199999982, -22.672953499999949 ], [ -44.08401189999995, -22.672947299999976 ], [ -44.084055599999942, -22.672952199999941 ], [ -44.084090799999956, -22.672965099999942 ], [ -44.084130499999958, -22.672988799999928 ], [ -44.084190799999931, -22.67303359999994 ], [ -44.084214299999985, -22.673044 ], [ -44.084231799999941, -22.673043799999959 ], [ -44.084270799999956, -22.673022 ], [ -44.084301099999948, -22.673002899999972 ], [ -44.084376299999974, -22.672967299999982 ], [ -44.084437099999946, -22.672942499999976 ], [ -44.084453099999962, -22.672934299999952 ], [ -44.084470299999964, -22.672918099999947 ], [ -44.084506099999942, -22.672860199999946 ], [ -44.084544599999958, -22.67280089999997 ], [ -44.084576, -22.672755099999961 ], [ -44.084603299999969, -22.672730699999931 ], [ -44.084639399999958, -22.672706199999936 ], [ -44.084692699999948, -22.672653599999933 ], [ -44.084704099999954, -22.672632 ], [ -44.084718, -22.672571799999957 ], [ -44.084713399999941, -22.672553099999959 ], [ -44.084701399999972, -22.672531799999945 ], [ -44.084678, -22.672509499999933 ], [ -44.084676399999978, -22.672498799999971 ], [ -44.084683599999948, -22.672490699999969 ], [ -44.084705299999939, -22.672482399999978 ], [ -44.084744499999942, -22.672456699999941 ], [ -44.084767499999941, -22.672437699999932 ], [ -44.084779, -22.672424199999966 ], [ -44.084787299999959, -22.672397399999966 ], [ -44.084793599999955, -22.672313199999962 ], [ -44.084793, -22.672267699999963 ], [ -44.084785699999941, -22.67215159999995 ], [ -44.084779499999968, -22.672119499999951 ], [ -44.084764499999949, -22.672090299999979 ], [ -44.084729299999935, -22.672054699999933 ], [ -44.084705799999938, -22.672038899999961 ], [ -44.084669, -22.672015199999976 ], [ -44.084638199999972, -22.67199949999997 ], [ -44.084616299999936, -22.671989 ], [ -44.084546099999955, -22.671971099999951 ], [ -44.084518399999979, -22.671963299999959 ], [ -44.084492, -22.671950199999969 ], [ -44.08446559999993, -22.671939799999961 ], [ -44.084436499999981, -22.671937499999956 ], [ -44.084395699999959, -22.671937899999932 ], [ -44.084345, -22.671951799999931 ], [ -44.08428559999993, -22.671976599999937 ], [ -44.08423339999996, -22.671990499999936 ], [ -44.084202799999957, -22.671985499999948 ], [ -44.084167499999978, -22.671964499999945 ], [ -44.084148299999981, -22.671940599999971 ], [ -44.084131799999966, -22.671911299999977 ], [ -44.084118, -22.671863299999927 ], [ -44.08411289999998, -22.671815199999969 ], [ -44.084106499999962, -22.671772399999952 ], [ -44.084091199999932, -22.671719099999962 ], [ -44.084071599999959, -22.671673799999951 ], [ -44.084060799999975, -22.671633799999938 ], [ -44.084059, -22.671607 ], [ -44.08406, -22.671580199999937 ], [ -44.084075699999971, -22.671553299999971 ], [ -44.08411179999996, -22.671531499999958 ], [ -44.084165199999973, -22.671498799999938 ], [ -44.084212799999932, -22.671468899999979 ], [ -44.084273399999972, -22.671433399999955 ], [ -44.084299299999941, -22.671411699999965 ], [ -44.084312099999977, -22.671384799999942 ], [ -44.084313299999963, -22.67136869999996 ], [ -44.084308199999953, -22.671300799999983 ], [ -44.08429579999995, -22.67124739999997 ], [ -44.084275899999966, -22.671182699999974 ], [ -44.084252, -22.671140799999932 ], [ -44.084239699999955, -22.671095399999956 ], [ -44.084239199999956, -22.671057899999937 ], [ -44.084253099999955, -22.671009599999934 ], [ -44.084284499999967, -22.670966399999941 ], [ -44.084320099999957, -22.670909799999947 ], [ -44.084374499999967, -22.670844899999963 ], [ -44.084437599999944, -22.670774699999981 ], [ -44.084515, -22.670676399999934 ], [ -44.08458539999998, -22.670589 ], [ -44.084623699999952, -22.670504599999958 ], [ -44.084634699999981, -22.670459 ], [ -44.08463839999996, -22.670391 ], [ -44.084643299999982, -22.670312299999978 ], [ -44.084662399999957, -22.670206699999937 ], [ -44.084669, -22.670144099999959 ], [ -44.084665199999961, -22.67006559999993 ], [ -44.084653099999969, -22.670013899999958 ], [ -44.084651399999984, -22.66999519999996 ], [ -44.084661199999971, -22.669954 ], [ -44.084673899999984, -22.669910099999981 ], [ -44.084682199999975, -22.669866299999967 ], [ -44.08468339999996, -22.669825199999934 ], [ -44.084682699999973, -22.66976539999996 ], [ -44.084687899999949, -22.669700199999966 ], [ -44.084696099999974, -22.669651099999953 ], [ -44.084710199999961, -22.669601899999975 ], [ -44.084719899999982, -22.66955269999994 ], [ -44.084725299999945, -22.669503599999928 ], [ -44.084731399999953, -22.669409 ], [ -44.084745099999964, -22.669335799999942 ], [ -44.084761299999968, -22.669230499999969 ], [ -44.084785299999965, -22.66916249999997 ], [ -44.084819599999946, -22.669110499999931 ], [ -44.084839599999952, -22.669066699999973 ], [ -44.084848, -22.669033699999943 ], [ -44.084856299999956, -22.668987299999969 ], [ -44.084874699999943, -22.668924 ], [ -44.084896, -22.668869499999971 ], [ -44.084917299999972, -22.668808799999965 ], [ -44.084932599999945, -22.668746399999975 ], [ -44.084938199999954, -22.668699299999957 ], [ -44.084937499999967, -22.668622899999946 ], [ -44.084932799999933, -22.668568 ], [ -44.084931199999971, -22.66852629999994 ], [ -44.084935399999949, -22.668487299999981 ], [ -44.084942499999954, -22.668462499999976 ], [ -44.084943899999985, -22.668440299999929 ], [ -44.084936599999935, -22.668420899999944 ], [ -44.084908799999937, -22.668391099999951 ], [ -44.084888199999966, -22.668367199999977 ], [ -44.084885, -22.668345899999963 ], [ -44.084891699999957, -22.668291699999941 ], [ -44.084908299999938, -22.668232799999942 ], [ -44.084923599999968, -22.66819 ], [ -44.084971499999938, -22.668076699999972 ], [ -44.085009599999978, -22.667990199999963 ], [ -44.08503909999996, -22.667923199999962 ], [ -44.085051599999986, -22.667883099999983 ], [ -44.085057, -22.667853699999966 ], [ -44.085056499999951, -22.66781629999997 ], [ -44.085045399999956, -22.667749699999945 ], [ -44.085028299999976, -22.667672499999981 ], [ -44.085018899999966, -22.667621799999949 ], [ -44.085005499999966, -22.667595299999959 ], [ -44.084986399999934, -22.667565399999944 ], [ -44.084986199999946, -22.667546699999946 ], [ -44.084991699999932, -22.667528 ], [ -44.085011499999951, -22.667493099999945 ], [ -44.085039599999959, -22.667426099999943 ], [ -44.085049199999958, -22.667394 ], [ -44.085047299999985, -22.667345299999965 ], [ -44.085026399999947, -22.667286099999956 ], [ -44.08499089999998, -22.667219 ], [ -44.084943899999985, -22.667160099999933 ], [ -44.08490269999993, -22.667115099999933 ], [ -44.084855699999935, -22.667053499999952 ], [ -44.084846499999969, -22.66701889999996 ], [ -44.084849199999951, -22.666994199999976 ], [ -44.084887499999979, -22.666918599999974 ], [ -44.084937699999955, -22.666864099999941 ], [ -44.084972099999959, -22.666839799999934 ], [ -44.08502969999995, -22.666815299999939 ], [ -44.08510769999998, -22.666787299999953 ], [ -44.08516839999993, -22.666764799999953 ], [ -44.085215799999958, -22.666726399999959 ], [ -44.085270199999968, -22.666669299999967 ], [ -44.085331899999971, -22.666617499999973 ], [ -44.085387899999944, -22.66656839999996 ], [ -44.085417899999982, -22.666530199999954 ], [ -44.085423499999933, -22.666508299999975 ], [ -44.08542319999998, -22.66647039999998 ], [ -44.085419799999954, -22.666433099999949 ], [ -44.085425099999952, -22.666398399999935 ], [ -44.085448699999972, -22.666331499999956 ], [ -44.085462599999971, -22.666291399999977 ], [ -44.085492299999942, -22.666237799999976 ], [ -44.085510099999965, -22.666215 ], [ -44.085527799999966, -22.666192199999955 ], [ -44.085563399999955, -22.66614919999995 ], [ -44.085586, -22.666106299999967 ], [ -44.08559409999998, -22.666068899999971 ], [ -44.085591499999964, -22.665977799999951 ], [ -44.085579499999938, -22.66594589999994 ], [ -44.085564799999929, -22.665927299999964 ], [ -44.085499099999936, -22.665876699999956 ], [ -44.085477099999935, -22.665852899999948 ], [ -44.085459199999946, -22.66581309999998 ], [ -44.085450099999946, -22.665781199999969 ], [ -44.085418799999957, -22.665706299999954 ], [ -44.085380199999975, -22.665637299999958 ], [ -44.085356499999932, -22.665583699999956 ], [ -44.085344699999951, -22.665570399999979 ], [ -44.085325799999964, -22.665559899999948 ], [ -44.085251599999935, -22.665517399999942 ], [ -44.085201599999948, -22.665461899999968 ], [ -44.085175099999958, -22.665427399999942 ], [ -44.085133499999984, -22.665353099999948 ], [ -44.085105299999952, -22.665305299999943 ], [ -44.085080099999971, -22.665262899999959 ], [ -44.085069399999952, -22.665203799999972 ], [ -44.085070599999938, -22.665185199999939 ], [ -44.08506449999993, -22.665163899999982 ], [ -44.085045099999945, -22.665124 ], [ -44.085031599999979, -22.665086799999983 ], [ -44.085024, -22.665065499999969 ], [ -44.085013599999968, -22.665046899999936 ], [ -44.084986, -22.665039099999944 ], [ -44.084912199999962, -22.66503709999995 ], [ -44.084859899999969, -22.665024199999948 ], [ -44.084830699999941, -22.66500579999996 ], [ -44.084807199999943, -22.66497929999997 ], [ -44.084790799999951, -22.664944699999978 ], [ -44.084770099999957, -22.66492089999997 ], [ -44.084726399999965, -22.664899899999966 ], [ -44.084644099999934, -22.664897599999961 ], [ -44.084560199999942, -22.664898299999948 ], [ -44.084460499999977, -22.664909799999975 ], [ -44.084385, -22.66489439999998 ], [ -44.08428129999993, -22.664812199999972 ], [ -44.084260599999936, -22.664785599999959 ], [ -44.084238299999981, -22.664740499999937 ], [ -44.084235099999944, -22.664721799999938 ], [ -44.084245899999985, -22.664665699999944 ], [ -44.084275, -22.66458 ], [ -44.084298899999965, -22.664529099999982 ], [ -44.084326, -22.664502199999959 ], [ -44.084383199999934, -22.664448399999969 ], [ -44.084430399999974, -22.664408 ], [ -44.084463, -22.664359599999955 ], [ -44.084495599999968, -22.664308699999935 ], [ -44.084526799999935, -22.66426569999993 ], [ -44.084556699999951, -22.664233399999944 ], [ -44.084579399999939, -22.66420119999998 ], [ -44.084584799999959, -22.664174499999945 ], [ -44.084583, -22.664150499999948 ], [ -44.08456949999993, -22.664113199999974 ], [ -44.084550199999967, -22.664084 ], [ -44.084519499999942, -22.664062899999976 ], [ -44.084489099999985, -22.664060399999983 ], [ -44.084464499999967, -22.664063299999953 ], [ -44.084435799999937, -22.664076899999941 ], [ -44.084416899999951, -22.664077099999929 ], [ -44.084399299999973, -22.664061199999935 ], [ -44.084377, -22.663997 ], [ -44.084354099999985, -22.663917099999935 ], [ -44.084336099999973, -22.663871799999981 ], [ -44.08429609999996, -22.663808099999983 ], [ -44.084259199999963, -22.663760299999979 ], [ -44.084219399999938, -22.66371259999994 ], [ -44.08409469999998, -22.663585099999978 ], [ -44.08405369999997, -22.663553399999955 ], [ -44.084005499999932, -22.663524399999972 ], [ -44.083961599999952, -22.663495299999965 ], [ -44.083911699999931, -22.663447699999949 ], [ -44.083872, -22.663410599999963 ], [ -44.083818099999974, -22.663384299999962 ], [ -44.083765799999981, -22.66337939999994 ], [ -44.083622599999956, -22.663366899999971 ], [ -44.083571499999948, -22.66334059999997 ], [ -44.083546499999954, -22.66331409999998 ], [ -44.08353429999994, -22.663276799999949 ], [ -44.083531, -22.663250099999971 ], [ -44.083536, -22.663193899999953 ], [ -44.083541, -22.663137799999959 ], [ -44.08354049999997, -22.66310569999996 ], [ -44.083531299999947, -22.663073699999927 ], [ -44.083517799999981, -22.663039099999935 ], [ -44.083491, -22.662993899999947 ], [ -44.083463, -22.662956699999938 ], [ -44.08343659999997, -22.662935499999946 ], [ -44.083397199999979, -22.662917099999959 ], [ -44.083362099999931, -22.662896 ], [ -44.083309199999974, -22.662848299999951 ], [ -44.083247099999937, -22.662765899999954 ], [ -44.08320539999994, -22.662691399999972 ], [ -44.083190299999956, -22.662651399999959 ], [ -44.083184, -22.662619399999983 ], [ -44.083177499999977, -22.662571299999968 ], [ -44.083168399999977, -22.662542 ], [ -44.083169399999974, -22.662509899999975 ], [ -44.083172099999956, -22.662499199999957 ], [ -44.083193299999948, -22.662461599999972 ], [ -44.083211499999948, -22.662421399999971 ], [ -44.083214099999964, -22.662399899999969 ], [ -44.083222699999965, -22.66238919999995 ], [ -44.083235699999932, -22.662386399999946 ], [ -44.083270599999935, -22.662394199999937 ], [ -44.083292399999948, -22.662402 ], [ -44.083327599999961, -22.662425799999937 ], [ -44.08336989999998, -22.662444199999982 ], [ -44.083400299999937, -22.662444 ], [ -44.083432199999947, -22.662419599999964 ], [ -44.083466499999986, -22.662381899999957 ], [ -44.083509099999958, -22.662325399999929 ], [ -44.083544499999959, -22.662269 ], [ -44.083588499999962, -22.662204599999939 ], [ -44.083616699999936, -22.662153499999931 ], [ -44.083627799999931, -22.662116 ], [ -44.08363, -22.662073199999952 ], [ -44.083626799999934, -22.662046499999974 ], [ -44.083593399999984, -22.661923699999932 ], [ -44.083584099999939, -22.661883699999976 ], [ -44.083580799999936, -22.661851599999977 ], [ -44.08358329999993, -22.661824799999977 ], [ -44.083597399999974, -22.661798 ], [ -44.083611499999961, -22.661773799999935 ], [ -44.083614299999965, -22.661765799999955 ], [ -44.08361119999995, -22.661749799999939 ], [ -44.083590299999969, -22.661712499999965 ], [ -44.083536099999947, -22.661648699999944 ], [ -44.083480499999951, -22.661609 ], [ -44.08343229999997, -22.661582599999974 ], [ -44.083411599999977, -22.66156129999996 ], [ -44.083403899999951, -22.661529299999927 ], [ -44.083406099999934, -22.661481099999946 ], [ -44.08341, -22.66145169999993 ], [ -44.083431299999972, -22.661416699999961 ], [ -44.083451199999956, -22.661392499999977 ], [ -44.083459699999935, -22.661381799999958 ], [ -44.083462399999974, -22.661368399999958 ], [ -44.083460399999979, -22.661330899999939 ], [ -44.083464299999946, -22.661296099999959 ], [ -44.083473899999944, -22.661261299999978 ], [ -44.083485099999962, -22.661234499999978 ], [ -44.083502199999941, -22.661212899999953 ], [ -44.083542299999976, -22.661180599999966 ], [ -44.083577599999956, -22.661153599999977 ], [ -44.08359669999993, -22.661134699999934 ], [ -44.083612199999948, -22.661105199999952 ], [ -44.083621899999969, -22.661073 ], [ -44.083627299999932, -22.661048899999969 ], [ -44.083629499999972, -22.661000699999931 ], [ -44.083627699999965, -22.660971299999972 ], [ -44.083611099999985, -22.660931299999959 ], [ -44.083587499999965, -22.660902 ], [ -44.083507199999985, -22.66083569999995 ], [ -44.083464599999957, -22.66080119999998 ], [ -44.083427899999947, -22.660769399999936 ], [ -44.083404299999984, -22.660740099999941 ], [ -44.083392099999969, -22.660700099999929 ], [ -44.083384599999931, -22.660684099999969 ], [ -44.083361099999934, -22.660662799999955 ], [ -44.083314399999949, -22.660641699999928 ], [ -44.083238499999936, -22.660610099999928 ], [ -44.083193199999982, -22.660583699999961 ], [ -44.083105799999942, -22.660557499999982 ], [ -44.082971399999963, -22.660517 ], [ -44.082816899999955, -22.660464599999955 ], [ -44.082734599999981, -22.660434899999927 ], [ -44.082867799999974, -22.660362499999962 ], [ -44.082908, -22.660335499999974 ], [ -44.082959499999959, -22.66028689999996 ], [ -44.083033299999954, -22.660179299999982 ], [ -44.083078499999942, -22.660098699999935 ], [ -44.083154699999966, -22.659953599999938 ], [ -44.083202899999947, -22.659878299999946 ], [ -44.083228499999962, -22.659846 ], [ -44.083297499999958, -22.659802799999966 ], [ -44.083354699999973, -22.659748799999932 ], [ -44.083377299999938, -22.659711199999947 ], [ -44.083388599999978, -22.659684299999981 ], [ -44.083385, -22.659641499999964 ], [ -44.083375199999978, -22.659566599999948 ], [ -44.083377299999938, -22.659513 ], [ -44.08339639999997, -22.65943249999998 ], [ -44.083416199999931, -22.659394899999938 ], [ -44.083433399999933, -22.659384099999954 ], [ -44.08347109999994, -22.659383799999944 ], [ -44.083549399999981, -22.659378 ], [ -44.083680099999981, -22.659393199999954 ], [ -44.083764499999972, -22.659414099999935 ], [ -44.083919399999957, -22.65947239999997 ], [ -44.083960199999979, -22.659488199999942 ], [ -44.083994899999936, -22.659482599999933 ], [ -44.084067, -22.65943969999995 ], [ -44.084098599999948, -22.65942339999998 ], [ -44.084139099999959, -22.659412399999951 ], [ -44.084309899999937, -22.659390299999927 ], [ -44.084437099999946, -22.659352399999932 ], [ -44.084460099999944, -22.659341599999948 ], [ -44.084529599999939, -22.659325499999966 ], [ -44.084636799999942, -22.659330199999943 ], [ -44.084729299999935, -22.659324199999958 ], [ -44.084795799999938, -22.659308099999976 ], [ -44.084855799999957, -22.65925429999993 ], [ -44.084935799999982, -22.65916859999993 ], [ -44.084978499999977, -22.659115299999939 ], [ -44.085021099999949, -22.659046499999931 ], [ -44.085057699999936, -22.658971399999928 ], [ -44.085113299999932, -22.658806399999946 ], [ -44.085160799999983, -22.658683699999983 ], [ -44.085182699999962, -22.65859329999995 ], [ -44.085201899999959, -22.658513599999935 ], [ -44.085224099999948, -22.658444599999939 ], [ -44.08526, -22.658327499999928 ], [ -44.085298799999975, -22.658205099999975 ], [ -44.08532589999993, -22.65807209999997 ], [ -44.085341599999936, -22.657955199999947 ], [ -44.085354099999961, -22.657817099999932 ], [ -44.085366699999952, -22.657678899999951 ], [ -44.08537, -22.657503599999927 ], [ -44.085379299999943, -22.657338899999957 ], [ -44.085396899999978, -22.657152799999949 ], [ -44.085421699999984, -22.657067299999937 ], [ -44.085449099999948, -22.656966599999976 ], [ -44.08544859999995, -22.656929299999945 ], [ -44.085445099999959, -22.65688659999995 ], [ -44.085444, -22.656806599999982 ], [ -44.085446399999967, -22.656774499999983 ], [ -44.085474199999965, -22.656695299999967 ], [ -44.085474, -22.656679299999951 ], [ -44.085465, -22.656652599999973 ], [ -44.085444099999961, -22.656604699999946 ], [ -44.085436699999946, -22.656487399999946 ], [ -44.085447699999975, -22.656449899999927 ], [ -44.08548159999998, -22.656396399999949 ], [ -44.085572499999955, -22.656294499999944 ], [ -44.085652, -22.656208699999979 ], [ -44.085674799999936, -22.656187199999977 ], [ -44.085683099999983, -22.656160399999976 ], [ -44.08568269999995, -22.656133799999964 ], [ -44.085679499999969, -22.656112399999927 ], [ -44.085655699999961, -22.656053799999938 ], [ -44.085640599999977, -22.656011199999966 ], [ -44.085645299999953, -22.655997599999978 ], [ -44.08557959999996, -22.655883899999935 ], [ -44.085555899999974, -22.655841299999963 ], [ -44.085529599999973, -22.655814699999951 ], [ -44.08543039999995, -22.655735099999958 ], [ -44.085357299999941, -22.655666099999962 ], [ -44.08527289999995, -22.655613099999982 ], [ -44.085211699999945, -22.655576099999962 ], [ -44.085170699999935, -22.655528199999935 ], [ -44.085114899999951, -22.655464399999971 ], [ -44.085085499999934, -22.655421799999942 ], [ -44.085073099999931, -22.655363099999931 ], [ -44.085081, -22.655309699999975 ], [ -44.085086, -22.65525619999994 ], [ -44.085074, -22.655218899999966 ], [ -44.085064899999963, -22.655192199999931 ], [ -44.085073299999976, -22.655170799999951 ], [ -44.085125699999935, -22.655097399999931 ], [ -44.08514109999993, -22.655064899999957 ], [ -44.085157599999945, -22.655006 ], [ -44.085162499999967, -22.654941899999983 ], [ -44.085152899999969, -22.654877799999952 ], [ -44.085120199999949, -22.654808499999945 ], [ -44.085070299999984, -22.654744599999958 ], [ -44.085038199999985, -22.654723399999966 ], [ -44.084977399999957, -22.65470769999996 ], [ -44.084841299999937, -22.654681599999947 ], [ -44.084797799999933, -22.654665799999975 ], [ -44.084786, -22.654649799999959 ], [ -44.084776499999975, -22.654576399999939 ], [ -44.084768599999961, -22.654432099999951 ], [ -44.08475569999996, -22.65433059999998 ], [ -44.08476079999997, -22.654287899999929 ], [ -44.084774899999957, -22.654261099999928 ], [ -44.084806199999946, -22.654234199999962 ], [ -44.084940899999935, -22.654154799999958 ], [ -44.084963699999946, -22.654133399999978 ], [ -44.084974799999941, -22.654101199999957 ], [ -44.084979799999985, -22.654047799999944 ], [ -44.08497019999993, -22.653983699999969 ], [ -44.084955399999956, -22.653951699999936 ], [ -44.08490809999995, -22.653877099999931 ], [ -44.084854499999949, -22.653759699999966 ], [ -44.084845499999972, -22.653733 ], [ -44.084877199999937, -22.653666199999975 ], [ -44.08491, -22.653604399999949 ], [ -44.084937599999932, -22.653513399999952 ], [ -44.084969699999931, -22.653327699999977 ], [ -44.084998, -22.653284799999938 ], [ -44.085055099999977, -22.653241799999932 ], [ -44.08512989999997, -22.653220099999942 ], [ -44.085256299999969, -22.653182099999981 ], [ -44.085284599999966, -22.653144599999962 ], [ -44.085295699999961, -22.653107099999943 ], [ -44.085298, -22.653064299999983 ], [ -44.08529139999996, -22.653010799999947 ], [ -44.085249599999941, -22.652909399999942 ], [ -44.085213499999952, -22.652802599999973 ], [ -44.085186, -22.652695699999981 ], [ -44.085167499999955, -22.65261019999997 ], [ -44.085149799999954, -22.652583599999957 ], [ -44.0851, -22.652535599999965 ], [ -44.084925399999975, -22.652425699999981 ], [ -44.084840699999972, -22.65236189999996 ], [ -44.084744199999932, -22.652276699999959 ], [ -44.084665299999983, -22.652207399999952 ], [ -44.084601099999929, -22.652159499999982 ], [ -44.084531299999981, -22.652127699999937 ], [ -44.084464699999955, -22.652117199999964 ], [ -44.084395399999948, -22.652117499999974 ], [ -44.084242299999971, -22.652112699999975 ], [ -44.08410159999994, -22.652096299999982 ], [ -44.084028399999966, -22.652088699999979 ], [ -44.083958699999982, -22.652062199999932 ], [ -44.083932399999981, -22.652040899999974 ], [ -44.083911599999965, -22.651998099999958 ], [ -44.083878699999957, -22.651923299999964 ], [ -44.083825399999967, -22.651832499999955 ], [ -44.083790099999931, -22.65178979999996 ], [ -44.083681199999944, -22.651631599999973 ], [ -44.083589399999937, -22.651482 ], [ -44.083539299999984, -22.651412599999958 ], [ -44.083421699999974, -22.651249 ], [ -44.083350899999971, -22.651152899999943 ], [ -44.083300799999961, -22.65108349999997 ], [ -44.083217799999943, -22.650914499999942 ], [ -44.083199299999933, -22.650839599999983 ], [ -44.083197699999971, -22.650823499999944 ], [ -44.083196, -22.650807399999962 ], [ -44.083180699999957, -22.650753899999927 ], [ -44.083099699999934, -22.650520699999959 ], [ -44.083093599999984, -22.650499299999979 ], [ -44.083099, -22.650472499999978 ], [ -44.083133, -22.650394199999937 ], [ -44.083129799999938, -22.650372799999957 ], [ -44.083109099999945, -22.650346099999979 ], [ -44.08306529999993, -22.650314099999946 ], [ -44.082995499999981, -22.650282199999936 ], [ -44.082801199999949, -22.650204699999961 ], [ -44.082696799999951, -22.650178299999936 ], [ -44.08267369999993, -22.650178399999959 ], [ -44.082650599999965, -22.650183799999979 ], [ -44.08262209999998, -22.650210699999946 ], [ -44.082593199999963, -22.650210799999968 ], [ -44.08257, -22.65020549999997 ], [ -44.08251219999994, -22.650165099999981 ], [ -44.082409599999949, -22.650069 ], [ -44.082362699999976, -22.650026299999979 ], [ -44.082225899999969, -22.649921899999981 ], [ -44.082173199999943, -22.64987919999993 ], [ -44.082141099999944, -22.649857899999972 ], [ -44.082120399999951, -22.649825799999974 ], [ -44.082099399999947, -22.649777599999936 ], [ -44.082058099999983, -22.649733399999946 ], [ -44.082034799999974, -22.649708199999964 ], [ -44.082002699999975, -22.649686899999949 ], [ -44.081938599999944, -22.649654899999973 ], [ -44.081839699999932, -22.649571899999955 ], [ -44.081786399999942, -22.649486299999978 ], [ -44.081698399999937, -22.649360399999978 ], [ -44.081678, -22.649349699999959 ], [ -44.081631499999958, -22.649333799999965 ], [ -44.081550299999947, -22.649312599999973 ], [ -44.081506399999967, -22.64928059999994 ], [ -44.081433199999935, -22.649221799999964 ], [ -44.081307599999946, -22.649141799999938 ], [ -44.081205499999953, -22.649083099999928 ], [ -44.08109479999996, -22.649029799999937 ], [ -44.080868399999986, -22.648925799999972 ], [ -44.08073719999993, -22.648856399999943 ], [ -44.080574499999955, -22.648752199999933 ], [ -44.080504, -22.648688099999958 ], [ -44.080372899999929, -22.64856229999998 ], [ -44.080215099999975, -22.648399199999972 ], [ -44.080174199999931, -22.648372499999937 ], [ -44.080127599999969, -22.648356499999977 ], [ -44.079989599999976, -22.648338099999933 ], [ -44.079931299999942, -22.648311399999955 ], [ -44.079893299999981, -22.64829009999994 ], [ -44.0798, -22.648169699999983 ], [ -44.079726799999946, -22.648116199999947 ], [ -44.079605099999981, -22.64803349999994 ], [ -44.079477899999972, -22.647966799999949 ], [ -44.079333399999939, -22.64789479999996 ], [ -44.079226799999958, -22.647844199999952 ], [ -44.079143399999964, -22.647798899999941 ], [ -44.078966699999967, -22.647716499999945 ], [ -44.078895099999954, -22.647676599999954 ], [ -44.078820899999982, -22.647647499999948 ], [ -44.07873509999996, -22.647618299999976 ], [ -44.078585499999974, -22.647578799999962 ], [ -44.07824329999994, -22.64748359999993 ], [ -44.083241399999963, -22.643208899999934 ], [ -44.086301499999934, -22.640591599999937 ], [ -44.077453799999944, -22.616617 ], [ -44.07740089999993, -22.616473499999927 ], [ -44.072145899999953, -22.602234399999929 ], [ -44.069628499999965, -22.595412799999963 ], [ -44.068546, -22.592479799999978 ], [ -44.06852379999998, -22.592419599999971 ], [ -44.068169399999931, -22.592301199999952 ], [ -44.067688799999985, -22.592037 ], [ -44.066584599999942, -22.59139689999995 ], [ -44.063088499999935, -22.589364 ], [ -44.061871799999949, -22.588613899999928 ], [ -44.060914499999967, -22.588120299999957 ], [ -44.059007099999974, -22.587325899999939 ], [ -44.056075299999975, -22.586082199999964 ], [ -44.055411699999979, -22.585841799999969 ], [ -44.054823, -22.585658799999976 ], [ -44.052976699999931, -22.58526059999997 ], [ -44.052354799999932, -22.58512769999993 ], [ -44.050818799999945, -22.584799499999974 ], [ -44.050184899999977, -22.584664 ], [ -44.049897099999953, -22.58460249999996 ], [ -44.046813899999961, -22.583952799999963 ], [ -44.045879599999978, -22.583755899999971 ], [ -44.045772399999976, -22.583733299999949 ], [ -44.044871199999932, -22.583540199999959 ], [ -44.042728, -22.583081 ], [ -44.041433299999937, -22.582803499999955 ], [ -44.041341299999942, -22.582783799999959 ], [ -44.040365799999961, -22.582581799999957 ], [ -44.039497499999982, -22.582402 ], [ -44.039057599999978, -22.582304399999941 ], [ -44.038678399999981, -22.58222029999996 ], [ -44.038108199999954, -22.582167299999981 ], [ -44.038066599999979, -22.582166199999961 ], [ -44.037774099999979, -22.582158399999969 ], [ -44.035616499999946, -22.582100899999944 ], [ -44.034889, -22.582081499999958 ], [ -44.03480849999994, -22.582079299999975 ], [ -44.033761799999979, -22.582051399999955 ], [ -44.03372, -22.582050299999935 ], [ -44.03240889999995, -22.582017699999938 ], [ -44.030891799999949, -22.581979899999965 ], [ -44.030832099999941, -22.581977399999971 ], [ -44.030541099999937, -22.581965299999979 ], [ -44.030061499999931, -22.581945399999938 ], [ -44.029468799999961, -22.581825899999956 ], [ -44.028642699999978, -22.581661899999972 ], [ -44.027942399999972, -22.581522799999959 ], [ -44.025829, -22.581133899999941 ], [ -44.02567659999994, -22.581105799999932 ], [ -44.024621899999943, -22.580921399999966 ], [ -44.024249699999984, -22.580856299999937 ], [ -44.023693599999945, -22.580829199999982 ], [ -44.023245799999984, -22.580858099999944 ], [ -44.022858199999973, -22.580919899999969 ], [ -44.022265399999981, -22.581095799999957 ], [ -44.021622299999933, -22.581347 ], [ -44.021234399999969, -22.581516 ], [ -44.021201099999985, -22.581540799999971 ], [ -44.020913899999982, -22.581753899999967 ], [ -44.020570499999963, -22.582004499999982 ], [ -44.020036199999936, -22.582575399999939 ], [ -44.01740719999998, -22.585401299999944 ], [ -44.01733349999995, -22.585465599999964 ], [ -44.01718649999998, -22.58559379999997 ], [ -44.016920499999969, -22.585818099999983 ], [ -44.016886299999953, -22.585847 ], [ -44.016662199999985, -22.585995199999957 ], [ -44.016638499999942, -22.586010899999962 ], [ -44.016364099999976, -22.586154 ], [ -44.016046399999937, -22.586239299999932 ], [ -44.015776099999982, -22.58628669999996 ], [ -44.015442899999982, -22.58633569999995 ], [ -44.015257099999985, -22.586335299999973 ], [ -44.015150099999971, -22.586335 ], [ -44.014726199999984, -22.586328199999969 ], [ -44.012492, -22.586146399999961 ], [ -44.01238989999996, -22.586139899999978 ], [ -44.011057, -22.586054399999966 ], [ -44.010436299999981, -22.585959499999944 ], [ -44.009501, -22.585739099999955 ], [ -44.006590299999971, -22.584949399999971 ], [ -44.003426799999943, -22.584169799999927 ], [ -43.99981, -22.583176499999979 ], [ -43.998719299999948, -22.582877 ], [ -43.99727189999993, -22.582371099999932 ], [ -43.995579899999939, -22.581773099999964 ], [ -43.992972299999963, -22.580827899999974 ], [ -43.991027799999983, -22.580114899999955 ], [ -43.989522299999976, -22.57957 ], [ -43.988529099999937, -22.579213299999935 ], [ -43.987912599999959, -22.578946599999938 ], [ -43.987036099999955, -22.578396 ], [ -43.986180599999955, -22.577855199999931 ], [ -43.985522699999933, -22.577510299999972 ], [ -43.984968399999957, -22.577341399999966 ], [ -43.984626499999933, -22.577294199999983 ], [ -43.984381799999937, -22.577289 ], [ -43.983950599999957, -22.57731 ], [ -43.983420299999977, -22.577416699999958 ], [ -43.982951799999967, -22.577604599999972 ], [ -43.982492, -22.577879399999972 ], [ -43.981665199999952, -22.578498799999977 ] ] ] ] } },
{ "type": "Feature", "properties": { "CD_REGIAO": "3", "NM_REGIAO": "Sudeste", "CD_UF": "33", "NM_UF": "Rio de Janeiro", "CD_MUN": "3304003", "NM_MUN": "Piraí", "CD_DIST": "330400315", "NM_DIST": "Monumento", "CD_RGINT": "3302", "NM_RGINT": "Volta Redonda - Barra Mansa", "CD_RGI": "330004", "NM_RGI": "Volta Redonda - Barra Mansa", "CD_CONCURB": null, "NM_CONCURB": null }, "geometry": { "type": "MultiPolygon", "coordinates": [ [ [ [ -43.809168599999964, -22.690049199999976 ], [ -43.809115299999974, -22.690077099999939 ], [ -43.808883099999946, -22.690061899999932 ], [ -43.808622299999968, -22.689985899999954 ], [ -43.808434499999976, -22.689863199999934 ], [ -43.808195799999964, -22.689753699999983 ], [ -43.807913199999973, -22.689677499999959 ], [ -43.807615799999951, -22.689641599999959 ], [ -43.807223599999929, -22.689638699999932 ], [ -43.806780299999957, -22.689669099999946 ], [ -43.806205499999976, -22.689792699999941 ], [ -43.805797499999983, -22.689951399999927 ], [ -43.80550889999995, -22.690094399999964 ], [ -43.805193, -22.690280199999961 ], [ -43.804860799999972, -22.690499199999977 ], [ -43.804576499999939, -22.69071109999993 ], [ -43.804340199999956, -22.69088279999994 ], [ -43.804152099999953, -22.691014199999927 ], [ -43.803804899999932, -22.691122399999983 ], [ -43.803491799999961, -22.69119459999996 ], [ -43.803386299999943, -22.691218899999967 ], [ -43.803079099999934, -22.69127229999998 ], [ -43.802766899999938, -22.69129659999993 ], [ -43.80238049999997, -22.691352699999982 ], [ -43.802085799999929, -22.691376399999967 ], [ -43.801751799999977, -22.691355399999964 ], [ -43.801402099999962, -22.691297399999939 ], [ -43.801031299999977, -22.691232 ], [ -43.800653899999929, -22.691159099999936 ], [ -43.800391799999943, -22.691101699999933 ], [ -43.800091, -22.691018 ], [ -43.799912199999937, -22.690891499999964 ], [ -43.799698699999965, -22.690734899999939 ], [ -43.799440799999957, -22.690514699999937 ], [ -43.799278899999933, -22.69036959999994 ], [ -43.799109, -22.690235399999949 ], [ -43.798958699999957, -22.690131 ], [ -43.798732899999948, -22.690011199999958 ], [ -43.798523, -22.689902599999982 ], [ -43.798356299999966, -22.689846 ], [ -43.79809419999998, -22.689792299999965 ], [ -43.797667299999944, -22.689733399999966 ], [ -43.797154599999942, -22.689663099999962 ], [ -43.796677599999953, -22.689618899999971 ], [ -43.79612869999994, -22.689592599999969 ], [ -43.795623499999977, -22.689574099999959 ], [ -43.795116499999949, -22.689566199999945 ], [ -43.794714099999965, -22.689626 ], [ -43.794403299999942, -22.689679 ], [ -43.794092699999965, -22.689702499999953 ], [ -43.793818099999953, -22.689715199999966 ], [ -43.793614799999943, -22.689757899999961 ], [ -43.793355099999985, -22.689877699999954 ], [ -43.793083199999955, -22.690034399999945 ], [ -43.792924899999946, -22.690162799999939 ], [ -43.792880099999934, -22.690276899999958 ], [ -43.792886799999962, -22.690424499999949 ], [ -43.792964799999936, -22.690602299999966 ], [ -43.793007699999976, -22.690705899999955 ], [ -43.793002399999978, -22.690849799999967 ], [ -43.792972899999938, -22.691037799999947 ], [ -43.792875799999933, -22.691221599999949 ], [ -43.792679299999975, -22.691397299999949 ], [ -43.792402, -22.6916 ], [ -43.792241799999942, -22.69171689999996 ], [ -43.792125899999974, -22.691775099999973 ], [ -43.792018299999938, -22.69179639999993 ], [ -43.791871199999946, -22.691776799999957 ], [ -43.791684699999962, -22.691720099999941 ], [ -43.791451199999983, -22.691581799999938 ], [ -43.791193499999963, -22.691469099999949 ], [ -43.790967699999953, -22.691353 ], [ -43.79077, -22.691218599999956 ], [ -43.790635599999973, -22.691110599999945 ], [ -43.790505099999962, -22.691017399999964 ], [ -43.79036629999996, -22.690964599999973 ], [ -43.790191099999959, -22.690978099999938 ], [ -43.789948, -22.691027899999938 ], [ -43.789552799999967, -22.691176199999973 ], [ -43.789262899999983, -22.691295799999978 ], [ -43.788907299999948, -22.691455499999961 ], [ -43.788663799999938, -22.691553299999953 ], [ -43.788484199999971, -22.69160729999993 ], [ -43.788308899999947, -22.691639199999941 ], [ -43.788033899999959, -22.691688699999929 ], [ -43.787794799999972, -22.691727499999956 ], [ -43.787581899999964, -22.691778299999953 ], [ -43.787458099999981, -22.691825299999948 ], [ -43.787338199999965, -22.69188719999994 ], [ -43.787110899999959, -22.691944499999977 ], [ -43.786883799999941, -22.691979699999933 ], [ -43.786756099999934, -22.692015599999934 ], [ -43.78654419999998, -22.692132099999981 ], [ -43.786347899999953, -22.692285599999934 ], [ -43.7861, -22.692416599999945 ], [ -43.785896399999956, -22.692496199999937 ], [ -43.785693099999946, -22.692563 ], [ -43.785633, -22.692582799999968 ], [ -43.785369599999967, -22.692669399999943 ], [ -43.785091, -22.69268569999997 ], [ -43.785289, -22.692771799999946 ], [ -43.785464299999944, -22.692895199999953 ], [ -43.785569299999963, -22.693049199999962 ], [ -43.785637099999974, -22.693214699999942 ], [ -43.785740099999941, -22.693354199999931 ], [ -43.785838699999942, -22.69346859999996 ], [ -43.785942299999931, -22.693537699999979 ], [ -43.786034399999949, -22.693594699999949 ], [ -43.78615259999998, -22.693635599999936 ], [ -43.786284099999932, -22.693665599999974 ], [ -43.786352299999976, -22.693666399999927 ], [ -43.786427099999969, -22.693667199999936 ], [ -43.786622799999975, -22.693671599999959 ], [ -43.786711899999943, -22.693668299999956 ], [ -43.786819299999934, -22.693664299999966 ], [ -43.787000499999976, -22.69365629999993 ], [ -43.787147, -22.69365229999994 ], [ -43.787258899999983, -22.693655199999966 ], [ -43.787338, -22.693659299999979 ], [ -43.787343899999939, -22.693660799999975 ], [ -43.787411299999974, -22.693677599999944 ], [ -43.787497799999983, -22.693708199999946 ], [ -43.787577899999974, -22.693741399999965 ], [ -43.787728299999969, -22.693813 ], [ -43.787786, -22.693853699999977 ], [ -43.787844799999959, -22.693900599999949 ], [ -43.787863899999934, -22.693915799999957 ], [ -43.787915899999973, -22.693970799999931 ], [ -43.787946799999929, -22.694015899999954 ], [ -43.787964099999954, -22.694077799999945 ], [ -43.787972499999967, -22.694174 ], [ -43.78796989999995, -22.694272599999977 ], [ -43.787955299999965, -22.694385099999977 ], [ -43.78793109999998, -22.694459399999971 ], [ -43.787900499999978, -22.694536199999959 ], [ -43.787897099999952, -22.694542299999966 ], [ -43.788024099999973, -22.694671699999958 ], [ -43.788090799999964, -22.694739 ], [ -43.78814929999993, -22.694789899999932 ], [ -43.788165399999968, -22.694803899999954 ], [ -43.788217, -22.694844399999965 ], [ -43.788290899999936, -22.694877299999973 ], [ -43.788352399999951, -22.694889299999943 ], [ -43.788437199999976, -22.694902399999933 ], [ -43.78851659999998, -22.694903699999941 ], [ -43.788622799999985, -22.69490049999996 ], [ -43.788693399999943, -22.694895499999973 ], [ -43.78877319999998, -22.694891 ], [ -43.788816599999961, -22.694899899999939 ], [ -43.788853399999937, -22.694907599999965 ], [ -43.788900799999965, -22.694942099999935 ], [ -43.788941499999964, -22.694982 ], [ -43.78897939999996, -22.69503919999994 ], [ -43.789003099999945, -22.695098599999938 ], [ -43.789018699999986, -22.695119699999964 ], [ -43.789072499999975, -22.695135 ], [ -43.789090299999941, -22.695147499999962 ], [ -43.78911979999998, -22.695169399999941 ], [ -43.789188699999954, -22.69518759999994 ], [ -43.789258, -22.695199899999977 ], [ -43.789346099999932, -22.695210399999951 ], [ -43.789422799999954, -22.695228899999961 ], [ -43.789506599999982, -22.695256599999936 ], [ -43.789581899999973, -22.695272199999977 ], [ -43.789650299999948, -22.695275799999933 ], [ -43.789879399999961, -22.695326399999942 ], [ -43.789973599999939, -22.695340099999953 ], [ -43.790058, -22.695359 ], [ -43.790194199999974, -22.695399 ], [ -43.790270699999951, -22.695420399999932 ], [ -43.79043669999993, -22.695459 ], [ -43.790638299999955, -22.695522799999935 ], [ -43.790731699999981, -22.695548 ], [ -43.790849599999945, -22.695580399999983 ], [ -43.790915899999959, -22.695592599999941 ], [ -43.790951899999982, -22.695591599999943 ], [ -43.791008399999953, -22.695609099999956 ], [ -43.791090499999939, -22.695639599999936 ], [ -43.791183799999942, -22.695667799999967 ], [ -43.791235, -22.695693799999958 ], [ -43.791275199999973, -22.695722099999955 ], [ -43.791352899999936, -22.695814199999973 ], [ -43.791418299999975, -22.695925399999965 ], [ -43.791486, -22.69604819999995 ], [ -43.791570499999978, -22.696218599999952 ], [ -43.791625899999985, -22.696317599999929 ], [ -43.79171249999996, -22.696438699999931 ], [ -43.79179739999995, -22.696518899999944 ], [ -43.791885199999967, -22.696602199999973 ], [ -43.791935199999955, -22.696645599999954 ], [ -43.79204569999996, -22.696739499999978 ], [ -43.792141699999945, -22.696840699999939 ], [ -43.792231299999969, -22.696921299999929 ], [ -43.792323199999942, -22.697013599999934 ], [ -43.792467599999952, -22.69713779999995 ], [ -43.792546799999968, -22.697212 ], [ -43.792633, -22.697298199999977 ], [ -43.792704299999968, -22.697351499999968 ], [ -43.792754399999978, -22.697395 ], [ -43.792853199999968, -22.697479 ], [ -43.792911899999979, -22.697534699999949 ], [ -43.792954399999985, -22.697574799999927 ], [ -43.793157599999972, -22.697796299999936 ], [ -43.793225199999938, -22.69788159999996 ], [ -43.793337699999938, -22.698016 ], [ -43.793481299999939, -22.698198799999943 ], [ -43.793511, -22.698244099999954 ], [ -43.793523, -22.698274 ], [ -43.79352549999993, -22.698282799999959 ], [ -43.793536299999971, -22.698350599999969 ], [ -43.793557199999952, -22.698430499999972 ], [ -43.793586799999957, -22.698499199999958 ], [ -43.793622499999969, -22.698547899999937 ], [ -43.79368889999995, -22.698606899999959 ], [ -43.793754099999944, -22.698660099999927 ], [ -43.793797099999949, -22.698694499999931 ], [ -43.793829099999982, -22.698728299999971 ], [ -43.793854899999985, -22.69874139999996 ], [ -43.793875399999934, -22.698739599999953 ], [ -43.793896299999972, -22.698732 ], [ -43.79392189999993, -22.698724599999935 ], [ -43.793961399999944, -22.698720899999955 ], [ -43.794027, -22.698724399999946 ], [ -43.79409069999997, -22.698733699999934 ], [ -43.794186899999943, -22.698765699999967 ], [ -43.794251, -22.698769099999936 ], [ -43.79429609999994, -22.698774499999956 ], [ -43.794318699999963, -22.698787399999958 ], [ -43.794334499999934, -22.698808699999972 ], [ -43.794335699999976, -22.698835 ], [ -43.794333199999983, -22.698869899999977 ], [ -43.794336099999953, -22.698896399999967 ], [ -43.79435, -22.698920499999929 ], [ -43.794388899999944, -22.698969299999931 ], [ -43.794421399999976, -22.698997399999939 ], [ -43.79444959999995, -22.69904269999995 ], [ -43.794495, -22.699089 ], [ -43.794542699999965, -22.699123699999973 ], [ -43.794588, -22.699149599999942 ], [ -43.794608599999947, -22.699168199999974 ], [ -43.794615199999953, -22.699186099999963 ], [ -43.794607299999939, -22.699209099999962 ], [ -43.794602899999973, -22.699226299999964 ], [ -43.794611699999962, -22.699235599999952 ], [ -43.794639399999937, -22.699242899999945 ], [ -43.794714699999986, -22.699238699999967 ], [ -43.794763599999953, -22.699235499999929 ], [ -43.794797799999969, -22.699240299999929 ], [ -43.794839399999944, -22.699251299999958 ], [ -43.794866199999944, -22.699249799999961 ], [ -43.794893699999932, -22.699260099999947 ], [ -43.794951599999933, -22.699301599999956 ], [ -43.795032399999968, -22.69940239999994 ], [ -43.795095599999968, -22.699484799999937 ], [ -43.795165299999951, -22.699564599999974 ], [ -43.795232699999985, -22.69963249999995 ], [ -43.79529139999994, -22.699691299999927 ], [ -43.795353899999952, -22.699761899999942 ], [ -43.795413599999961, -22.699829499999964 ], [ -43.795478799999955, -22.69990619999993 ], [ -43.795523499999945, -22.699964199999954 ], [ -43.795591299999955, -22.700049799999931 ], [ -43.795661199999984, -22.700150099999973 ], [ -43.795758599999942, -22.700284199999942 ], [ -43.795817599999964, -22.700360499999931 ], [ -43.795889799999941, -22.700452299999938 ], [ -43.795963499999971, -22.700544099999945 ], [ -43.795992299999966, -22.700580799999955 ], [ -43.796024699999975, -22.700611899999956 ], [ -43.796085499999947, -22.700641499999961 ], [ -43.796144399999946, -22.700677 ], [ -43.796190299999978, -22.700717599999962 ], [ -43.796231099999943, -22.700763699999982 ], [ -43.796262499999955, -22.700785899999971 ], [ -43.796288699999934, -22.700793199999964 ], [ -43.79631749999993, -22.700809399999969 ], [ -43.796346099999937, -22.700805199999934 ], [ -43.796361399999967, -22.700788399999965 ], [ -43.79637809999997, -22.700774699999954 ], [ -43.796396899999934, -22.700775699999951 ], [ -43.796415299999978, -22.700782599999968 ], [ -43.796439, -22.700804399999981 ], [ -43.796465, -22.700814599999944 ], [ -43.796553499999959, -22.70089 ], [ -43.796602, -22.700939499999947 ], [ -43.796640099999934, -22.700979699999948 ], [ -43.796668799999964, -22.700995899999953 ], [ -43.79670619999996, -22.70100089999994 ], [ -43.796761299999957, -22.701001 ], [ -43.796837599999947, -22.700990499999932 ], [ -43.796897899999976, -22.700982099999976 ], [ -43.796945, -22.700984699999935 ], [ -43.797020799999984, -22.701003499999956 ], [ -43.797103599999957, -22.701034499999935 ], [ -43.79716389999993, -22.701049499999954 ], [ -43.797220399999958, -22.701052599999969 ], [ -43.797256, -22.70106039999996 ], [ -43.797275599999978, -22.701073199999939 ], [ -43.797280599999965, -22.701091099999928 ], [ -43.797279399999979, -22.701108599999941 ], [ -43.797213899999974, -22.701204799999971 ], [ -43.797186299999964, -22.701238499999931 ], [ -43.797170199999982, -22.701266899999951 ], [ -43.797160899999938, -22.701286899999957 ], [ -43.797161299999971, -22.701304499999935 ], [ -43.797168799999952, -22.70133119999997 ], [ -43.797195599999952, -22.701376699999969 ], [ -43.79722309999994, -22.701410399999929 ], [ -43.797258199999931, -22.701427 ], [ -43.797303199999931, -22.70143539999998 ], [ -43.797360099999935, -22.701432599999976 ], [ -43.797392699999932, -22.701416799999947 ], [ -43.797410199999945, -22.701414899999975 ], [ -43.797425399999952, -22.701421599999946 ], [ -43.797455, -22.701426099999935 ], [ -43.797496399999943, -22.701419599999952 ], [ -43.797544699999946, -22.701404699999955 ], [ -43.797571, -22.701388599999973 ], [ -43.797586399999943, -22.701371799999947 ], [ -43.79760639999995, -22.701355399999954 ], [ -43.797658, -22.701337699999954 ], [ -43.797698499999967, -22.701322299999958 ], [ -43.797728099999972, -22.701303399999972 ], [ -43.79774249999997, -22.70127789999998 ], [ -43.797754299999951, -22.701243299999931 ], [ -43.797773799999959, -22.701212199999929 ], [ -43.797784699999966, -22.701192299999946 ], [ -43.797783899999956, -22.701180499999964 ], [ -43.797769399999936, -22.701162099999976 ], [ -43.797759699999972, -22.701144 ], [ -43.797760699999969, -22.701129399999957 ], [ -43.797770699999944, -22.701121199999932 ], [ -43.797805799999935, -22.701114299999972 ], [ -43.797867399999973, -22.701111799999978 ], [ -43.797929199999942, -22.701106399999958 ], [ -43.797989, -22.701106799999934 ], [ -43.798042, -22.70111559999998 ], [ -43.798125499999969, -22.701149699999974 ], [ -43.798187899999959, -22.701182499999959 ], [ -43.798247799999956, -22.701226799999972 ], [ -43.798319699999979, -22.701280599999961 ], [ -43.798355299999969, -22.701311799999928 ], [ -43.798388699999975, -22.701331299999936 ], [ -43.798418499999968, -22.701332899999954 ], [ -43.798440899999946, -22.701328299999943 ], [ -43.798466799999971, -22.701318 ], [ -43.798482699999965, -22.70131589999994 ], [ -43.798494799999958, -22.701322399999981 ], [ -43.798505, -22.701334699999961 ], [ -43.798516599999971, -22.70135 ], [ -43.798533199999952, -22.701359699999955 ], [ -43.79854789999996, -22.701375199999973 ], [ -43.798582499999952, -22.701479899999981 ], [ -43.79858859999996, -22.70152719999993 ], [ -43.798585899999978, -22.701544599999977 ], [ -43.798577199999954, -22.70155589999996 ], [ -43.798565599999961, -22.701564 ], [ -43.79856209999997, -22.701569699999936 ], [ -43.798561099999972, -22.701584299999979 ], [ -43.798569599999951, -22.701619899999969 ], [ -43.798589499999935, -22.70167379999998 ], [ -43.798612, -22.701713199999972 ], [ -43.798644, -22.701753099999962 ], [ -43.798672699999941, -22.701792799999964 ], [ -43.798693899999932, -22.701829099999941 ], [ -43.798707699999966, -22.701879699999949 ], [ -43.798722699999985, -22.701959799999941 ], [ -43.798728399999959, -22.702059799999972 ], [ -43.798725299999944, -22.702127099999927 ], [ -43.798720499999945, -22.702173799999969 ], [ -43.798703699999976, -22.702234399999952 ], [ -43.798675899999978, -22.702294499999937 ], [ -43.798668, -22.702317499999936 ], [ -43.798669699999948, -22.702338199999929 ], [ -43.79868659999994, -22.702368499999977 ], [ -43.798712799999976, -22.702422699999943 ], [ -43.798733099999936, -22.70244729999996 ], [ -43.798759, -22.702460499999972 ], [ -43.798793799999942, -22.702459499999975 ], [ -43.798809699999936, -22.70245749999998 ], [ -43.798834399999976, -22.70246469999995 ], [ -43.798861699999975, -22.702480899999955 ], [ -43.79889739999993, -22.702512199999944 ], [ -43.798952299999939, -22.702562199999932 ], [ -43.798994499999935, -22.702591 ], [ -43.799043199999971, -22.702617199999963 ], [ -43.799080599999968, -22.702645699999948 ], [ -43.799130599999955, -22.702698399999974 ], [ -43.799172, -22.702738799999963 ], [ -43.799207099999933, -22.702779 ], [ -43.79924909999994, -22.70281069999993 ], [ -43.799297799999977, -22.702836899999966 ], [ -43.799339699999962, -22.702848 ], [ -43.799387199999956, -22.70284479999998 ], [ -43.799402, -22.702836799999943 ], [ -43.799421799999948, -22.702823199999955 ], [ -43.79943929999996, -22.702821299999982 ], [ -43.799472099999946, -22.702826 ], [ -43.799512199999981, -22.70284 ], [ -43.799540899999954, -22.702859199999978 ], [ -43.79955659999996, -22.70288359999995 ], [ -43.79955769999998, -22.702913 ], [ -43.799551899999983, -22.70297439999996 ], [ -43.799533899999972, -22.703076099999976 ], [ -43.79952359999993, -22.703134299999931 ], [ -43.799508899999978, -22.703209899999933 ], [ -43.799504299999967, -22.703253699999948 ], [ -43.799505499999952, -22.703283099999965 ], [ -43.799512399999969, -22.703307 ], [ -43.799543099999937, -22.703320499999961 ], [ -43.799599099999966, -22.703332399999965 ], [ -43.799682, -22.703343 ], [ -43.799805499999934, -22.703361599999937 ], [ -43.799896099999955, -22.703375499999936 ], [ -43.799947599999939, -22.703384299999982 ], [ -43.799967399999957, -22.703394199999934 ], [ -43.79999, -22.703410199999951 ], [ -43.800084599999934, -22.703483 ], [ -43.800270499999954, -22.703613899999937 ], [ -43.800371199999972, -22.703666599999963 ], [ -43.800434099999961, -22.703693699999974 ], [ -43.800489399999947, -22.703717299999937 ], [ -43.800549699999976, -22.703758899999968 ], [ -43.800624299999981, -22.703801299999952 ], [ -43.800661499999933, -22.703812199999959 ], [ -43.800723599999969, -22.703827499999932 ], [ -43.80078519999995, -22.703851499999928 ], [ -43.800851099999932, -22.703881699999954 ], [ -43.800907199999983, -22.703917199999978 ], [ -43.800975699999981, -22.703956299999959 ], [ -43.801031699999953, -22.703991799999983 ], [ -43.801180299999942, -22.704094299999952 ], [ -43.801245799999947, -22.704130299999974 ], [ -43.801324799999975, -22.704155299999968 ], [ -43.80136959999993, -22.704169599999943 ], [ -43.801391899999942, -22.704191499999979 ], [ -43.801412599999935, -22.70421319999997 ], [ -43.801450899999963, -22.704230099999961 ], [ -43.801491899999974, -22.704232399999967 ], [ -43.801523399999951, -22.704234199999973 ], [ -43.801554099999976, -22.704247699999939 ], [ -43.80159649999996, -22.704276499999935 ], [ -43.801645899999983, -22.704294 ], [ -43.801688699999943, -22.704317 ], [ -43.801736099999971, -22.704340299999956 ], [ -43.801776099999984, -22.70435729999997 ], [ -43.801862599999936, -22.704418 ], [ -43.801901099999952, -22.704434899999967 ], [ -43.801986799999952, -22.704478 ], [ -43.802073299999961, -22.704532899999947 ], [ -43.802141199999937, -22.704580899999939 ], [ -43.802213599999959, -22.704635 ], [ -43.802310099999943, -22.704734499999972 ], [ -43.802350499999932, -22.70479279999995 ], [ -43.802378699999963, -22.704867899999954 ], [ -43.802405699999952, -22.704937199999961 ], [ -43.802486499999929, -22.705030099999931 ], [ -43.80254629999996, -22.705083499999944 ], [ -43.80260149999998, -22.705133799999942 ], [ -43.80266279999995, -22.705187299999977 ], [ -43.802731499999936, -22.705250099999944 ], [ -43.802811399999939, -22.705310599999962 ], [ -43.802956499999937, -22.705418899999927 ], [ -43.803021599999965, -22.705463799999961 ], [ -43.803087699999935, -22.705517699999973 ], [ -43.803202599999963, -22.705600799999957 ], [ -43.803271499999937, -22.705637199999956 ], [ -43.803319199999976, -22.705657599999938 ], [ -43.803379799999959, -22.705675799999938 ], [ -43.803450899999973, -22.705703399999948 ], [ -43.803535599999975, -22.705740599999956 ], [ -43.803657399999963, -22.705791799999929 ], [ -43.803839499999981, -22.705869799999959 ], [ -43.803880399999969, -22.705898599999955 ], [ -43.803919, -22.705939099999966 ], [ -43.803980799999977, -22.706010499999934 ], [ -43.804116599999929, -22.70616549999994 ], [ -43.804163899999935, -22.706218299999932 ], [ -43.804282099999966, -22.706375199999968 ], [ -43.804330199999981, -22.706439899999964 ], [ -43.804365399999938, -22.70648319999998 ], [ -43.804449, -22.706564399999934 ], [ -43.80449909999993, -22.706623399999955 ], [ -43.804683599999976, -22.706857899999932 ], [ -43.804774, -22.70697819999998 ], [ -43.804851399999961, -22.70708 ], [ -43.804907399999934, -22.707145199999957 ], [ -43.804949199999953, -22.707186 ], [ -43.804976099999976, -22.707211099999938 ], [ -43.805012699999963, -22.707283799999971 ], [ -43.80502139999993, -22.707319699999971 ], [ -43.805023699999936, -22.707381799999951 ], [ -43.805032499999982, -22.707488599999976 ], [ -43.805048, -22.707519 ], [ -43.805072899999971, -22.70755 ], [ -43.805099799999937, -22.707575199999951 ], [ -43.805125799999985, -22.707615099999941 ], [ -43.805147799999929, -22.707642899999939 ], [ -43.805183799999952, -22.707674499999939 ], [ -43.805206399999975, -22.707693499999948 ], [ -43.805216499999972, -22.707708899999943 ], [ -43.805234699999971, -22.707745399999965 ], [ -43.805258699999968, -22.707814699999972 ], [ -43.805283499999973, -22.707872299999963 ], [ -43.805306099999939, -22.707891299999972 ], [ -43.805341299999952, -22.707911099999933 ], [ -43.805407499999944, -22.707944 ], [ -43.805493199999944, -22.707993299999941 ], [ -43.805581099999984, -22.708033799999953 ], [ -43.805633399999977, -22.708060499999931 ], [ -43.80566349999998, -22.708085899999958 ], [ -43.805697499999951, -22.708149499999934 ], [ -43.805723099999966, -22.708195299999943 ], [ -43.805763099999979, -22.708239 ], [ -43.805790899999977, -22.708276099999978 ], [ -43.805804199999955, -22.708315199999959 ], [ -43.805815799999948, -22.708380899999952 ], [ -43.805813699999931, -22.708437 ], [ -43.805813699999931, -22.708460599999967 ], [ -43.805818899999963, -22.708478599999978 ], [ -43.805834, -22.708491299999935 ], [ -43.805863599999952, -22.708499 ], [ -43.805878699999937, -22.708511699999974 ], [ -43.80589619999995, -22.708536299999935 ], [ -43.805966799999965, -22.708600899999965 ], [ -43.806103399999984, -22.708696799999927 ], [ -43.806168699999944, -22.708745 ], [ -43.806220399999972, -22.708784099999946 ], [ -43.806252599999937, -22.708799299999953 ], [ -43.806291599999952, -22.708803 ], [ -43.806352599999968, -22.708804099999952 ], [ -43.806407099999944, -22.708810899999946 ], [ -43.806452, -22.708823499999937 ], [ -43.806488699999932, -22.708844699999929 ], [ -43.806515699999977, -22.708874599999945 ], [ -43.806534499999941, -22.708913099999961 ], [ -43.806549, -22.708939799999939 ], [ -43.806573599999979, -22.708952 ], [ -43.806596699999943, -22.708961199999976 ], [ -43.806680899999947, -22.709038599999928 ], [ -43.806735099999969, -22.709092399999975 ], [ -43.806748399999947, -22.709110299999963 ], [ -43.806768499999976, -22.709157699999935 ], [ -43.806784799999946, -22.709219699999949 ], [ -43.806810499999983, -22.709281799999928 ], [ -43.806842099999983, -22.709311799999966 ], [ -43.806877, -22.709341799999947 ], [ -43.806890299999964, -22.709359699999936 ], [ -43.806898299999943, -22.709395099999938 ], [ -43.806902299999933, -22.709451 ], [ -43.806909899999937, -22.709536399999934 ], [ -43.806916299999955, -22.709571799999935 ], [ -43.806940899999972, -22.709622199999956 ], [ -43.80699809999993, -22.709682099999952 ], [ -43.807077799999945, -22.709715299999971 ], [ -43.807113399999935, -22.709724799999947 ], [ -43.807134699999949, -22.709739899999931 ], [ -43.80716579999995, -22.709787499999948 ], [ -43.807215099999951, -22.709847199999956 ], [ -43.807262099999946, -22.709886299999937 ], [ -43.807309699999962, -22.709910699999966 ], [ -43.807345299999952, -22.709923099999969 ], [ -43.807357399999944, -22.709932199999969 ], [ -43.807377599999938, -22.709964299999967 ], [ -43.807397, -22.709988199999941 ], [ -43.807432299999959, -22.710009399999933 ], [ -43.807490899999948, -22.710031099999981 ], [ -43.807563699999946, -22.710053 ], [ -43.807622899999956, -22.710062899999969 ], [ -43.807664399999965, -22.710084299999949 ], [ -43.807699, -22.710120199999949 ], [ -43.807731199999978, -22.710179699999969 ], [ -43.807748799999956, -22.710276499999964 ], [ -43.80775639999996, -22.710362 ], [ -43.807759899999951, -22.710432699999956 ], [ -43.807768, -22.710506399999929 ], [ -43.807779499999981, -22.710533099999964 ], [ -43.807799, -22.710554099999968 ], [ -43.80783729999996, -22.710578399999974 ], [ -43.807889699999976, -22.710599899999977 ], [ -43.807951299999957, -22.710630499999979 ], [ -43.808038599999975, -22.710682199999951 ], [ -43.808132499999942, -22.710728099999983 ], [ -43.808292, -22.710807 ], [ -43.808390799999984, -22.710847099999967 ], [ -43.808485699999949, -22.710869499999944 ], [ -43.808541799999944, -22.710879399999953 ], [ -43.808591699999965, -22.710886199999948 ], [ -43.808644499999957, -22.710899 ], [ -43.808799299999976, -22.710898199999974 ], [ -43.80887389999998, -22.710876 ], [ -43.80891029999998, -22.710867899999982 ], [ -43.808976299999983, -22.710863199999949 ], [ -43.809037799999942, -22.71085549999998 ], [ -43.809074599999974, -22.710838499999966 ], [ -43.809148299999947, -22.710780299999954 ], [ -43.809190899999976, -22.71073389999998 ], [ -43.809233799999959, -22.710678799999982 ], [ -43.80927209999993, -22.71062059999997 ], [ -43.809319499999958, -22.710553 ], [ -43.809350199999983, -22.710527099999979 ], [ -43.809377599999948, -22.71051 ], [ -43.809407799999974, -22.71049869999996 ], [ -43.80950219999994, -22.710473299999933 ], [ -43.80960349999998, -22.710448699999972 ], [ -43.809679299999971, -22.710435399999938 ], [ -43.809726299999966, -22.710436299999969 ], [ -43.809822, -22.710416799999962 ], [ -43.809898, -22.710397599999965 ], [ -43.809948899999938, -22.710380799999939 ], [ -43.809980699999983, -22.710370799999964 ], [ -43.809996299999966, -22.710369899999932 ], [ -43.81003869999995, -22.710370699999942 ], [ -43.81007169999998, -22.710368399999936 ], [ -43.810134499999947, -22.710366599999929 ], [ -43.810284699999954, -22.710356899999965 ], [ -43.810343399999965, -22.71034039999995 ], [ -43.810357899999985, -22.710328899999979 ], [ -43.810374599999932, -22.710302699999943 ], [ -43.810382199999935, -22.710267499999929 ], [ -43.810395899999946, -22.710235399999931 ], [ -43.810486, -22.710154 ], [ -43.810518399999978, -22.710125199999936 ], [ -43.810548899999958, -22.710108099999957 ], [ -43.81057409999994, -22.710105599999963 ], [ -43.810613099999955, -22.710109299999942 ], [ -43.810656499999936, -22.71012479999996 ], [ -43.810708399999953, -22.710164 ], [ -43.810761299999967, -22.710217899999975 ], [ -43.810817399999962, -22.710269 ], [ -43.810886299999936, -22.710317299999929 ], [ -43.810910699999965, -22.710335399999963 ], [ -43.810943799999961, -22.710374299999955 ], [ -43.810984699999949, -22.710413299999971 ], [ -43.811062499999935, -22.710452399999951 ], [ -43.811121699999944, -22.710462299999961 ], [ -43.811170699999934, -22.710454399999946 ], [ -43.811235499999952, -22.710440899999981 ], [ -43.811305499999946, -22.710435599999983 ], [ -43.811353699999984, -22.710445299999947 ], [ -43.811401699999976, -22.710463899999979 ], [ -43.811522, -22.710497799999928 ], [ -43.811578599999962, -22.710495899999955 ], [ -43.811617699999942, -22.710499599999935 ], [ -43.811679799999979, -22.710518399999955 ], [ -43.811795899999936, -22.71053749999993 ], [ -43.811872499999936, -22.71054479999998 ], [ -43.811958799999957, -22.710546399999942 ], [ -43.812016799999981, -22.710547499999961 ], [ -43.81212789999995, -22.710531199999934 ], [ -43.812192299999936, -22.71052949999995 ], [ -43.812274099999968, -22.710525099999927 ], [ -43.812338599999975, -22.71052039999995 ], [ -43.812423699999954, -22.710513099999957 ], [ -43.812469199999953, -22.710514 ], [ -43.812499, -22.710514499999931 ], [ -43.812528499999985, -22.710523899999941 ], [ -43.81254679999995, -22.710539 ], [ -43.812574099999949, -22.710566 ], [ -43.812590299999954, -22.710595699999942 ], [ -43.812594399999966, -22.710613399999943 ], [ -43.812586199999942, -22.710622099999966 ], [ -43.812562499999956, -22.710627599999953 ], [ -43.812542, -22.710630099999946 ], [ -43.812529099999949, -22.710638699999947 ], [ -43.812525599999958, -22.710647499999936 ], [ -43.812525199999982, -22.710659299999975 ], [ -43.812530899999956, -22.710677 ], [ -43.812548599999957, -22.710709799999961 ], [ -43.812572, -22.710757299999955 ], [ -43.812593499999934, -22.71081369999996 ], [ -43.812604399999941, -22.710861 ], [ -43.812613099999965, -22.710930699999949 ], [ -43.81262879999997, -22.711011599999949 ], [ -43.812630099999978, -22.711018599999932 ], [ -43.812668, -22.711101799999938 ], [ -43.812739599999929, -22.711209199999928 ], [ -43.812797299999943, -22.71126339999995 ], [ -43.812922199999946, -22.711344599999961 ], [ -43.813035699999944, -22.711423299999979 ], [ -43.813242699999932, -22.71161589999997 ], [ -43.813377799999955, -22.711765199999945 ], [ -43.813630599999954, -22.712088599999959 ], [ -43.813751499999967, -22.712232599999936 ], [ -43.813805099999968, -22.712319199999968 ], [ -43.813876, -22.712453399999958 ], [ -43.813929, -22.71252149999998 ], [ -43.813996, -22.712587799999937 ], [ -43.81408829999998, -22.712648599999966 ], [ -43.814186699999937, -22.712715499999945 ], [ -43.814335899999946, -22.712826799999959 ], [ -43.814430699999946, -22.712908399999947 ], [ -43.814511, -22.713045899999941 ], [ -43.814556399999958, -22.71315519999996 ], [ -43.814628599999935, -22.713254099999972 ], [ -43.814749899999981, -22.713353099999949 ], [ -43.814832399999943, -22.71338929999996 ], [ -43.814956, -22.713420299999939 ], [ -43.815042799999958, -22.713460399999974 ], [ -43.815135399999974, -22.713515399999949 ], [ -43.815199299999961, -22.713581699999963 ], [ -43.815260499999965, -22.713636099999974 ], [ -43.815440599999931, -22.713716499999975 ], [ -43.815636499999982, -22.713794299999961 ], [ -43.815707399999951, -22.713843 ], [ -43.815821, -22.713934 ], [ -43.815954699999963, -22.714042199999938 ], [ -43.816130399999963, -22.714161099999956 ], [ -43.81626289999997, -22.714255499999979 ], [ -43.816299699999945, -22.714288799999963 ], [ -43.816301599999974, -22.714327299999979 ], [ -43.816264199999978, -22.714409499999931 ], [ -43.816203, -22.714544599999954 ], [ -43.816162599999984, -22.71462379999997 ], [ -43.816118699999947, -22.714669199999946 ], [ -43.816047799999978, -22.714715299999966 ], [ -43.815984499999956, -22.71477219999997 ], [ -43.815923899999973, -22.714847 ], [ -43.815893799999969, -22.714899699999933 ], [ -43.815892299999973, -22.714944099999968 ], [ -43.815898599999969, -22.714996499999927 ], [ -43.81591659999998, -22.715023499999973 ], [ -43.815972399999964, -22.715054299999963 ], [ -43.816011799999956, -22.715102499999944 ], [ -43.816033, -22.715181799999982 ], [ -43.816100799999958, -22.715279799999962 ], [ -43.816229299999975, -22.715401 ], [ -43.816302, -22.715448699999968 ], [ -43.816348699999935, -22.715519699999959 ], [ -43.816377699999975, -22.715597299999956 ], [ -43.816377, -22.715618099999972 ], [ -43.816373399999975, -22.71563279999998 ], [ -43.816369899999984, -22.715641699999935 ], [ -43.816357, -22.715650299999936 ], [ -43.816341099999931, -22.715655899999945 ], [ -43.816312899999957, -22.715649399999961 ], [ -43.816257299999961, -22.715612699999951 ], [ -43.816210699999942, -22.715591 ], [ -43.81618549999996, -22.715590499999962 ], [ -43.81615359999995, -22.715601799999945 ], [ -43.816134299999931, -22.71561319999995 ], [ -43.816111099999944, -22.715648299999941 ], [ -43.816106499999933, -22.715692699999977 ], [ -43.816108399999962, -22.715728399999932 ], [ -43.816116099999931, -22.71578489999996 ], [ -43.816186, -22.715863399999932 ], [ -43.816275099999984, -22.715939299999945 ], [ -43.816383799999983, -22.715991899999949 ], [ -43.816521899999941, -22.716012499999977 ], [ -43.816597899999977, -22.716008699999975 ], [ -43.816653899999949, -22.71603349999998 ], [ -43.816743899999949, -22.716132099999982 ], [ -43.816786899999954, -22.716217799999981 ], [ -43.816828099999952, -22.716408499999943 ], [ -43.816885899999932, -22.716527199999973 ], [ -43.816922399999953, -22.716569499999935 ], [ -43.816975, -22.716600199999959 ], [ -43.817032499999982, -22.716629799999964 ], [ -43.817120199999977, -22.71665239999993 ], [ -43.817230099999961, -22.716669499999966 ], [ -43.817355599999985, -22.716692799999976 ], [ -43.817440699999963, -22.716746699999931 ], [ -43.817501199999981, -22.716831099999979 ], [ -43.817533, -22.716973 ], [ -43.817542799999956, -22.71711149999993 ], [ -43.817570099999955, -22.717193899999927 ], [ -43.817585299999962, -22.717225 ], [ -43.817630899999983, -22.717318599999942 ], [ -43.817710899999952, -22.717483699999946 ], [ -43.817803399999946, -22.717603099999963 ], [ -43.81784829999998, -22.717643 ], [ -43.817892499999971, -22.717682199999956 ], [ -43.817980099999943, -22.717710799999963 ], [ -43.818046199999969, -22.717718099999956 ], [ -43.818192, -22.71770319999996 ], [ -43.818283299999962, -22.717711099999974 ], [ -43.818376599999965, -22.717760599999963 ], [ -43.818642899999929, -22.718030899999974 ], [ -43.818755299999964, -22.718121099999962 ], [ -43.818963499999938, -22.718235399999969 ], [ -43.819072099999971, -22.718291399999941 ], [ -43.819189499999936, -22.718426299999976 ], [ -43.819223799999975, -22.718485 ], [ -43.819300799999951, -22.718552099999954 ], [ -43.819530399999962, -22.718635799999959 ], [ -43.819605399999944, -22.718664099999955 ], [ -43.819671399999947, -22.718723499999953 ], [ -43.819750299999953, -22.718832299999974 ], [ -43.819848, -22.71893259999996 ], [ -43.819938199999967, -22.718982099999948 ], [ -43.820018, -22.719000199999982 ], [ -43.820119499999976, -22.718990399999939 ], [ -43.82021919999994, -22.718976099999963 ], [ -43.820319199999972, -22.719016899999929 ], [ -43.820416299999977, -22.719091899999967 ], [ -43.820508299999972, -22.719232199999965 ], [ -43.820617499999969, -22.719408599999952 ], [ -43.820787899999971, -22.719587599999954 ], [ -43.820812, -22.719606299999953 ], [ -43.820914, -22.719685399999946 ], [ -43.821072899999933, -22.719766199999981 ], [ -43.821231299999965, -22.719834899999967 ], [ -43.821373799999947, -22.719873599999971 ], [ -43.82139589999997, -22.719879599999956 ], [ -43.821584599999937, -22.71988349999998 ], [ -43.821721399999944, -22.719890699999951 ], [ -43.821820799999955, -22.719919399999981 ], [ -43.821946399999945, -22.719986 ], [ -43.82214769999996, -22.720137199999954 ], [ -43.82240429999996, -22.720303099999967 ], [ -43.82257629999998, -22.720446399999958 ], [ -43.822695299999964, -22.720595799999955 ], [ -43.82279269999998, -22.72084289999998 ], [ -43.822851299999968, -22.72096879999998 ], [ -43.82288989999995, -22.721016799999973 ], [ -43.822956099999942, -22.721058199999959 ], [ -43.823043699999971, -22.721089799999959 ], [ -43.823170599999969, -22.721105699999953 ], [ -43.823258399999929, -22.721128499999963 ], [ -43.823337799999933, -22.721186299999943 ], [ -43.823424399999965, -22.721290599999975 ], [ -43.823527, -22.721420299999977 ], [ -43.823671899999965, -22.72150629999993 ], [ -43.823804699999982, -22.721571199999971 ], [ -43.823909399999934, -22.721654499999943 ], [ -43.824003199999936, -22.721757099999934 ], [ -43.824068099999977, -22.721910899999955 ], [ -43.824137399999984, -22.72201709999996 ], [ -43.824216199999967, -22.722086699999977 ], [ -43.824295799999959, -22.722129399999972 ], [ -43.82445679999995, -22.722191799999962 ], [ -43.824549799999943, -22.722263799999951 ], [ -43.824836299999959, -22.722567199999958 ], [ -43.825074499999971, -22.722749399999941 ], [ -43.825326599999983, -22.72296769999997 ], [ -43.825475099999949, -22.723135 ], [ -43.825509499999953, -22.723172399999953 ], [ -43.825602499999945, -22.723198399999944 ], [ -43.825738699999931, -22.723227299999962 ], [ -43.825827499999946, -22.723288899999943 ], [ -43.825953299999981, -22.723436399999969 ], [ -43.826131799999985, -22.723667199999966 ], [ -43.826291699999956, -22.72380789999994 ], [ -43.826381699999956, -22.723889799999938 ], [ -43.826543399999935, -22.723976099999959 ], [ -43.826769599999977, -22.72408779999995 ], [ -43.826920599999937, -22.724175299999956 ], [ -43.826969, -22.724200699999983 ], [ -43.827091899999971, -22.724265099999968 ], [ -43.827203599999962, -22.724376 ], [ -43.82729809999995, -22.724538099999961 ], [ -43.827379299999961, -22.724713699999938 ], [ -43.827474199999983, -22.724846 ], [ -43.827537899999982, -22.72489969999998 ], [ -43.827615099999946, -22.724945899999966 ], [ -43.827753499999972, -22.724988499999938 ], [ -43.82794279999996, -22.725038099999949 ], [ -43.828073899999936, -22.725096599999972 ], [ -43.828153499999985, -22.725149699999974 ], [ -43.828282, -22.725319899999931 ], [ -43.828441099999964, -22.725560799999982 ], [ -43.828647799999942, -22.725818199999935 ], [ -43.828857899999946, -22.726050399999963 ], [ -43.829065599999979, -22.726233199999967 ], [ -43.82923459999995, -22.726413 ], [ -43.82940439999993, -22.726684499999976 ], [ -43.829437599999949, -22.726763199999937 ], [ -43.829593399999965, -22.726917299999968 ], [ -43.829824199999962, -22.727134599999943 ], [ -43.830044, -22.727362099999937 ], [ -43.830260299999964, -22.727602499999932 ], [ -43.830307799999957, -22.727649399999962 ], [ -43.830479399999945, -22.727819199999942 ], [ -43.83078, -22.728067299999964 ], [ -43.831119599999965, -22.728318599999966 ], [ -43.831335299999978, -22.728463 ], [ -43.831580699999961, -22.728647499999965 ], [ -43.831786399999942, -22.728774399999963 ], [ -43.831956299999945, -22.728912499999979 ], [ -43.832088899999974, -22.729063499999938 ], [ -43.832210699999962, -22.729209799999978 ], [ -43.832320099999947, -22.729356199999927 ], [ -43.832433, -22.729543499999977 ], [ -43.832545, -22.729689099999973 ], [ -43.832606599999963, -22.729836599999942 ], [ -43.832655599999953, -22.729988899999967 ], [ -43.832702899999958, -22.730176799999981 ], [ -43.832761199999936, -22.730370499999935 ], [ -43.832809099999963, -22.730659099999968 ], [ -43.832860599999947, -22.730897199999959 ], [ -43.832888899999944, -22.731028399999957 ], [ -43.832772, -22.731150299999968 ], [ -43.832435499999974, -22.731330799999967 ], [ -43.832095799999934, -22.731319099999951 ], [ -43.831506099999956, -22.73131479999995 ], [ -43.830935299999965, -22.731431099999952 ], [ -43.83064939999997, -22.73165309999996 ], [ -43.830740099999957, -22.732060199999978 ], [ -43.830677399999956, -22.732375 ], [ -43.830901199999971, -22.732444 ], [ -43.831125199999974, -22.732584899999949 ], [ -43.831256899999971, -22.732794799999965 ], [ -43.831346799999949, -22.733004299999948 ], [ -43.831537699999956, -22.733096499999931 ], [ -43.831714199999965, -22.733221299999968 ], [ -43.832326599999931, -22.733294 ], [ -43.832802499999957, -22.733448199999941 ], [ -43.832857699999977, -22.733717399999932 ], [ -43.832831099999964, -22.734172 ], [ -43.832933199999957, -22.734764299999938 ], [ -43.833186799999964, -22.734976499999959 ], [ -43.833572899999979, -22.735351 ], [ -43.833622, -22.735671799999977 ], [ -43.833505499999944, -22.735894199999962 ], [ -43.833605099999943, -22.736177199999929 ], [ -43.833535899999958, -22.73655709999997 ], [ -43.833387399999935, -22.736855599999956 ], [ -43.833588, -22.73764209999996 ], [ -43.833325199999933, -22.738072699999975 ], [ -43.833098299999961, -22.738359499999945 ], [ -43.833057, -22.73857229999993 ], [ -43.833023799999978, -22.738826399999937 ], [ -43.832736, -22.739283299999954 ], [ -43.832644899999934, -22.739528 ], [ -43.832523599999945, -22.739782 ], [ -43.832221799999957, -22.739875 ], [ -43.832087299999955, -22.74000419999993 ], [ -43.831874399999947, -22.740112799999963 ], [ -43.831647099999941, -22.740431499999943 ], [ -43.831766499999958, -22.740608599999973 ], [ -43.832162199999971, -22.740787699999942 ], [ -43.83218549999998, -22.741229399999952 ], [ -43.832179599999961, -22.741589699999963 ], [ -43.832257, -22.741829799999948 ], [ -43.833029499999952, -22.742396099999951 ], [ -43.833629499999972, -22.742929199999935 ], [ -43.834128799999974, -22.74339759999998 ], [ -43.83427949999998, -22.743670899999927 ], [ -43.834560099999976, -22.744040599999948 ], [ -43.83475169999997, -22.744274299999972 ], [ -43.834910699999966, -22.744604699999968 ], [ -43.835157299999935, -22.744922599999938 ], [ -43.835406699999965, -22.745017299999972 ], [ -43.835530699999936, -22.745141899999965 ], [ -43.835940899999969, -22.745333099999982 ], [ -43.835995899999944, -22.745758399999943 ], [ -43.835813299999984, -22.746117199999958 ], [ -43.835551799999962, -22.746403699999973 ], [ -43.83530769999993, -22.746674299999938 ], [ -43.835253099999932, -22.746994299999983 ], [ -43.83556, -22.747477099999969 ], [ -43.83554, -22.747797399999968 ], [ -43.835568, -22.748566599999947 ], [ -43.835676599999942, -22.748888399999942 ], [ -43.835822099999973, -22.749161199999946 ], [ -43.836077899999964, -22.749547599999971 ], [ -43.836058899999955, -22.74975569999998 ], [ -43.836126299999933, -22.749948399999937 ], [ -43.836089099999981, -22.75026859999997 ], [ -43.83589569999998, -22.750667699999951 ], [ -43.835789699999964, -22.75093929999997 ], [ -43.835856099999944, -22.751260199999933 ], [ -43.835873099999958, -22.751485599999967 ], [ -43.835806399999967, -22.751695799999936 ], [ -43.835522199999957, -22.75193059999998 ], [ -43.835605699999974, -22.752267599999982 ], [ -43.836051299999951, -22.752687399999957 ], [ -43.836558399999944, -22.752816 ], [ -43.836876, -22.753118099999938 ], [ -43.837121699999955, -22.75327649999997 ], [ -43.837555399999985, -22.75327969999995 ], [ -43.838297199999943, -22.753900899999962 ], [ -43.838878199999954, -22.754313499999967 ], [ -43.839093899999966, -22.754814899999928 ], [ -43.839207899999963, -22.755257699999959 ], [ -43.839463499999965, -22.75567609999996 ], [ -43.839835, -22.755905299999938 ], [ -43.839302099999941, -22.756379799999934 ], [ -43.839089, -22.757067099999972 ], [ -43.838880199999949, -22.757404899999983 ], [ -43.838868699999978, -22.757768399999975 ], [ -43.838688799999943, -22.758331899999973 ], [ -43.838125899999966, -22.758598099999972 ], [ -43.837676599999952, -22.758626899999967 ], [ -43.837537199999986, -22.75877 ], [ -43.837429899999961, -22.759201799999971 ], [ -43.837341, -22.759522 ], [ -43.836958, -22.759839199999931 ], [ -43.836454299999957, -22.760172 ], [ -43.835778199999936, -22.760455399999955 ], [ -43.835085099999958, -22.761066099999937 ], [ -43.835011299999962, -22.761250899999936 ], [ -43.835100199999943, -22.761485299999947 ], [ -43.835399099999961, -22.761657699999944 ], [ -43.835787, -22.762147899999945 ], [ -43.835882899999945, -22.762635899999964 ], [ -43.835959799999955, -22.762953 ], [ -43.835811299999932, -22.763078199999939 ], [ -43.83546, -22.763349499999947 ], [ -43.835268599999949, -22.763511599999958 ], [ -43.834991399999979, -22.763605699999971 ], [ -43.834542, -22.763634499999966 ], [ -43.83335169999998, -22.763433599999928 ], [ -43.832386399999962, -22.76318619999995 ], [ -43.831816799999956, -22.763134 ], [ -43.831407099999979, -22.763884799999971 ], [ -43.831011799999942, -22.764345599999956 ], [ -43.830643, -22.765063899999973 ], [ -43.830535099999963, -22.765559699999983 ], [ -43.830498199999965, -22.765831799999944 ], [ -43.830668, -22.766185499999949 ], [ -43.83063, -22.766585699999951 ], [ -43.830574399999932, -22.766929399999981 ], [ -43.830506699999944, -22.767044899999973 ], [ -43.829986699999949, -22.767366 ], [ -43.829395899999952, -22.767473799999948 ], [ -43.828960599999959, -22.767871099999979 ], [ -43.828364699999952, -22.767380599999967 ], [ -43.827753499999972, -22.767091599999958 ], [ -43.827378799999963, -22.76699439999993 ], [ -43.826774, -22.767006 ], [ -43.826261899999963, -22.767065799999955 ], [ -43.825803399999984, -22.767383399999972 ], [ -43.825079699999947, -22.767169799999976 ], [ -43.824800799999934, -22.767175299999963 ], [ -43.82459549999993, -22.767037799999969 ], [ -43.824134799999968, -22.766554 ], [ -43.823099, -22.766466299999934 ], [ -43.822702099999958, -22.766415299999949 ], [ -43.822181199999932, -22.766393299999947 ], [ -43.821820199999934, -22.766520899999932 ], [ -43.821542199999953, -22.766711099999952 ], [ -43.821125499999937, -22.766948399999933 ], [ -43.820948199999975, -22.767229399999962 ], [ -43.820660499999974, -22.767539699999929 ], [ -43.820657899999958, -22.767840099999944 ], [ -43.820392799999979, -22.768433699999946 ], [ -43.820236099999931, -22.768691799999942 ], [ -43.819982599999946, -22.768974399999934 ], [ -43.819784699999957, -22.769283399999949 ], [ -43.819678199999942, -22.76944919999994 ], [ -43.819180499999959, -22.76939109999995 ], [ -43.818681, -22.769533699999954 ], [ -43.818554399999982, -22.769710699999962 ], [ -43.81819349999995, -22.769955599999946 ], [ -43.81743819999997, -22.770099199999947 ], [ -43.816794, -22.770114899999953 ], [ -43.81629049999998, -22.770137099999943 ], [ -43.815906799999937, -22.770388199999957 ], [ -43.815404, -22.770096099999932 ], [ -43.814957499999934, -22.769869699999958 ], [ -43.814702799999964, -22.769914 ], [ -43.814431699999943, -22.769896699999947 ], [ -43.813860299999931, -22.770312899999965 ], [ -43.81349629999994, -22.770454399999949 ], [ -43.813183, -22.770728399999939 ], [ -43.812635099999966, -22.77115079999993 ], [ -43.812487899999951, -22.771497499999953 ], [ -43.812451099999976, -22.77178239999995 ], [ -43.812835099999972, -22.771999499999936 ], [ -43.813039299999957, -22.772361399999966 ], [ -43.813503699999956, -22.77259319999996 ], [ -43.813761099999965, -22.77279939999994 ], [ -43.81408719999996, -22.772967299999948 ], [ -43.814689099999953, -22.773359 ], [ -43.814855699999953, -22.773576499999933 ], [ -43.815047399999969, -22.773878299999978 ], [ -43.815549099999942, -22.774302499999976 ], [ -43.816077699999937, -22.774606799999958 ], [ -43.816193099999964, -22.774751899999956 ], [ -43.816220099999953, -22.774861 ], [ -43.816255699999942, -22.775004699999954 ], [ -43.816422599999953, -22.775186099999928 ], [ -43.816913299999953, -22.775382 ], [ -43.817843599999946, -22.775677299999927 ], [ -43.818384199999969, -22.776101799999935 ], [ -43.818850299999951, -22.776321099999961 ], [ -43.81907979999994, -22.776575599999944 ], [ -43.819402199999956, -22.776758199999961 ], [ -43.820142399999952, -22.777118099999939 ], [ -43.820134399999972, -22.777496599999949 ], [ -43.81989909999993, -22.777735099999973 ], [ -43.819660699999986, -22.777841799999976 ], [ -43.819584899999938, -22.778105299999936 ], [ -43.819828399999949, -22.778419499999927 ], [ -43.820071699999971, -22.778757699999971 ], [ -43.820302799999979, -22.779011699999955 ], [ -43.821011399999975, -22.77947359999996 ], [ -43.821296099999984, -22.779756899999938 ], [ -43.821744299999978, -22.780139799999972 ], [ -43.82160719999996, -22.78044 ], [ -43.82156, -22.78069789999995 ], [ -43.821741799999984, -22.780945899999949 ], [ -43.822250799999949, -22.781513299999972 ], [ -43.822285799999975, -22.781970199999932 ], [ -43.822374199999956, -22.78223509999998 ], [ -43.822684199999969, -22.782345599999928 ], [ -43.822908599999948, -22.782391399999938 ], [ -43.823020099999951, -22.782468199999983 ], [ -43.823135199999967, -22.782737 ], [ -43.823353599999962, -22.782867199999941 ], [ -43.823497, -22.782920299999944 ], [ -43.823756299999957, -22.783039199999962 ], [ -43.823844599999973, -22.783179599999983 ], [ -43.823818299999971, -22.783334199999956 ], [ -43.823931799999968, -22.783714099999941 ], [ -43.824161599999968, -22.783984199999963 ], [ -43.82466839999995, -22.784178599999962 ], [ -43.825042899999971, -22.784662899999944 ], [ -43.825496099999953, -22.784806599999968 ], [ -43.825685, -22.78502519999995 ], [ -43.826530899999966, -22.785255699999936 ], [ -43.827091799999948, -22.785460399999977 ], [ -43.827414799999985, -22.785643399999969 ], [ -43.827780699999948, -22.785866799999951 ], [ -43.828134099999943, -22.785973 ], [ -43.828604599999949, -22.786460499999976 ], [ -43.828866099999971, -22.786727499999927 ], [ -43.829639199999974, -22.787425399999961 ], [ -43.830154499999935, -22.787900699999966 ], [ -43.83025779999997, -22.788342599999964 ], [ -43.830568399999947, -22.788836699999933 ], [ -43.830771499999969, -22.789129099999968 ], [ -43.830822799999964, -22.789460499999961 ], [ -43.830755599999975, -22.789730899999938 ], [ -43.830775199999948, -22.790324599999963 ], [ -43.830879, -22.79048419999998 ], [ -43.830909399999939, -22.79072519999994 ], [ -43.831026299999962, -22.790976899999976 ], [ -43.83112559999995, -22.791301899999951 ], [ -43.831558499999971, -22.791413399999954 ], [ -43.831734899999958, -22.791614099999947 ], [ -43.831917, -22.791836199999977 ], [ -43.832066, -22.792118099999982 ], [ -43.832183, -22.792359799999929 ], [ -43.83231109999997, -22.792561399999954 ], [ -43.832363599999951, -22.792752299999961 ], [ -43.832404199999985, -22.793063599999982 ], [ -43.832478899999956, -22.793194599999936 ], [ -43.832650699999931, -22.793346299999939 ], [ -43.832779099999982, -22.793517799999961 ], [ -43.832897099999968, -22.79363909999995 ], [ -43.833025199999952, -22.793840699999976 ], [ -43.833272799999975, -22.793982899999946 ], [ -43.83346679999994, -22.794074599999931 ], [ -43.833778699999982, -22.794297599999936 ], [ -43.834091799999953, -22.794380199999978 ], [ -43.834458499999982, -22.794513299999949 ], [ -43.835071599999935, -22.794939099999965 ], [ -43.835243099999957, -22.795131 ], [ -43.835610499999973, -22.795193799999936 ], [ -43.835848299999952, -22.795215599999949 ], [ -43.836161499999946, -22.795288099999937 ], [ -43.83775989999998, -22.795862199999931 ], [ -43.838093, -22.796163399999955 ], [ -43.838093199999946, -22.796178399999974 ], [ -43.838099399999976, -22.796672799999953 ], [ -43.837899499999935, -22.797046399999942 ], [ -43.83783219999998, -22.797316799999976 ], [ -43.837900499999932, -22.797472899999946 ], [ -43.838012699999979, -22.797729499999946 ], [ -43.838100899999972, -22.798018499999955 ], [ -43.838981299999944, -22.798348399999952 ], [ -43.839533499999959, -22.798302299999932 ], [ -43.839753899999948, -22.798179299999958 ], [ -43.840147499999944, -22.798141599999951 ], [ -43.840794399999936, -22.798266399999932 ], [ -43.841453899999976, -22.798439499999972 ], [ -43.842020399999967, -22.798444699999948 ], [ -43.842425099999957, -22.798530599999935 ], [ -43.842706899999939, -22.798917199999948 ], [ -43.84279609999993, -22.799098 ], [ -43.842976299999975, -22.799243499999932 ], [ -43.843299099999967, -22.79939 ], [ -43.843752399999971, -22.799662799999965 ], [ -43.844371199999955, -22.799843299999964 ], [ -43.844895599999973, -22.799747499999967 ], [ -43.84546789999996, -22.800019599999928 ], [ -43.846157799999958, -22.800716699999953 ], [ -43.847243099999957, -22.80103459999998 ], [ -43.847839499999964, -22.801362099999949 ], [ -43.84855239999996, -22.801570699999957 ], [ -43.84891, -22.801712599999973 ], [ -43.849447, -22.801873699999931 ], [ -43.849862499999972, -22.80178049999995 ], [ -43.85055159999996, -22.801823099999979 ], [ -43.851119399999959, -22.801929599999937 ], [ -43.851452, -22.80206359999994 ], [ -43.851819099999943, -22.802073899999982 ], [ -43.852301399999931, -22.802058599999953 ], [ -43.852546399999937, -22.801901199999975 ], [ -43.852791099999934, -22.801813699999968 ], [ -43.853455199999985, -22.801962499999945 ], [ -43.853929299999947, -22.802174199999968 ], [ -43.85425209999994, -22.802220699999964 ], [ -43.854681299999982, -22.802043499999968 ], [ -43.855118599999969, -22.802111399999944 ], [ -43.855317, -22.802160599999979 ], [ -43.855864099999962, -22.802296399999932 ], [ -43.856114099999957, -22.802344599999969 ], [ -43.856894399999931, -22.802407799999969 ], [ -43.857321599999977, -22.802459 ], [ -43.85804319999994, -22.802679499999954 ], [ -43.858334399999933, -22.802792 ], [ -43.858648199999948, -22.802794199999937 ], [ -43.859202899999957, -22.803163599999948 ], [ -43.859944299999938, -22.803451 ], [ -43.86011069999995, -22.803692499999954 ], [ -43.86011689999998, -22.803827699999943 ], [ -43.860121699999979, -22.80393289999995 ], [ -43.860330199999964, -22.804069 ], [ -43.860521399999982, -22.804155499999979 ], [ -43.861058799999967, -22.805009 ], [ -43.861173599999972, -22.80523809999994 ], [ -43.861753799999974, -22.805590699999982 ], [ -43.862205699999947, -22.80579819999997 ], [ -43.863082899999938, -22.805953299999942 ], [ -43.864017899999965, -22.806075399999941 ], [ -43.864408699999956, -22.806318399999952 ], [ -43.865099399999963, -22.806539899999962 ], [ -43.86550109999996, -22.80656369999997 ], [ -43.865957799999933, -22.806591899999944 ], [ -43.866268399999967, -22.806620099999975 ], [ -43.866734699999938, -22.806659499999967 ], [ -43.866967099999954, -22.806769299999928 ], [ -43.86780669999996, -22.806822599999975 ], [ -43.868367899999953, -22.806849399999976 ], [ -43.868699799999945, -22.806808699999976 ], [ -43.869001799999978, -22.806771699999956 ], [ -43.869416, -22.806834699999968 ], [ -43.869868599999961, -22.806958099999974 ], [ -43.870164599999953, -22.807212499999935 ], [ -43.870223299999964, -22.807337899999936 ], [ -43.870297799999946, -22.807496899999933 ], [ -43.87048429999993, -22.807731399999966 ], [ -43.87062839999993, -22.807971699999939 ], [ -43.870918899999936, -22.808151699999939 ], [ -43.871092799999985, -22.808315399999969 ], [ -43.871325499999955, -22.808433099999945 ], [ -43.871740199999977, -22.80874549999993 ], [ -43.872184299999958, -22.808819799999981 ], [ -43.872444199999961, -22.808995599999946 ], [ -43.872596299999941, -22.809153799999933 ], [ -43.873104399999932, -22.809059699999978 ], [ -43.873445699999934, -22.809059 ], [ -43.87378149999995, -22.809129 ], [ -43.873621, -22.808862099999942 ], [ -43.873534699999936, -22.808678499999928 ], [ -43.873317499999985, -22.808412499999974 ], [ -43.873147699999947, -22.807719899999938 ], [ -43.873025799999937, -22.806539399999963 ], [ -43.873008, -22.806030799999974 ], [ -43.873055799999975, -22.805563399999983 ], [ -43.873256899999944, -22.805117399999972 ], [ -43.873481699999957, -22.804447799999934 ], [ -43.87365989999995, -22.804123699999934 ], [ -43.874063299999932, -22.803089299999954 ], [ -43.874066299999981, -22.802723199999946 ], [ -43.87420359999993, -22.802032699999927 ], [ -43.87462469999997, -22.801506899999936 ], [ -43.874890199999982, -22.801224 ], [ -43.875221899999985, -22.800900899999931 ], [ -43.87577349999998, -22.80051839999993 ], [ -43.876084699999979, -22.800012099999947 ], [ -43.876441, -22.799363799999981 ], [ -43.87705619999997, -22.799246099999948 ], [ -43.877583499999957, -22.799148199999934 ], [ -43.87786049999994, -22.798829399999931 ], [ -43.878092799999934, -22.798561899999982 ], [ -43.878735899999981, -22.797712299999944 ], [ -43.879285299999935, -22.797594099999969 ], [ -43.880118399999958, -22.797640599999966 ], [ -43.880403599999966, -22.797642599999961 ], [ -43.880754099999933, -22.797706099999971 ], [ -43.881323499999951, -22.797811799999977 ], [ -43.881582599999945, -22.79801509999993 ], [ -43.881890799999951, -22.79808689999993 ], [ -43.882784299999969, -22.79799259999993 ], [ -43.882995799999946, -22.797861599999976 ], [ -43.883276899999942, -22.797683099999972 ], [ -43.883629299999939, -22.79750249999995 ], [ -43.883894399999974, -22.797280699999931 ], [ -43.883933099999979, -22.797190199999932 ], [ -43.88396309999996, -22.797120399999983 ], [ -43.884050899999977, -22.796915699999943 ], [ -43.884108899999944, -22.796451499999932 ], [ -43.884619399999963, -22.795818299999951 ], [ -43.884919399999944, -22.795452699999942 ], [ -43.884965199999954, -22.795071299999961 ], [ -43.885123599999986, -22.794550899999933 ], [ -43.885622499999954, -22.794771 ], [ -43.885908599999937, -22.79505759999995 ], [ -43.886257699999931, -22.79528369999997 ], [ -43.886564599999986, -22.79530619999997 ], [ -43.886914699999977, -22.79541039999998 ], [ -43.887505199999964, -22.795638199999928 ], [ -43.888031399999932, -22.795662199999981 ], [ -43.887858599999959, -22.79533559999993 ], [ -43.887927, -22.795010699999978 ], [ -43.887995099999955, -22.794726399999945 ], [ -43.888062599999955, -22.794523499999968 ], [ -43.887999899999954, -22.794136599999945 ], [ -43.888112199999966, -22.793812 ], [ -43.888378199999977, -22.793468099999927 ], [ -43.888687799999957, -22.793165199999976 ], [ -43.889259899999956, -22.792945499999973 ], [ -43.889596799999936, -22.791971599999954 ], [ -43.889949599999966, -22.791750299999933 ], [ -43.890412099999935, -22.791509499999961 ], [ -43.890676699999972, -22.791348599999935 ], [ -43.891073399999982, -22.791107299999965 ], [ -43.891317, -22.79082429999994 ], [ -43.891451899999936, -22.790418399999965 ], [ -43.891498599999977, -22.790073 ], [ -43.89154469999994, -22.789788599999952 ], [ -43.891705399999978, -22.789575899999932 ], [ -43.891749799999957, -22.789235899999937 ], [ -43.891561599999932, -22.788785899999937 ], [ -43.891389499999946, -22.788397799999927 ], [ -43.891258199999982, -22.788126199999965 ], [ -43.890877399999965, -22.787670099999957 ], [ -43.890529, -22.787502199999949 ], [ -43.891232, -22.787236299999961 ], [ -43.891435299999955, -22.786866399999951 ], [ -43.891463299999941, -22.786495199999933 ], [ -43.891699599999981, -22.786164199999973 ], [ -43.891720699999951, -22.785615099999973 ], [ -43.891686, -22.784748399999955 ], [ -43.89176539999994, -22.784207399999957 ], [ -43.891724, -22.783891799999935 ], [ -43.892004099999951, -22.783462199999974 ], [ -43.892024799999945, -22.783087499999965 ], [ -43.891863599999965, -22.782896199999982 ], [ -43.891689699999972, -22.782711899999981 ], [ -43.890896099999964, -22.782352399999979 ], [ -43.89095, -22.781954299999938 ], [ -43.891061499999978, -22.781510399999945 ], [ -43.891293099999984, -22.781088899999929 ], [ -43.891749899999979, -22.780678499999965 ], [ -43.892298899999957, -22.780601 ], [ -43.892803299999969, -22.780604499999981 ], [ -43.893229699999949, -22.780581599999948 ], [ -43.893494399999952, -22.78086959999996 ], [ -43.893742199999963, -22.781180799999959 ], [ -43.894224799999961, -22.781122799999935 ], [ -43.894466099999931, -22.781124499999976 ], [ -43.89495119999998, -22.78080239999997 ], [ -43.895283, -22.780464299999949 ], [ -43.895418399999983, -22.780225399999949 ], [ -43.895286599999963, -22.780015599999956 ], [ -43.895213499999954, -22.779775299999983 ], [ -43.89539259999998, -22.779289099999971 ], [ -43.895580499999937, -22.778915299999937 ], [ -43.895744199999967, -22.778100199999983 ], [ -43.896116, -22.777780099999973 ], [ -43.896418899999958, -22.777199699999983 ], [ -43.896387199999936, -22.776984899999945 ], [ -43.896521899999982, -22.776399899999944 ], [ -43.896480399999973, -22.776114899999982 ], [ -43.895979499999953, -22.775664 ], [ -43.895651599999951, -22.775539699999968 ], [ -43.894840899999963, -22.775432399999943 ], [ -43.894206199999985, -22.775265299999944 ], [ -43.893589299999974, -22.775303899999983 ], [ -43.892497799999944, -22.775274 ], [ -43.891867499999933, -22.775107399999968 ], [ -43.891489099999944, -22.774961699999949 ], [ -43.890954399999941, -22.774825899999939 ], [ -43.890442199999939, -22.774701 ], [ -43.889956099999949, -22.774724599999956 ], [ -43.889314699999943, -22.774720199999933 ], [ -43.888868199999933, -22.774663 ], [ -43.888575, -22.774595699999963 ], [ -43.888160199999959, -22.774369099999944 ], [ -43.88831579999993, -22.774105799999973 ], [ -43.888836399999946, -22.773788599999932 ], [ -43.889109299999973, -22.773623199999975 ], [ -43.88937379999993, -22.773462299999949 ], [ -43.889738499999964, -22.773238599999956 ], [ -43.889973299999951, -22.773109199999965 ], [ -43.890409799999929, -22.772818699999959 ], [ -43.890455, -22.772656299999937 ], [ -43.890304399999934, -22.772289199999932 ], [ -43.890243899999973, -22.771637899999973 ], [ -43.890443499999947, -22.771354599999938 ], [ -43.890607899999964, -22.771025299999962 ], [ -43.89065039999997, -22.770584099999951 ], [ -43.890853799999945, -22.770202299999937 ], [ -43.890961299999958, -22.769710799999928 ], [ -43.891118199999937, -22.76928479999998 ], [ -43.891208399999982, -22.768980299999953 ], [ -43.89151819999995, -22.768636699999945 ], [ -43.891718199999957, -22.768312699999967 ], [ -43.891688699999975, -22.76788339999996 ], [ -43.891967, -22.76750629999998 ], [ -43.892136899999969, -22.767128399999933 ], [ -43.892232699999965, -22.766633899999931 ], [ -43.892236, -22.766223899999943 ], [ -43.891836099999978, -22.76615929999997 ], [ -43.890976, -22.766269299999976 ], [ -43.890802, -22.766121099999964 ], [ -43.890838799999983, -22.765866 ], [ -43.890908899999943, -22.765337699999975 ], [ -43.89089139999993, -22.764788499999952 ], [ -43.89051969999997, -22.764643499999977 ], [ -43.889861499999938, -22.764679599999965 ], [ -43.889336799999967, -22.764472599999976 ], [ -43.889072299999953, -22.764414899999963 ], [ -43.88861339999994, -22.764427199999943 ], [ -43.888307199999986, -22.764343399999973 ], [ -43.888223899999957, -22.764115 ], [ -43.888100399999985, -22.763905299999976 ], [ -43.887653299999954, -22.763649 ], [ -43.887088299999959, -22.763387399999942 ], [ -43.886614399999985, -22.763309 ], [ -43.886364299999968, -22.763231599999983 ], [ -43.886323, -22.762926199999981 ], [ -43.88648059999997, -22.762418899999943 ], [ -43.886636899999985, -22.762074199999972 ], [ -43.886924399999941, -22.761771199999941 ], [ -43.887123899999949, -22.761508099999958 ], [ -43.887565299999949, -22.761165499999947 ], [ -43.887872499999958, -22.761147299999948 ], [ -43.888510699999983, -22.760867 ], [ -43.88861, -22.760721499999931 ], [ -43.888645399999973, -22.760481499999969 ], [ -43.888538099999948, -22.760196 ], [ -43.888321, -22.759930099999963 ], [ -43.888243699999975, -22.759604899999943 ], [ -43.88843769999994, -22.759335499999963 ], [ -43.888740899999959, -22.758974 ], [ -43.888609, -22.75878739999996 ], [ -43.888300899999933, -22.75871559999996 ], [ -43.887508, -22.758779699999934 ], [ -43.887080099999935, -22.758802899999978 ], [ -43.886598499999934, -22.758812099999943 ], [ -43.886307199999976, -22.758725 ], [ -43.886176699999965, -22.758360399999958 ], [ -43.885902599999952, -22.758219299999951 ], [ -43.885570799999982, -22.75832459999998 ], [ -43.885000699999978, -22.758320599999934 ], [ -43.88515979999994, -22.757630199999937 ], [ -43.885141199999964, -22.757223299999964 ], [ -43.885297499999979, -22.756878599999936 ], [ -43.88571769999993, -22.756434099999979 ], [ -43.885829699999931, -22.756150199999979 ], [ -43.885952599999939, -22.755826499999955 ], [ -43.886517199999957, -22.75519909999997 ], [ -43.886999899999978, -22.755161799999939 ], [ -43.887639, -22.754779799999937 ], [ -43.888190299999962, -22.754397199999971 ], [ -43.888695799999937, -22.754258399999969 ], [ -43.888771799999972, -22.754135699999949 ], [ -43.889114599999971, -22.753996899999947 ], [ -43.889597299999934, -22.753959599999973 ], [ -43.889903599999968, -22.754043 ], [ -43.890163799999982, -22.754410899999982 ], [ -43.890754, -22.754638799999952 ], [ -43.891301899999974, -22.754683199999931 ], [ -43.891692199999966, -22.755235099999936 ], [ -43.892064299999959, -22.755319 ], [ -43.892524499999979, -22.755362899999966 ], [ -43.893025499999965, -22.755773099999942 ], [ -43.893287199999975, -22.755958 ], [ -43.893570899999929, -22.756122699999935 ], [ -43.893965, -22.75620669999995 ], [ -43.894205099999965, -22.75635079999995 ], [ -43.894517199999939, -22.756457799999964 ], [ -43.895035099999973, -22.756763299999932 ], [ -43.895343199999957, -22.756623 ], [ -43.895674699999972, -22.756299899999931 ], [ -43.895808299999942, -22.756056799999953 ], [ -43.89611739999998, -22.755794499999979 ], [ -43.896380499999964, -22.755796299999929 ], [ -43.896780799999931, -22.755533399999933 ], [ -43.896992299999965, -22.755326099999934 ], [ -43.897170199999948, -22.754948899999931 ], [ -43.897435199999961, -22.754743599999983 ], [ -43.897621099999981, -22.754465299999936 ], [ -43.897865299999978, -22.754304799999943 ], [ -43.898177399999952, -22.75416279999996 ], [ -43.898403299999984, -22.753857899999957 ], [ -43.898600399999964, -22.753764199999978 ], [ -43.898775199999932, -22.753615099999934 ], [ -43.899008899999956, -22.753455199999962 ], [ -43.899207499999932, -22.75329389999996 ], [ -43.899371299999984, -22.753067 ], [ -43.899737499999958, -22.752829799999972 ], [ -43.900180499999976, -22.752283699999964 ], [ -43.900572099999977, -22.752385899999979 ], [ -43.901096, -22.752488699999958 ], [ -43.901483399999961, -22.752644499999974 ], [ -43.901904, -22.752721299999962 ], [ -43.902077099999985, -22.75297779999994 ], [ -43.902782499999944, -22.753216799999961 ], [ -43.903100499999937, -22.753340599999945 ], [ -43.903547399999979, -22.753547499999968 ], [ -43.903385899999932, -22.753079599999978 ], [ -43.903377299999931, -22.752747699999929 ], [ -43.903469599999937, -22.75230629999993 ], [ -43.903408899999931, -22.751675399999954 ], [ -43.903583799999979, -22.75122609999994 ], [ -43.903947599999981, -22.750638799999933 ], [ -43.903901599999983, -22.75037709999998 ], [ -43.903860699999939, -22.750010799999927 ], [ -43.903615599999966, -22.749676299999976 ], [ -43.903628, -22.749343 ], [ -43.903688799999941, -22.749028 ], [ -43.903826599999945, -22.748803599999974 ], [ -43.904072599999949, -22.74841779999997 ], [ -43.903817299999957, -22.74836659999994 ], [ -43.903607399999942, -22.748261399999933 ], [ -43.903238499999929, -22.748222799999951 ], [ -43.902985199999932, -22.748311199999932 ], [ -43.902000799999939, -22.748701 ], [ -43.901824199999965, -22.748916 ], [ -43.901638599999956, -22.748185399999954 ], [ -43.901335399999937, -22.74771549999997 ], [ -43.901688599999943, -22.747412899999972 ], [ -43.90211039999997, -22.746765 ], [ -43.902300399999945, -22.746267399999965 ], [ -43.902535299999954, -22.745730599999945 ], [ -43.902736899999979, -22.745203199999935 ], [ -43.902827699999932, -22.744817399999931 ], [ -43.903204499999958, -22.744311599999946 ], [ -43.902620699999943, -22.744073199999946 ], [ -43.902272399999958, -22.743890599999929 ], [ -43.902002499999981, -22.74361829999998 ], [ -43.901780499999973, -22.743436599999939 ], [ -43.901754, -22.743103 ], [ -43.901345599999956, -22.742758299999934 ], [ -43.901058, -22.74256029999998 ], [ -43.90025559999998, -22.742771399999981 ], [ -43.899837099999957, -22.743129099999976 ], [ -43.89938079999996, -22.74342009999998 ], [ -43.898767199999952, -22.743605099999968 ], [ -43.898515, -22.743558299999961 ], [ -43.898242799999935, -22.743574399999943 ], [ -43.897783799999956, -22.743877699999928 ], [ -43.89797109999995, -22.743401 ], [ -43.898039499999982, -22.743076099999939 ], [ -43.898131799999931, -22.742507199999977 ], [ -43.89822369999996, -22.74197909999998 ], [ -43.898271, -22.741552299999967 ], [ -43.898541099999932, -22.740679599999964 ], [ -43.898530599999958, -22.740149899999949 ], [ -43.898460299999954, -22.739824799999951 ], [ -43.898354199999972, -22.73937669999998 ], [ -43.898538599999938, -22.739159699999959 ], [ -43.898700899999938, -22.738986099999977 ], [ -43.898886799999957, -22.738587099999961 ], [ -43.899219099999982, -22.738086399999929 ], [ -43.899079099999938, -22.737416199999927 ], [ -43.898943199999962, -22.737021499999969 ], [ -43.898856, -22.736571099999935 ], [ -43.898623399999963, -22.735880299999963 ], [ -43.898067499999968, -22.735147199999972 ], [ -43.898393799999951, -22.734955799999966 ], [ -43.898742499999969, -22.734701499999971 ], [ -43.898919299999932, -22.734324 ], [ -43.898863099999971, -22.734062299999948 ], [ -43.898861599999975, -22.733807299999967 ], [ -43.898664899999972, -22.733331 ], [ -43.898737, -22.73264729999994 ], [ -43.897987699999931, -22.733130299999971 ], [ -43.89702189999997, -22.733266 ], [ -43.896693199999959, -22.733243399999935 ], [ -43.895991899999956, -22.733197899999936 ], [ -43.895237499999951, -22.733082 ], [ -43.894635199999982, -22.732863099999975 ], [ -43.894330799999977, -22.732766199999958 ], [ -43.89402819999998, -22.733053 ], [ -43.89405979999998, -22.733530199999961 ], [ -43.893835799999977, -22.734118499999965 ], [ -43.893436099999974, -22.734746199999961 ], [ -43.892356199999938, -22.735430199999939 ], [ -43.892018099999973, -22.734754 ], [ -43.891482099999962, -22.734386599999937 ], [ -43.890885199999957, -22.734277499999962 ], [ -43.890391699999952, -22.734338699999967 ], [ -43.889913499999977, -22.734306799999956 ], [ -43.889633199999935, -22.734124599999973 ], [ -43.889266899999939, -22.733770599999957 ], [ -43.888755699999933, -22.733290099999977 ], [ -43.88812379999996, -22.733357099999978 ], [ -43.887550199999964, -22.733241 ], [ -43.887330499999962, -22.73295509999997 ], [ -43.887128899999936, -22.73264729999994 ], [ -43.886868799999945, -22.732375099999956 ], [ -43.886569099999974, -22.732201799999928 ], [ -43.886257599999965, -22.731789799999945 ], [ -43.885875699999985, -22.731541299999947 ], [ -43.88545849999997, -22.731374 ], [ -43.884924799999965, -22.731298199999969 ], [ -43.884892599999944, -22.730945099999929 ], [ -43.885137199999974, -22.730272299999967 ], [ -43.885100399999942, -22.72980709999996 ], [ -43.884996, -22.72927679999998 ], [ -43.884808199999952, -22.728909299999941 ], [ -43.884475399999985, -22.728480799999943 ], [ -43.884180299999969, -22.728472299999964 ], [ -43.883927599999936, -22.728479599999957 ], [ -43.883626399999969, -22.728486499999974 ], [ -43.883114299999932, -22.728695 ], [ -43.882434799999942, -22.728669899999943 ], [ -43.882042, -22.728443399999946 ], [ -43.881649399999958, -22.728196599999933 ], [ -43.881158599999935, -22.728043099999979 ], [ -43.880548099999942, -22.727904699999954 ], [ -43.880155099999968, -22.727687199999934 ], [ -43.879904199999942, -22.727411399999937 ], [ -43.879940799999986, -22.727158699999961 ], [ -43.880211299999985, -22.72674139999998 ], [ -43.880438099999935, -22.726328399999943 ], [ -43.880549799999983, -22.725911 ], [ -43.880663699999957, -22.725383 ], [ -43.880849799999964, -22.724998 ], [ -43.880979699999955, -22.72426669999993 ], [ -43.880871, -22.723750099999961 ], [ -43.880741299999954, -22.723295299999961 ], [ -43.880485399999941, -22.723042899999939 ], [ -43.880010699999957, -22.722747799999979 ], [ -43.880140799999936, -22.722288 ], [ -43.880253899999957, -22.721861699999977 ], [ -43.880193899999938, -22.721119099999953 ], [ -43.879955299999949, -22.720842699999935 ], [ -43.879740699999957, -22.720271699999955 ], [ -43.87987389999995, -22.720069199999955 ], [ -43.879838899999982, -22.719410499999981 ], [ -43.879776899999968, -22.71883239999994 ], [ -43.880260599999986, -22.718343199999936 ], [ -43.880658799999935, -22.717898499999933 ], [ -43.880797899999948, -22.717704899999944 ], [ -43.880792399999962, -22.717409299999929 ], [ -43.880555299999969, -22.71714529999997 ], [ -43.880144, -22.716511899999944 ], [ -43.879928899999982, -22.716002 ], [ -43.879187199999933, -22.715549299999964 ], [ -43.879127599999947, -22.714796399999955 ], [ -43.879225199999951, -22.714226199999928 ], [ -43.879490799999985, -22.713822499999935 ], [ -43.879979499999934, -22.713456399999927 ], [ -43.88028, -22.713258799999949 ], [ -43.880503199999964, -22.712772199999961 ], [ -43.880834, -22.712530499999957 ], [ -43.881590199999948, -22.711995899999977 ], [ -43.88213449999995, -22.711498399999982 ], [ -43.882987, -22.711091499999952 ], [ -43.883070099999941, -22.711020399999938 ], [ -43.882585099999972, -22.710149799999954 ], [ -43.882424599999979, -22.709943799999962 ], [ -43.882356399999935, -22.709802299999978 ], [ -43.882256599999948, -22.709608699999933 ], [ -43.882103399999949, -22.709411799999941 ], [ -43.882017299999973, -22.709242499999959 ], [ -43.881963699999972, -22.709102599999937 ], [ -43.881796, -22.708820699999933 ], [ -43.881711199999984, -22.708747899999935 ], [ -43.881535199999973, -22.70865109999994 ], [ -43.881106699999975, -22.708336399999951 ], [ -43.880889799999977, -22.708082299999944 ], [ -43.880756599999984, -22.707900699999982 ], [ -43.880598299999974, -22.707595499999968 ], [ -43.880460299999982, -22.707479699999965 ], [ -43.880000499999937, -22.707202799999948 ], [ -43.879791299999965, -22.706937 ], [ -43.879363199999943, -22.706491599999936 ], [ -43.879124899999965, -22.706309199999964 ], [ -43.87888449999997, -22.706040599999938 ], [ -43.878671699999984, -22.705713699999933 ], [ -43.878554599999973, -22.70560439999997 ], [ -43.878491599999961, -22.705486 ], [ -43.878179499999931, -22.705133399999966 ], [ -43.878066599999954, -22.704983199999958 ], [ -43.87766419999997, -22.704630599999973 ], [ -43.877400399999942, -22.70447889999997 ], [ -43.877305899999953, -22.704340499999944 ], [ -43.877228199999934, -22.704207899999972 ], [ -43.877158099999974, -22.704156299999966 ], [ -43.877089799999965, -22.704138299999954 ], [ -43.877044299999966, -22.704154199999948 ], [ -43.87698359999996, -22.70417539999994 ], [ -43.876906199999951, -22.704162799999949 ], [ -43.876793, -22.704088199999944 ], [ -43.876671, -22.70392419999996 ], [ -43.876601899999969, -22.703727599999979 ], [ -43.87653679999994, -22.703542499999969 ], [ -43.876379199999974, -22.703370499999949 ], [ -43.876181699999961, -22.703160699999955 ], [ -43.875978799999984, -22.702861899999959 ], [ -43.875938899999937, -22.702727599999946 ], [ -43.87587659999997, -22.702634699999976 ], [ -43.875784899999985, -22.702566299999944 ], [ -43.875583099999972, -22.702484899999945 ], [ -43.875363099999959, -22.702354499999956 ], [ -43.875294799999949, -22.702291399999979 ], [ -43.875293799999952, -22.702193499999964 ], [ -43.87528889999993, -22.702126799999974 ], [ -43.875233199999968, -22.702059199999951 ], [ -43.875132599999972, -22.701994899999931 ], [ -43.875074199999972, -22.701945 ], [ -43.875032699999963, -22.701875199999961 ], [ -43.875007899999957, -22.701811499999963 ], [ -43.874952399999984, -22.701751799999954 ], [ -43.874867, -22.701763899999946 ], [ -43.874801299999945, -22.701770799999963 ], [ -43.874654199999952, -22.701733599999955 ], [ -43.873694499999942, -22.701083499999982 ], [ -43.873233299999981, -22.700699199999974 ], [ -43.872619099999952, -22.70024449999994 ], [ -43.872431, -22.700186099999939 ], [ -43.872294199999942, -22.700183799999934 ], [ -43.872117299999957, -22.700234 ], [ -43.871823199999938, -22.700428099999954 ], [ -43.871639399999935, -22.700583299999948 ], [ -43.871451099999945, -22.700851599999964 ], [ -43.87134889999993, -22.701225099999931 ], [ -43.871340199999963, -22.701489399999957 ], [ -43.871321099999932, -22.70172249999996 ], [ -43.871313799999939, -22.701797099999965 ], [ -43.871264199999985, -22.701994599999978 ], [ -43.871174899999971, -22.702136 ], [ -43.871037, -22.702198099999976 ], [ -43.870718499999953, -22.702210699999966 ], [ -43.870488399999942, -22.702196299999969 ], [ -43.870296199999984, -22.702164499999981 ], [ -43.870086899999933, -22.702071099999955 ], [ -43.869753, -22.701863 ], [ -43.869381699999963, -22.701522299999965 ], [ -43.868678699999975, -22.700954299999978 ], [ -43.868085299999962, -22.700512 ], [ -43.867734399999961, -22.700356399999976 ], [ -43.866828899999973, -22.700168099999928 ], [ -43.866210599999931, -22.699975199999983 ], [ -43.865841699999976, -22.699757499999976 ], [ -43.865644799999984, -22.699709199999972 ], [ -43.86551, -22.699637199999927 ], [ -43.865071899999975, -22.699119199999927 ], [ -43.864764699999967, -22.698581499999932 ], [ -43.864715399999966, -22.698422499999936 ], [ -43.864683599999978, -22.698166299999968 ], [ -43.864668499999937, -22.698045099999945 ], [ -43.864608699999962, -22.697801899999945 ], [ -43.864497099999937, -22.697620399999948 ], [ -43.864319399999943, -22.697434699999974 ], [ -43.863969599999962, -22.69717849999995 ], [ -43.863272099999961, -22.696745 ], [ -43.863005099999953, -22.696508599999959 ], [ -43.862726499999951, -22.695939299999964 ], [ -43.862708299999952, -22.695751799999982 ], [ -43.862758, -22.695581 ], [ -43.862940299999934, -22.695177799999954 ], [ -43.863156099999969, -22.694878299999971 ], [ -43.86352039999997, -22.694592199999931 ], [ -43.863866199999961, -22.69424609999993 ], [ -43.864092099999937, -22.69386309999993 ], [ -43.864174699999978, -22.693673799999942 ], [ -43.864227099999937, -22.693484199999943 ], [ -43.864224399999955, -22.693299499999966 ], [ -43.864110399999959, -22.692810899999927 ], [ -43.863966499999947, -22.692425299999968 ], [ -43.863453, -22.69126179999995 ], [ -43.863352599999985, -22.69122 ], [ -43.86305109999995, -22.691229899999939 ], [ -43.862690599999951, -22.691312499999981 ], [ -43.862439199999983, -22.691479 ], [ -43.862021699999957, -22.69175649999994 ], [ -43.861496899999963, -22.692013799999927 ], [ -43.86079239999998, -22.692175799999973 ], [ -43.860540799999967, -22.692194599999937 ], [ -43.860256099999958, -22.692160799999954 ], [ -43.860105799999985, -22.692142899999965 ], [ -43.859792099999936, -22.692047199999934 ], [ -43.859467799999948, -22.691863799999965 ], [ -43.85912959999996, -22.691709699999933 ], [ -43.85895679999993, -22.69164109999997 ], [ -43.858866199999966, -22.69163489999994 ], [ -43.858775499999979, -22.691628599999945 ], [ -43.858193099999937, -22.691715599999952 ], [ -43.857411799999966, -22.691966 ], [ -43.856915699999945, -22.692082899999946 ], [ -43.856006499999978, -22.692424799999969 ], [ -43.854949199999965, -22.692920399999934 ], [ -43.854574599999978, -22.693060699999933 ], [ -43.853421199999957, -22.693381599999952 ], [ -43.852460399999984, -22.693558099999962 ], [ -43.851681099999951, -22.693629899999962 ], [ -43.85120569999998, -22.69362 ], [ -43.850844199999983, -22.693584499999929 ], [ -43.850054899999975, -22.69339709999997 ], [ -43.849472099999957, -22.693204699999967 ], [ -43.84910009999993, -22.693036399999983 ], [ -43.848680799999954, -22.692694599999982 ], [ -43.848272599999973, -22.692014099999938 ], [ -43.848194299999932, -22.691667199999927 ], [ -43.848090799999966, -22.691425599999945 ], [ -43.847626399999967, -22.690713799999969 ], [ -43.847617199999945, -22.690444299999967 ], [ -43.84764679999995, -22.69030719999995 ], [ -43.847676499999977, -22.69017 ], [ -43.847814, -22.689844199999982 ], [ -43.847866899999985, -22.689631099999929 ], [ -43.847856, -22.689405799999975 ], [ -43.847756299999958, -22.689096799999959 ], [ -43.847604599999954, -22.68889409999997 ], [ -43.847303499999953, -22.688678599999946 ], [ -43.846110599999975, -22.687766799999963 ], [ -43.845666299999948, -22.687396 ], [ -43.844655399999965, -22.686645899999974 ], [ -43.844303099999934, -22.686434399999939 ], [ -43.843853299999978, -22.686334099999954 ], [ -43.843329299999937, -22.686442299999953 ], [ -43.841748799999948, -22.687013899999954 ], [ -43.841230799999948, -22.687158599999975 ], [ -43.840039299999944, -22.687157799999966 ], [ -43.839328599999931, -22.686897099999953 ], [ -43.838215299999945, -22.686333 ], [ -43.837230199999965, -22.685950099999957 ], [ -43.836486299999933, -22.685779399999944 ], [ -43.835660699999949, -22.685698299999956 ], [ -43.83494769999993, -22.685708099999943 ], [ -43.834331, -22.68582379999998 ], [ -43.833663899999976, -22.686149599999965 ], [ -43.83237, -22.687087 ], [ -43.831964199999959, -22.687174299999981 ], [ -43.831251399999985, -22.687154 ], [ -43.830346599999984, -22.68686189999994 ], [ -43.82973149999998, -22.686782199999982 ], [ -43.829214399999955, -22.686628199999973 ], [ -43.828546, -22.686575699999935 ], [ -43.826974899999982, -22.686696299999937 ], [ -43.8262, -22.686711299999956 ], [ -43.825567899999953, -22.686665199999936 ], [ -43.824741699999947, -22.686576299999956 ], [ -43.823500599999932, -22.686408799999981 ], [ -43.822704299999941, -22.686280099999976 ], [ -43.822071699999981, -22.68615049999994 ], [ -43.821837199999948, -22.686013 ], [ -43.821584, -22.685793599999954 ], [ -43.821147899999971, -22.685396399999945 ], [ -43.820780599999978, -22.685136499999942 ], [ -43.820375699999943, -22.684908299999961 ], [ -43.819337399999938, -22.684484599999962 ], [ -43.818709799999965, -22.684169699999927 ], [ -43.818455899999947, -22.683936899999935 ], [ -43.817801499999973, -22.683589499999982 ], [ -43.817377299999976, -22.683004299999936 ], [ -43.816883299999972, -22.682652599999983 ], [ -43.816584199999966, -22.682351199999971 ], [ -43.816092699999956, -22.682041399999946 ], [ -43.815771299999938, -22.681919599999958 ], [ -43.815245, -22.681757199999936 ], [ -43.814988299999982, -22.681711699999937 ], [ -43.814893099999949, -22.681668 ], [ -43.814689099999953, -22.681681399999945 ], [ -43.814508499999931, -22.681713499999944 ], [ -43.814396199999976, -22.681772899999942 ], [ -43.814319599999976, -22.681869399999982 ], [ -43.814260899999965, -22.681979299999966 ], [ -43.814216699999974, -22.682092799999964 ], [ -43.814215899999965, -22.682179799999972 ], [ -43.814264499999979, -22.682397599999945 ], [ -43.814334799999983, -22.682618899999966 ], [ -43.814481299999954, -22.683025899999961 ], [ -43.814555399999961, -22.683220499999948 ], [ -43.814654399999938, -22.68344529999996 ], [ -43.814756899999963, -22.683693699999935 ], [ -43.814863399999979, -22.683895199999938 ], [ -43.81488719999993, -22.684047699999951 ], [ -43.814949799999965, -22.684315799999979 ], [ -43.814991199999952, -22.684540299999981 ], [ -43.815083199999947, -22.684738399999958 ], [ -43.815179099999966, -22.684919799999932 ], [ -43.815289499999949, -22.685084499999959 ], [ -43.815363899999966, -22.68524229999997 ], [ -43.815441799999974, -22.685410199999978 ], [ -43.815583899999979, -22.685728 ], [ -43.815668599999981, -22.68594939999997 ], [ -43.815695099999971, -22.686220599999956 ], [ -43.815660599999944, -22.686464599999965 ], [ -43.815614799999935, -22.686755299999959 ], [ -43.815537099999972, -22.686982299999954 ], [ -43.81547489999997, -22.687078799999938 ], [ -43.815347899999949, -22.687164899999971 ], [ -43.815192599999932, -22.687197199999957 ], [ -43.814947199999949, -22.687205399999982 ], [ -43.814770899999985, -22.687153899999942 ], [ -43.814544599999977, -22.687041799999975 ], [ -43.814329799999939, -22.686849499999937 ], [ -43.81411479999997, -22.68668729999996 ], [ -43.813942399999974, -22.686595699999941 ], [ -43.813733599999978, -22.68655739999997 ], [ -43.813405099999954, -22.686581699999977 ], [ -43.812831799999969, -22.686738899999966 ], [ -43.812480799999946, -22.686860099999933 ], [ -43.812017699999956, -22.687027299999954 ], [ -43.81148879999995, -22.687281 ], [ -43.811182699999961, -22.687457099999961 ], [ -43.810915399999942, -22.687604299999975 ], [ -43.810871, -22.68762879999997 ], [ -43.81066809999993, -22.687741 ], [ -43.810490799999968, -22.687796599999956 ], [ -43.810317099999963, -22.68786549999993 ], [ -43.810092899999972, -22.68793409999995 ], [ -43.809835899999939, -22.68802919999996 ], [ -43.80963289999994, -22.688151499999947 ], [ -43.809516499999972, -22.68826439999998 ], [ -43.809453799999972, -22.688417899999934 ], [ -43.809433899999931, -22.688631799999939 ], [ -43.809538499999974, -22.688935899999933 ], [ -43.809619199999929, -22.689190799999949 ], [ -43.809646899999962, -22.689334899999949 ], [ -43.809656599999983, -22.689458699999932 ], [ -43.809595299999955, -22.68967669999995 ], [ -43.809542, -22.689779 ], [ -43.809356099999945, -22.689950899999928 ], [ -43.809168599999964, -22.690049199999976 ] ] ] ] } },
{ "type": "Feature", "properties": { "CD_REGIAO": "3", "NM_REGIAO": "Sudeste", "CD_UF": "33", "NM_UF": "Rio de Janeiro", "CD_MUN": "3304003", "NM_MUN": "Piraí", "CD_DIST": "330400325", "NM_DIST": "Santanésia", "CD_RGINT": "3302", "NM_RGINT": "Volta Redonda - Barra Mansa", "CD_RGI": "330004", "NM_RGI": "Volta Redonda - Barra Mansa", "CD_CONCURB": null, "NM_CONCURB": null }, "geometry": { "type": "MultiPolygon", "coordinates": [ [ [ [ -43.805627, -22.519158699999934 ], [ -43.805613899999969, -22.51918859999995 ], [ -43.805619699999966, -22.519395 ], [ -43.805620499999975, -22.519491699999946 ], [ -43.805603599999984, -22.519593899999961 ], [ -43.80556409999997, -22.519672499999956 ], [ -43.805518099999972, -22.519908599999951 ], [ -43.80546929999997, -22.520105899999976 ], [ -43.805431499999941, -22.520319799999982 ], [ -43.805409899999972, -22.520522599999936 ], [ -43.805403499999954, -22.520622099999969 ], [ -43.805397, -22.520724899999948 ], [ -43.805392099999949, -22.520827699999927 ], [ -43.805386, -22.520924099999945 ], [ -43.805381899999929, -22.520988299999942 ], [ -43.805378599999983, -22.52103969999996 ], [ -43.805373299999985, -22.521123199999977 ], [ -43.805378099999984, -22.521210399999973 ], [ -43.805396499999972, -22.521327299999939 ], [ -43.805398599999933, -22.521565899999928 ], [ -43.80540869999993, -22.521759699999961 ], [ -43.805439199999967, -22.521983599999942 ], [ -43.805439499999977, -22.522141599999941 ], [ -43.805426799999964, -22.522340799999938 ], [ -43.805428799999959, -22.522553599999981 ], [ -43.805459699999972, -22.522800199999949 ], [ -43.805614499999933, -22.52343019999995 ], [ -43.805664399999955, -22.523568099999977 ], [ -43.805731199999968, -22.523684399999979 ], [ -43.805806299999972, -22.523778399999969 ], [ -43.805910099999949, -22.523883599999976 ], [ -43.806237099999976, -22.52408719999994 ], [ -43.807003599999973, -22.524442099999931 ], [ -43.807212899999968, -22.524572 ], [ -43.807321399999978, -22.524658199999976 ], [ -43.807442199999969, -22.524796599999945 ], [ -43.807497599999977, -22.524876899999981 ], [ -43.807573899999966, -22.52498079999998 ], [ -43.807630099999983, -22.525020799999936 ], [ -43.807686299999943, -22.525060699999983 ], [ -43.807867499999929, -22.525173199999983 ], [ -43.808309599999973, -22.525560499999983 ], [ -43.808504, -22.525712399999975 ], [ -43.808753499999966, -22.525867199999936 ], [ -43.808995899999957, -22.526024899999982 ], [ -43.80919259999996, -22.526196399999947 ], [ -43.809604899999954, -22.526459699999975 ], [ -43.809674099999938, -22.52650239999997 ], [ -43.809793099999979, -22.526575899999955 ], [ -43.809962, -22.526723499999946 ], [ -43.810097599999949, -22.52685 ], [ -43.810176799999965, -22.526914799999929 ], [ -43.810548799999935, -22.527198299999952 ], [ -43.810849899999937, -22.527420699999936 ], [ -43.810939299999973, -22.527486799999963 ], [ -43.81095769999996, -22.527500399999951 ], [ -43.810959899999943, -22.527502 ], [ -43.810965799999963, -22.527506499999959 ], [ -43.811311699999976, -22.527768699999967 ], [ -43.811548799999969, -22.528013099999953 ], [ -43.812111699999946, -22.528509299999939 ], [ -43.812134, -22.528533299999935 ], [ -43.812319099999968, -22.528731499999935 ], [ -43.812454899999977, -22.52897239999993 ], [ -43.812482, -22.529020399999979 ], [ -43.81280049999998, -22.529368499999975 ], [ -43.813578199999938, -22.529990699999928 ], [ -43.814155899999946, -22.530383299999983 ], [ -43.814837399999931, -22.530746199999953 ], [ -43.815431299999943, -22.531036899999947 ], [ -43.815665299999978, -22.531151399999942 ], [ -43.816753299999959, -22.531600499999968 ], [ -43.818929, -22.532260199999939 ], [ -43.819223699999952, -22.532372499999951 ], [ -43.819518499999958, -22.532484799999963 ], [ -43.819869399999959, -22.532793599999934 ], [ -43.819981699999971, -22.533130399999948 ], [ -43.819939599999941, -22.533411199999932 ], [ -43.81982359999995, -22.533689099999947 ], [ -43.819578099999944, -22.534004699999969 ], [ -43.819763899999941, -22.534099099999935 ], [ -43.819883699999934, -22.534092899999962 ], [ -43.820336899999973, -22.534105899999929 ], [ -43.820841099999939, -22.534065099999964 ], [ -43.821456799999964, -22.534130699999935 ], [ -43.821865199999934, -22.534423599999968 ], [ -43.822070799999949, -22.534534599999972 ], [ -43.822433099999955, -22.534624199999939 ], [ -43.82275889999994, -22.534643799999969 ], [ -43.822989499999949, -22.534584499999937 ], [ -43.82316359999993, -22.534410199999968 ], [ -43.823205599999937, -22.534380599999963 ], [ -43.823527299999967, -22.534153499999945 ], [ -43.823800299999959, -22.533844 ], [ -43.82397629999997, -22.533498899999927 ], [ -43.824130399999945, -22.533097899999973 ], [ -43.824385399999983, -22.532566599999939 ], [ -43.82450579999994, -22.532404199999974 ], [ -43.824958099999947, -22.531695299999967 ], [ -43.825457299999982, -22.531129199999953 ], [ -43.825625499999944, -22.530938399999968 ], [ -43.825630399999966, -22.530932899999982 ], [ -43.825954299999978, -22.530717 ], [ -43.826268599999935, -22.53056829999997 ], [ -43.826536799999985, -22.530433899999935 ], [ -43.826595399999974, -22.530341299999975 ], [ -43.826669, -22.52963909999994 ], [ -43.826713699999971, -22.529577099999983 ], [ -43.826758499999983, -22.529515 ], [ -43.826898599999936, -22.529450399999973 ], [ -43.827137599999958, -22.529416 ], [ -43.827336599999967, -22.529396499999962 ], [ -43.827431099999956, -22.529355899999928 ], [ -43.827622599999984, -22.529284099999927 ], [ -43.827918799999964, -22.529286399999933 ], [ -43.828152399999965, -22.529347099999939 ], [ -43.828379, -22.529465799999969 ], [ -43.82873619999998, -22.529621299999974 ], [ -43.829017399999941, -22.529706399999952 ], [ -43.829306, -22.529844599999933 ], [ -43.829548, -22.530003099999931 ], [ -43.82974669999993, -22.530127 ], [ -43.83009, -22.530287499999929 ], [ -43.83043749999996, -22.530552299999954 ], [ -43.830729099999985, -22.530820799999958 ], [ -43.831021399999941, -22.531076399999961 ], [ -43.831218199999967, -22.531031199999973 ], [ -43.831358299999977, -22.530967 ], [ -43.831486499999983, -22.531016 ], [ -43.831593099999964, -22.531106 ], [ -43.831698499999959, -22.53124459999998 ], [ -43.831777199999976, -22.531333199999949 ], [ -43.831904399999985, -22.531369 ], [ -43.832009299999982, -22.53141839999995 ], [ -43.832065199999931, -22.53171489999994 ], [ -43.832136, -22.531877299999962 ], [ -43.832293599999957, -22.53211349999998 ], [ -43.832293399999969, -22.532320499999969 ], [ -43.832133, -22.532458599999927 ], [ -43.831932299999949, -22.532717299999945 ], [ -43.831705899999974, -22.53281759999993 ], [ -43.831621, -22.532921199999976 ], [ -43.83163159999998, -22.533095599999967 ], [ -43.831779899999958, -22.533249399999931 ], [ -43.831985199999963, -22.533361299999967 ], [ -43.832289099999969, -22.533426499999962 ], [ -43.832486699999947, -22.533430499999952 ], [ -43.832681699999966, -22.533531299999936 ], [ -43.832816, -22.53356679999996 ], [ -43.832872799999961, -22.533614399999976 ], [ -43.832991399999969, -22.53368219999993 ], [ -43.833134, -22.533697599999982 ], [ -43.833321599999977, -22.533636 ], [ -43.833686399999976, -22.53342 ], [ -43.833758399999965, -22.53344809999993 ], [ -43.833853699999963, -22.53355449999998 ], [ -43.833856699999956, -22.53367929999996 ], [ -43.833820199999934, -22.533823 ], [ -43.833820799999955, -22.533994 ], [ -43.833886799999959, -22.534119499999974 ], [ -43.833992899999942, -22.534190199999955 ], [ -43.834320199999979, -22.534288699999934 ], [ -43.834651399999984, -22.53453339999993 ], [ -43.834836299999949, -22.534603299999958 ], [ -43.835023299999932, -22.534632399999964 ], [ -43.835173, -22.534596099999931 ], [ -43.835344899999939, -22.534592599999939 ], [ -43.835563699999966, -22.53451229999996 ], [ -43.835815499999967, -22.53445 ], [ -43.836254499999939, -22.534334199999932 ], [ -43.836416199999974, -22.534355399999981 ], [ -43.836601299999984, -22.534406399999966 ], [ -43.836832499999957, -22.534473 ], [ -43.837051499999973, -22.534558299999958 ], [ -43.837294499999985, -22.534612299999935 ], [ -43.83749819999997, -22.534625 ], [ -43.837612899999954, -22.53458459999996 ], [ -43.837683599999934, -22.534513599999968 ], [ -43.837654399999963, -22.534444599999972 ], [ -43.837541699999974, -22.534438399999942 ], [ -43.83743, -22.534478399999955 ], [ -43.837408699999969, -22.534396299999969 ], [ -43.837405899999965, -22.534294799999941 ], [ -43.837464299999965, -22.534256499999969 ], [ -43.837594199999955, -22.534202 ], [ -43.837785099999962, -22.533964899999944 ], [ -43.837839599999938, -22.533838 ], [ -43.837976399999945, -22.533752399999969 ], [ -43.838125199999979, -22.533677 ], [ -43.838270299999976, -22.533558299999982 ], [ -43.838587599999983, -22.533361799999966 ], [ -43.838723, -22.533141699999931 ], [ -43.838832799999977, -22.532888799999967 ], [ -43.838867099999959, -22.53277479999997 ], [ -43.838820899999973, -22.532672799999943 ], [ -43.838695799999982, -22.532585299999937 ], [ -43.838598499999932, -22.532570299999975 ], [ -43.838551199999984, -22.53254 ], [ -43.838498299999969, -22.532443799999953 ], [ -43.838483799999949, -22.532306299999959 ], [ -43.838551, -22.532110699999976 ], [ -43.838556899999958, -22.53201329999996 ], [ -43.838531499999931, -22.531898099999978 ], [ -43.838482699999986, -22.531776299999933 ], [ -43.838422799999933, -22.531569099999956 ], [ -43.838417299999946, -22.531454499999938 ], [ -43.838511099999948, -22.531322499999931 ], [ -43.838600799999938, -22.531307599999934 ], [ -43.838784899999951, -22.531347499999981 ], [ -43.838925299999971, -22.531379899999934 ], [ -43.83900929999993, -22.531355499999961 ], [ -43.839094499999931, -22.531272 ], [ -43.839048099999957, -22.531114399999979 ], [ -43.838921199999959, -22.530829199999971 ], [ -43.838935399999968, -22.530732499999942 ], [ -43.839071699999977, -22.530627699999968 ], [ -43.839206499999932, -22.530625699999973 ], [ -43.839295, -22.530700699999954 ], [ -43.83944269999995, -22.530729899999983 ], [ -43.839513899999986, -22.530809899999952 ], [ -43.839529199999959, -22.53093089999993 ], [ -43.839614399999959, -22.530968499999972 ], [ -43.839718299999959, -22.530957399999977 ], [ -43.839819599999942, -22.531024799999955 ], [ -43.839933099999939, -22.530993299999977 ], [ -43.84003359999997, -22.530970399999944 ], [ -43.840146399999981, -22.531022899999982 ], [ -43.840278, -22.531112499999949 ], [ -43.840513099999953, -22.531107299999974 ], [ -43.840632699999958, -22.531075499999929 ], [ -43.840770599999985, -22.531063699999947 ], [ -43.841277799999943, -22.531250199999931 ], [ -43.841339799999957, -22.531326399999955 ], [ -43.841399299999978, -22.53145829999994 ], [ -43.841874599999983, -22.531607899999983 ], [ -43.842064199999982, -22.531670299999973 ], [ -43.842602399999976, -22.531909399999961 ], [ -43.842855699999973, -22.53212659999997 ], [ -43.84286579999997, -22.532221299999946 ], [ -43.842772199999956, -22.532265199999927 ], [ -43.842717799999946, -22.53235879999994 ], [ -43.842749199999957, -22.532473299999936 ], [ -43.842925, -22.532607499999983 ], [ -43.84310789999995, -22.532787 ], [ -43.843399799999929, -22.533059299999934 ], [ -43.843648, -22.53323359999996 ], [ -43.843855499999961, -22.533308899999952 ], [ -43.844143, -22.533346699999981 ], [ -43.844378799999959, -22.533334699999955 ], [ -43.844524, -22.533340599999974 ], [ -43.844722399999966, -22.533376899999951 ], [ -43.844915499999956, -22.533393799999942 ], [ -43.845127599999955, -22.533378399999947 ], [ -43.845298799999966, -22.533329299999934 ], [ -43.845457199999942, -22.533208599999966 ], [ -43.845666499999936, -22.533049699999935 ], [ -43.845879499999967, -22.532969399999956 ], [ -43.84600329999995, -22.532958699999938 ], [ -43.846146499999975, -22.533026399999983 ], [ -43.846199199999944, -22.533073199999933 ], [ -43.846500299999946, -22.533365099999969 ], [ -43.846659299999942, -22.53344009999995 ], [ -43.846739799999966, -22.533408899999927 ], [ -43.846796499999982, -22.533319 ], [ -43.846953099999951, -22.533152499999971 ], [ -43.847007799999972, -22.53306589999994 ], [ -43.847045799999933, -22.532959299999959 ], [ -43.847109499999931, -22.532823899999983 ], [ -43.847255399999938, -22.532748799999979 ], [ -43.847395499999948, -22.532780499999944 ], [ -43.847643199999936, -22.53273669999993 ], [ -43.847877399999959, -22.532650299999943 ], [ -43.847979699999939, -22.532586399999957 ], [ -43.84795749999995, -22.532488599999965 ], [ -43.847932799999967, -22.532410199999958 ], [ -43.847988, -22.532391699999948 ], [ -43.848177799999974, -22.532398599999965 ], [ -43.848329799999931, -22.532378699999981 ], [ -43.848499699999934, -22.532317299999931 ], [ -43.848558399999945, -22.532253099999934 ], [ -43.848523399999976, -22.532122499999957 ], [ -43.848424799999975, -22.532042699999977 ], [ -43.848373, -22.53193779999998 ], [ -43.848474299999964, -22.531942599999979 ], [ -43.84877419999998, -22.532029 ], [ -43.848986799999977, -22.532240899999977 ], [ -43.849089799999945, -22.532308 ], [ -43.849085399999979, -22.532411799999977 ], [ -43.849054499999966, -22.532518299999936 ], [ -43.849091699999974, -22.532639199999949 ], [ -43.849192799999969, -22.53269279999995 ], [ -43.849366299999986, -22.532624899999973 ], [ -43.849482199999954, -22.532595 ], [ -43.849646099999973, -22.532581799999946 ], [ -43.849886, -22.532602599999962 ], [ -43.849987699999986, -22.532631699999968 ], [ -43.84997089999996, -22.532812299999932 ], [ -43.849897099999964, -22.532972899999947 ], [ -43.849890599999981, -22.533213 ], [ -43.849984899999981, -22.533357699999954 ], [ -43.850148699999977, -22.53353919999995 ], [ -43.850274, -22.533843399999967 ], [ -43.850207799999964, -22.53402159999996 ], [ -43.850248599999929, -22.534118099999944 ], [ -43.850369, -22.534210399999949 ], [ -43.850701899999933, -22.534597399999939 ], [ -43.851153299999964, -22.534935399999938 ], [ -43.851681799999938, -22.535022499999968 ], [ -43.851938599999983, -22.535105099999953 ], [ -43.852101799999957, -22.535128199999974 ], [ -43.852209099999982, -22.535169099999962 ], [ -43.852320299999974, -22.53527779999996 ], [ -43.852353899999969, -22.535398399999963 ], [ -43.852391199999943, -22.535723 ], [ -43.852554599999962, -22.535894499999927 ], [ -43.852707299999963, -22.535917499999982 ], [ -43.852877599999943, -22.535956399999975 ], [ -43.853167699999972, -22.536165299999936 ], [ -43.853300499999932, -22.536381 ], [ -43.853354399999944, -22.536583499999949 ], [ -43.853411199999982, -22.536688 ], [ -43.853674799999965, -22.536909199999968 ], [ -43.853840099999957, -22.537070699999958 ], [ -43.853950399999974, -22.537133799999935 ], [ -43.854182199999968, -22.537070299999982 ], [ -43.854497199999969, -22.536984099999927 ], [ -43.854590099999939, -22.536901299999954 ], [ -43.854637299999979, -22.536824599999932 ], [ -43.854708699999946, -22.536625 ], [ -43.854808799999944, -22.536399699999947 ], [ -43.85482, -22.536243199999944 ], [ -43.854860699999961, -22.536079599999937 ], [ -43.854938499999946, -22.53598 ], [ -43.855072099999973, -22.535937099999956 ], [ -43.855275199999937, -22.535901699999954 ], [ -43.855432299999961, -22.535917899999959 ], [ -43.855754699999977, -22.535881399999937 ], [ -43.855893299999934, -22.535835799999973 ], [ -43.856151599999976, -22.53582629999994 ], [ -43.856305099999986, -22.535878 ], [ -43.856379199999935, -22.535914199999979 ], [ -43.856467899999984, -22.535992699999952 ], [ -43.856541499999935, -22.536104599999931 ], [ -43.856577799999968, -22.536253599999952 ], [ -43.856583499999942, -22.536376099999927 ], [ -43.856619199999955, -22.536479899999961 ], [ -43.856738, -22.536595599999941 ], [ -43.85689659999997, -22.536789099999964 ], [ -43.857000699999958, -22.536939399999937 ], [ -43.857091099999934, -22.537009 ], [ -43.857254499999954, -22.537076799999966 ], [ -43.857380499999977, -22.537114699999961 ], [ -43.857416699999931, -22.537198899999964 ], [ -43.857423399999959, -22.537274 ], [ -43.857536399999958, -22.537338899999952 ], [ -43.857717299999933, -22.537402199999974 ], [ -43.85798079999995, -22.537356 ], [ -43.858112499999947, -22.537366799999972 ], [ -43.858287699999948, -22.537443099999962 ], [ -43.858575099999939, -22.537543899999946 ], [ -43.858806199999947, -22.537671499999931 ], [ -43.858962, -22.537826699999982 ], [ -43.859071299999982, -22.537920499999927 ], [ -43.859403899999961, -22.538192299999935 ], [ -43.859537399999965, -22.538260699999967 ], [ -43.859705, -22.538502599999958 ], [ -43.859798199999943, -22.538724299999956 ], [ -43.859888499999954, -22.53893439999996 ], [ -43.860144599999956, -22.539091699999972 ], [ -43.860437199999978, -22.539098699999954 ], [ -43.860689599999944, -22.539048899999955 ], [ -43.860878499999956, -22.538985399999945 ], [ -43.861003299999936, -22.538865899999962 ], [ -43.861075799999981, -22.538816699999927 ], [ -43.861150699999939, -22.538864199999978 ], [ -43.861329099999978, -22.539065199999982 ], [ -43.861667699999941, -22.539475099999947 ], [ -43.861888099999931, -22.539548699999955 ], [ -43.862174499999981, -22.539571899999942 ], [ -43.86247869999994, -22.539586699999973 ], [ -43.862697499999967, -22.539752699999951 ], [ -43.862989, -22.539921199999981 ], [ -43.863215099999934, -22.540005899999983 ], [ -43.863256299999932, -22.540085599999941 ], [ -43.863151499999958, -22.540297199999941 ], [ -43.863018799999963, -22.54043919999998 ], [ -43.862931, -22.540561699999955 ], [ -43.862957299999948, -22.540752599999962 ], [ -43.863058199999955, -22.540859799999964 ], [ -43.863372199999958, -22.541004699999974 ], [ -43.863860099999954, -22.541253899999958 ], [ -43.864374699999985, -22.541529299999979 ], [ -43.86531169999995, -22.541971799999942 ], [ -43.865360299999963, -22.542043899999953 ], [ -43.865935599999943, -22.543335 ], [ -43.86608119999994, -22.543558599999983 ], [ -43.866618099999982, -22.544071799999983 ], [ -43.866890799999965, -22.544366299999979 ], [ -43.867112099999986, -22.544539499999928 ], [ -43.867289399999947, -22.544589099999939 ], [ -43.867400099999941, -22.544586 ], [ -43.867563599999983, -22.54460789999996 ], [ -43.867713299999934, -22.544615 ], [ -43.867863599999964, -22.544658099999936 ], [ -43.868076499999972, -22.544663599999978 ], [ -43.868272599999955, -22.544682499999965 ], [ -43.868370699999957, -22.544668 ], [ -43.868520599999954, -22.544662199999948 ], [ -43.868608499999937, -22.544696299999941 ], [ -43.868764799999951, -22.544793 ], [ -43.868983299999968, -22.544968399999959 ], [ -43.869063899999958, -22.545063099999936 ], [ -43.869200299999932, -22.545099199999981 ], [ -43.869658499999957, -22.545180099999982 ], [ -43.869906499999956, -22.545213199999978 ], [ -43.870082899999943, -22.545244499999967 ], [ -43.870171299999981, -22.545283 ], [ -43.870272099999966, -22.545288299999982 ], [ -43.870321099999956, -22.54533269999996 ], [ -43.87037719999995, -22.545378599999935 ], [ -43.870514699999944, -22.545375599999943 ], [ -43.870597, -22.545411699999931 ], [ -43.870693399999936, -22.545446199999958 ], [ -43.870845899999949, -22.54546339999996 ], [ -43.871027799999979, -22.54542749999996 ], [ -43.87124069999993, -22.545399499999974 ], [ -43.871459499999958, -22.545371699999976 ], [ -43.871716599999957, -22.545344399999976 ], [ -43.872089099999982, -22.545317799999964 ], [ -43.872211899999968, -22.545303399999966 ], [ -43.872311799999977, -22.545303299999944 ], [ -43.872418399999958, -22.545249099999978 ], [ -43.87253439999995, -22.545227899999929 ], [ -43.872632299999964, -22.545262499999978 ], [ -43.872712099999944, -22.545294199999944 ], [ -43.872796699999981, -22.545280399999967 ], [ -43.87287079999993, -22.545294399999932 ], [ -43.872965, -22.545335399999942 ], [ -43.87305159999994, -22.545345599999962 ], [ -43.873163299999931, -22.545380899999941 ], [ -43.873294499999986, -22.545462599999951 ], [ -43.873439099999985, -22.545557899999949 ], [ -43.873671199999933, -22.545684199999982 ], [ -43.87379, -22.545756599999947 ], [ -43.873797799999977, -22.545841799999948 ], [ -43.873759, -22.545994599999972 ], [ -43.873766499999931, -22.546203699999978 ], [ -43.87381309999995, -22.546271 ], [ -43.873881499999982, -22.546313099999963 ], [ -43.873992, -22.546313399999974 ], [ -43.874100299999952, -22.546299099999942 ], [ -43.874186799999961, -22.54629129999995 ], [ -43.874311199999966, -22.54632289999995 ], [ -43.874351, -22.546315899999968 ], [ -43.874493099999938, -22.546314399999972 ], [ -43.874674699999957, -22.546329799999967 ], [ -43.874820299999953, -22.546318699999972 ], [ -43.874981399999967, -22.546331699999939 ], [ -43.875196099999982, -22.546334599999966 ], [ -43.875386, -22.546351499999957 ], [ -43.875555299999974, -22.54635449999995 ], [ -43.875705399999958, -22.546304499999962 ], [ -43.875976499999979, -22.54616859999993 ], [ -43.876146499999948, -22.546145599999932 ], [ -43.876651399999957, -22.546267899999975 ], [ -43.876839299999972, -22.54628589999993 ], [ -43.877021899999932, -22.546307199999944 ], [ -43.877156699999944, -22.546340599999951 ], [ -43.877342099999964, -22.546393699999953 ], [ -43.877473899999984, -22.546412799999928 ], [ -43.877770099999964, -22.546417099999928 ], [ -43.877857499999948, -22.546462599999927 ], [ -43.877951699999983, -22.546529699999951 ], [ -43.878091799999936, -22.546661899999947 ], [ -43.878279299999974, -22.546791599999949 ], [ -43.878378699999985, -22.546826 ], [ -43.878525299999978, -22.54682779999996 ], [ -43.878660299999979, -22.546747699999969 ], [ -43.878779599999973, -22.546727199999964 ], [ -43.879002399999933, -22.546785 ], [ -43.879173599999945, -22.546931699999959 ], [ -43.87927, -22.546975299999929 ], [ -43.879323699999929, -22.547043 ], [ -43.879393599999958, -22.547080699999981 ], [ -43.87950509999996, -22.547085899999956 ], [ -43.879558, -22.547179699999958 ], [ -43.879641399999969, -22.547231 ], [ -43.879738199999963, -22.547261699999979 ], [ -43.879849399999955, -22.547314299999982 ], [ -43.879915899999958, -22.547421799999938 ], [ -43.879968, -22.547541699999954 ], [ -43.880063099999973, -22.547624499999927 ], [ -43.880189099999939, -22.54765169999996 ], [ -43.880245699999932, -22.547628299999928 ], [ -43.880317099999957, -22.547613899999931 ], [ -43.880378299999961, -22.547669 ], [ -43.880434499999978, -22.547658599999977 ], [ -43.880450099999962, -22.547607199999959 ], [ -43.880444299999965, -22.547567799999968 ], [ -43.880361899999969, -22.54752469999994 ], [ -43.88036349999993, -22.547472599999935 ], [ -43.880388699999969, -22.547447699999964 ], [ -43.880414, -22.547422899999958 ], [ -43.880430399999966, -22.547379699999965 ], [ -43.880508299999974, -22.547344299999963 ], [ -43.88057729999997, -22.54737369999998 ], [ -43.880645299999969, -22.54746339999997 ], [ -43.880651899999975, -22.547664199999929 ], [ -43.880839899999955, -22.547806699999967 ], [ -43.880921499999943, -22.54788439999993 ], [ -43.881022099999939, -22.547980399999972 ], [ -43.881093299999975, -22.547965899999951 ], [ -43.881180799999981, -22.548008399999958 ], [ -43.881337599999938, -22.548013199999957 ], [ -43.881386199999952, -22.548014399999943 ], [ -43.881485199999929, -22.548001199999931 ], [ -43.881547599999976, -22.54801729999997 ], [ -43.881583399999954, -22.547993 ], [ -43.881607199999962, -22.547924 ], [ -43.88160229999994, -22.547858599999927 ], [ -43.881604, -22.547806499999979 ], [ -43.881641299999956, -22.547730099999967 ], [ -43.88169929999998, -22.547689 ], [ -43.881728, -22.547664299999951 ], [ -43.881785099999945, -22.547628 ], [ -43.881834399999946, -22.547617299999956 ], [ -43.881926, -22.54761689999998 ], [ -43.88199579999997, -22.547620299999949 ], [ -43.882045799999958, -22.547604899999953 ], [ -43.882075399999962, -22.547554199999979 ], [ -43.882093499999939, -22.547535499999981 ], [ -43.882140299999946, -22.547492099999943 ], [ -43.88217579999997, -22.547484899999972 ], [ -43.88224619999994, -22.547479399999929 ], [ -43.882271399999979, -22.54745459999998 ], [ -43.882262199999957, -22.547415 ], [ -43.882206799999949, -22.547399299999938 ], [ -43.882187, -22.547359299999982 ], [ -43.882188299999939, -22.547320199999945 ], [ -43.882294699999932, -22.54727319999995 ], [ -43.88232249999993, -22.547285199999976 ], [ -43.88235039999995, -22.547297199999946 ], [ -43.882376699999952, -22.547350599999959 ], [ -43.882430899999974, -22.547405399999946 ], [ -43.882520899999975, -22.54743579999996 ], [ -43.882542299999955, -22.547468199999969 ], [ -43.882603, -22.547506699999929 ], [ -43.882652599999972, -22.547489499999983 ], [ -43.882667799999979, -22.547451199999955 ], [ -43.882691899999941, -22.547358699999961 ], [ -43.882702299999949, -22.547259099999962 ], [ -43.882685, -22.547141 ], [ -43.882666399999948, -22.547068399999944 ], [ -43.882767499999943, -22.546844199999953 ], [ -43.882801499999971, -22.546679299999937 ], [ -43.882880799999953, -22.546509199999946 ], [ -43.882990599999971, -22.546366599999942 ], [ -43.883223499999986, -22.546306 ], [ -43.883499699999959, -22.54622089999998 ], [ -43.88378739999996, -22.546203899999966 ], [ -43.883996099999933, -22.546248399999968 ], [ -43.884148499999981, -22.546303299999977 ], [ -43.884326299999941, -22.546437499999968 ], [ -43.884521599999971, -22.546589599999947 ], [ -43.884705699999984, -22.546710699999949 ], [ -43.884863399999972, -22.54677049999998 ], [ -43.884986199999958, -22.546781299999964 ], [ -43.885135499999933, -22.546757899999932 ], [ -43.885295599999949, -22.546778 ], [ -43.885409, -22.546803299999965 ], [ -43.885534199999938, -22.546840699999962 ], [ -43.885627399999976, -22.546870899999931 ], [ -43.885968399999967, -22.547097599999972 ], [ -43.886114899999939, -22.547195699999975 ], [ -43.886272799999972, -22.547272299999975 ], [ -43.886456799999962, -22.547419699999978 ], [ -43.886600199999975, -22.547597799999949 ], [ -43.886698699999954, -22.547720099999935 ], [ -43.886773499999947, -22.547787899999946 ], [ -43.886875599999939, -22.54788039999994 ], [ -43.887159099999963, -22.548197099999982 ], [ -43.887274099999956, -22.548314399999981 ], [ -43.887373699999955, -22.548486299999979 ], [ -43.887460699999963, -22.548595299999931 ], [ -43.887522099999956, -22.548672099999976 ], [ -43.887666299999978, -22.548762299999964 ], [ -43.887758099999985, -22.548807499999953 ], [ -43.887865199999965, -22.548856399999977 ], [ -43.888162899999941, -22.548946899999976 ], [ -43.888372499999946, -22.548999 ], [ -43.888682399999936, -22.549075699999946 ], [ -43.888809, -22.54908839999996 ], [ -43.88922649999995, -22.549111 ], [ -43.88935749999996, -22.549122299999965 ], [ -43.889551199999971, -22.549191299999961 ], [ -43.889722199999937, -22.549213699999939 ], [ -43.889829099999986, -22.549208499999963 ], [ -43.890080699999942, -22.549175099999957 ], [ -43.89023119999996, -22.549195099999963 ], [ -43.890363499999978, -22.549299099999928 ], [ -43.890414, -22.54935949999998 ], [ -43.890424399999972, -22.549426199999971 ], [ -43.890412399999946, -22.549476299999981 ], [ -43.890398799999957, -22.549515699999972 ], [ -43.890503399999943, -22.549747899999943 ], [ -43.890722099999948, -22.550063799999975 ], [ -43.890906099999938, -22.550336699999946 ], [ -43.890995499999974, -22.550507799999934 ], [ -43.891098599999964, -22.550521499999945 ], [ -43.891175299999929, -22.550516 ], [ -43.891259199999979, -22.550459399999966 ], [ -43.891283699999974, -22.550414599999954 ], [ -43.891349899999966, -22.550358099999983 ], [ -43.891415099999961, -22.550346199999979 ], [ -43.891505399999971, -22.550384599999973 ], [ -43.891613099999972, -22.550439299999937 ], [ -43.891764599999931, -22.550524 ], [ -43.891856899999937, -22.550578399999949 ], [ -43.89187759999993, -22.550598599999944 ], [ -43.891985099999943, -22.550703699999929 ], [ -43.892037799999969, -22.550725299999954 ], [ -43.892124599999931, -22.550729399999966 ], [ -43.892229899999961, -22.550688799999932 ], [ -43.892326199999957, -22.550598699999966 ], [ -43.892466499999955, -22.55058 ], [ -43.892599799999971, -22.550616899999966 ], [ -43.892779099999984, -22.55073189999996 ], [ -43.892856599999959, -22.550785099999928 ], [ -43.892938899999933, -22.551015799999959 ], [ -43.89299879999993, -22.551055599999927 ], [ -43.893321399999934, -22.551170199999945 ], [ -43.893519199999957, -22.55121749999995 ], [ -43.893658499999958, -22.551232099999936 ], [ -43.893851, -22.551306899999929 ], [ -43.89402, -22.551326 ], [ -43.894123199999967, -22.551374299999964 ], [ -43.894189899999958, -22.551478499999973 ], [ -43.894230599999958, -22.551511499999947 ], [ -43.89431049999996, -22.551537799999949 ], [ -43.894408299999952, -22.551552799999968 ], [ -43.89450549999998, -22.551601099999971 ], [ -43.894567, -22.551661 ], [ -43.894664599999942, -22.551687099999981 ], [ -43.894717699999944, -22.55168649999996 ], [ -43.894774699999971, -22.551668599999971 ], [ -43.894841399999962, -22.551670399999978 ], [ -43.894908099999952, -22.551672199999928 ], [ -43.895064, -22.551655399999959 ], [ -43.895139299999983, -22.551679599999943 ], [ -43.895224299999938, -22.551739099999963 ], [ -43.895344899999941, -22.551787199999978 ], [ -43.895455099999936, -22.551809099999957 ], [ -43.895544499999971, -22.551833899999963 ], [ -43.895634, -22.551871099999971 ], [ -43.895704699999953, -22.551903 ], [ -43.895826, -22.551906599999938 ], [ -43.896022499999958, -22.551853199999982 ], [ -43.896158399999933, -22.551802899999927 ], [ -43.896345399999973, -22.551707099999931 ], [ -43.896528899999964, -22.551521499999978 ], [ -43.896662699999979, -22.551550299999974 ], [ -43.896872599999938, -22.55163239999996 ], [ -43.897121499999969, -22.551755299999968 ], [ -43.897463899999934, -22.551750399999946 ], [ -43.897648299999958, -22.551664699999947 ], [ -43.897727699999962, -22.551508599999977 ], [ -43.897783299999958, -22.551272 ], [ -43.897846799999968, -22.551176399999974 ], [ -43.897961199999941, -22.551127699999938 ], [ -43.89811839999993, -22.551161099999945 ], [ -43.898267799999985, -22.55118589999995 ], [ -43.898702, -22.551203499999929 ], [ -43.898924, -22.551299599999936 ], [ -43.899013799999977, -22.551381099999958 ], [ -43.899116299999946, -22.551533 ], [ -43.899216, -22.55170789999994 ], [ -43.899323, -22.55196559999996 ], [ -43.899459699999966, -22.552132 ], [ -43.899558699999943, -22.55218 ], [ -43.899681699999974, -22.552200199999959 ], [ -43.899842399999955, -22.552189899999973 ], [ -43.89996229999997, -22.552215599999954 ], [ -43.900153599999953, -22.552356 ], [ -43.900435799999968, -22.552478099999973 ], [ -43.900638099999981, -22.552514099999939 ], [ -43.900846299999955, -22.552593799999954 ], [ -43.90084539999998, -22.552599599999951 ], [ -43.900828899999965, -22.552712499999927 ], [ -43.900773699999945, -22.552845699999978 ], [ -43.900744699999962, -22.553087299999959 ], [ -43.900689599999964, -22.553357499999947 ], [ -43.900709199999937, -22.553509799999972 ], [ -43.900681899999938, -22.553636499999982 ], [ -43.900582499999985, -22.553802099999928 ], [ -43.900361299999986, -22.553989899999976 ], [ -43.900269, -22.554062199999976 ], [ -43.900168899999983, -22.554073899999935 ], [ -43.900090599999942, -22.554048099999932 ], [ -43.899972899999966, -22.55406 ], [ -43.899828299999967, -22.554133799999931 ], [ -43.899608599999965, -22.554278599999975 ], [ -43.899458899999956, -22.554492899999957 ], [ -43.899457299999938, -22.554674 ], [ -43.899471099999971, -22.554739699999971 ], [ -43.899502799999937, -22.554890599999965 ], [ -43.899500399999965, -22.555033799999933 ], [ -43.899469699999941, -22.555122 ], [ -43.899397799999974, -22.555210399999964 ], [ -43.899302, -22.555290699999944 ], [ -43.899166099999945, -22.555387699999983 ], [ -43.898924299999976, -22.555670899999939 ], [ -43.898816199999942, -22.55598329999998 ], [ -43.898712899999964, -22.556361399999957 ], [ -43.898682, -22.556618199999946 ], [ -43.89859789999997, -22.55681809999993 ], [ -43.898532599999953, -22.556952 ], [ -43.898540899999944, -22.557058199999972 ], [ -43.898566499999959, -22.557186299999955 ], [ -43.898549599999967, -22.55729249999996 ], [ -43.898600099999953, -22.557405699999947 ], [ -43.898676899999941, -22.557518899999934 ], [ -43.898770599999978, -22.557676 ], [ -43.898911599999963, -22.5578 ], [ -43.89901679999997, -22.557865399999969 ], [ -43.899099699999965, -22.557889 ], [ -43.89919539999994, -22.557914199999971 ], [ -43.899268799999959, -22.558054699999957 ], [ -43.89938479999995, -22.558242499999949 ], [ -43.89947, -22.558371899999941 ], [ -43.899576299999978, -22.558462899999938 ], [ -43.899606499999948, -22.558554 ], [ -43.899626399999931, -22.558665299999973 ], [ -43.899651699999936, -22.558798499999966 ], [ -43.899657299999944, -22.558966199999929 ], [ -43.899716199999943, -22.55909 ], [ -43.899863799999935, -22.559293699999955 ], [ -43.899993199999983, -22.559541099999933 ], [ -43.90004579999993, -22.559686599999964 ], [ -43.900080599999967, -22.559921299999928 ], [ -43.900100499999951, -22.560172199999954 ], [ -43.900118599999985, -22.560599599999932 ], [ -43.900166199999944, -22.560762599999975 ], [ -43.900251299999979, -22.560880499999939 ], [ -43.900418099999968, -22.561071 ], [ -43.900494099999946, -22.561205199999961 ], [ -43.900546799999972, -22.561339299999929 ], [ -43.900685799999962, -22.56155339999998 ], [ -43.900738799999942, -22.561729299999968 ], [ -43.90078589999996, -22.56190829999997 ], [ -43.900902799999983, -22.562067399999933 ], [ -43.900943899999959, -22.56215439999994 ], [ -43.900961699999982, -22.562266199999954 ], [ -43.900971, -22.562419199999965 ], [ -43.901064699999949, -22.562684499999932 ], [ -43.901127299999985, -22.562826399999949 ], [ -43.901186299999949, -22.563045399999965 ], [ -43.901282899999956, -22.563253499999973 ], [ -43.901293899999985, -22.563295399999959 ], [ -43.901281599999948, -22.563366799999983 ], [ -43.901223, -22.563538499999936 ], [ -43.901134, -22.563799399999937 ], [ -43.901122899999962, -22.563894 ], [ -43.901112299999966, -22.564019799999983 ], [ -43.901121, -22.564096699999936 ], [ -43.901138199999934, -22.564163 ], [ -43.901171499999975, -22.564220499999976 ], [ -43.901227199999937, -22.564276499999949 ], [ -43.901347599999951, -22.564350099999956 ], [ -43.90144429999998, -22.564428799999973 ], [ -43.901652899999931, -22.564520499999958 ], [ -43.901733599999943, -22.564595199999928 ], [ -43.901786699999946, -22.564629299999979 ], [ -43.901858699999934, -22.564644299999941 ], [ -43.901951299999951, -22.56465959999997 ], [ -43.902022099999954, -22.564660899999978 ], [ -43.902060199999937, -22.564683499999944 ], [ -43.902088599999956, -22.564717 ], [ -43.902229399999953, -22.564884199999938 ], [ -43.902301099999931, -22.565008099999943 ], [ -43.902459399999941, -22.565206499999931 ], [ -43.902618599999983, -22.565375699999947 ], [ -43.902794799999981, -22.565762399999983 ], [ -43.902911499999959, -22.565862899999956 ], [ -43.902952099999936, -22.565929399999959 ], [ -43.902989499999933, -22.566023099999938 ], [ -43.903145, -22.566256899999928 ], [ -43.903249599999981, -22.566503599999976 ], [ -43.903284399999961, -22.566558899999961 ], [ -43.903322399999979, -22.566573199999937 ], [ -43.903413, -22.566615699999943 ], [ -43.903441899999962, -22.566665399999977 ], [ -43.903479699999934, -22.566709799999956 ], [ -43.903800499999932, -22.566832799999929 ], [ -43.903886, -22.566880399999945 ], [ -43.903941599999939, -22.566886799999963 ], [ -43.903966599999933, -22.566879 ], [ -43.904037199999948, -22.566863799999965 ], [ -43.904102799999976, -22.566857 ], [ -43.904166, -22.566858899999943 ], [ -43.904235099999937, -22.566857699999957 ], [ -43.904280599999936, -22.566855699999962 ], [ -43.904371799999979, -22.566824399999973 ], [ -43.904469199999937, -22.566837 ], [ -43.904614799999933, -22.566855699999962 ], [ -43.904670199999941, -22.566878499999973 ], [ -43.904693299999963, -22.566911599999969 ], [ -43.904695599999968, -22.566971699999954 ], [ -43.90468629999998, -22.56702619999993 ], [ -43.904659199999969, -22.567096699999979 ], [ -43.90466669999995, -22.567222399999935 ], [ -43.904805899999985, -22.567500199999927 ], [ -43.904958299999976, -22.567757599999936 ], [ -43.90543729999996, -22.568103 ], [ -43.905823799999951, -22.568310599999961 ], [ -43.906191599999943, -22.56860469999998 ], [ -43.906335899999931, -22.568753799999968 ], [ -43.906906899999967, -22.569088699999952 ], [ -43.907021399999962, -22.569144799999947 ], [ -43.907372, -22.569301099999961 ], [ -43.907438699999943, -22.569364 ], [ -43.907968099999948, -22.570211899999947 ], [ -43.908091899999931, -22.570471899999973 ], [ -43.90823249999994, -22.57058619999998 ], [ -43.908523399999979, -22.570661899999948 ], [ -43.908695899999941, -22.57064639999993 ], [ -43.908796799999948, -22.570709799999975 ], [ -43.908972899999981, -22.571020699999963 ], [ -43.909340799999939, -22.571028499999954 ], [ -43.910047299999974, -22.571444399999962 ], [ -43.910447699999963, -22.571515599999941 ], [ -43.910835199999951, -22.571753099999967 ], [ -43.911104, -22.571948299999974 ], [ -43.911350299999981, -22.571973299999968 ], [ -43.911621399999945, -22.572102 ], [ -43.911908399999959, -22.572334 ], [ -43.912093, -22.572440499999971 ], [ -43.912308899999971, -22.572607599999969 ], [ -43.912396799999954, -22.57292949999993 ], [ -43.912492799999939, -22.572970599999962 ], [ -43.91281319999996, -22.572917699999948 ], [ -43.913503399999968, -22.572996699999976 ], [ -43.913849, -22.573076199999946 ], [ -43.914030099999934, -22.573116399999947 ], [ -43.914410799999985, -22.573270799999932 ], [ -43.914928699999962, -22.573671399999967 ], [ -43.915196099999946, -22.573975299999972 ], [ -43.915728699999931, -22.574876499999959 ], [ -43.916023099999961, -22.575758699999938 ], [ -43.916178599999967, -22.575994199999968 ], [ -43.916321799999935, -22.576111499999968 ], [ -43.916610099999957, -22.57624439999995 ], [ -43.91685, -22.576322199999936 ], [ -43.917027599999983, -22.576312199999961 ], [ -43.917295699999954, -22.576495099999931 ], [ -43.91762609999995, -22.576863399999979 ], [ -43.917831599999943, -22.577055499999972 ], [ -43.917992899999945, -22.577310899999929 ], [ -43.918074399999966, -22.577569599999947 ], [ -43.918260099999941, -22.577831699999933 ], [ -43.918521299999952, -22.578270699999962 ], [ -43.918996, -22.57880769999997 ], [ -43.919385699999964, -22.579403499999955 ], [ -43.919561099999953, -22.579573799999935 ], [ -43.919733, -22.579643099999942 ], [ -43.919946699999969, -22.579655499999944 ], [ -43.920046699999943, -22.579706499999929 ], [ -43.920320099999969, -22.580032099999983 ], [ -43.920879899999932, -22.58060729999994 ], [ -43.921217499999955, -22.580951399999947 ], [ -43.92144849999994, -22.581225699999948 ], [ -43.921517299999948, -22.581374099999948 ], [ -43.921466099999975, -22.581462099999953 ], [ -43.921358199999929, -22.581511399999954 ], [ -43.921248699999978, -22.58162649999997 ], [ -43.921226399999966, -22.581762 ], [ -43.921568799999932, -22.582355899999982 ], [ -43.921725699999968, -22.582518799999946 ], [ -43.921922299999949, -22.582566499999928 ], [ -43.921992899999964, -22.58282509999998 ], [ -43.92200349999996, -22.583077699999933 ], [ -43.921870199999944, -22.583384399999943 ], [ -43.921719699999983, -22.58349759999993 ], [ -43.921543199999974, -22.583557199999973 ], [ -43.921386699999971, -22.583719099999939 ], [ -43.921147799999972, -22.584159399999976 ], [ -43.92112469999995, -22.584173599999929 ], [ -43.920966, -22.584271299999955 ], [ -43.920890199999974, -22.584498799999949 ], [ -43.921041599999967, -22.58471 ], [ -43.921103599999981, -22.584922799999958 ], [ -43.921275399999956, -22.585025199999961 ], [ -43.921561699999984, -22.585154299999942 ], [ -43.921750599999939, -22.585286 ], [ -43.921872199999939, -22.585335899999961 ], [ -43.922055, -22.585331099999962 ], [ -43.922282499999937, -22.585359 ], [ -43.92243389999993, -22.585457399999939 ], [ -43.922583, -22.585644099999968 ], [ -43.922724599999981, -22.585892799999954 ], [ -43.922806599999944, -22.586129199999959 ], [ -43.92279149999996, -22.58654649999994 ], [ -43.922731499999941, -22.58678029999993 ], [ -43.922739799999931, -22.587061899999981 ], [ -43.92281289999994, -22.587282199999947 ], [ -43.922963599999946, -22.587527899999941 ], [ -43.923175899999933, -22.587662299999977 ], [ -43.92346219999996, -22.587763799999948 ], [ -43.923711299999979, -22.587771399999951 ], [ -43.923899899999981, -22.587715199999934 ], [ -43.92404369999997, -22.587637 ], [ -43.924241599999959, -22.587653299999943 ], [ -43.924599299999954, -22.58781879999998 ], [ -43.924885099999983, -22.587920199999928 ], [ -43.925252299999954, -22.587900799999943 ], [ -43.925598699999966, -22.587823899999933 ], [ -43.925956499999984, -22.587623599999972 ], [ -43.926296099999945, -22.587466599999971 ], [ -43.926796, -22.587397099999976 ], [ -43.928186399999959, -22.586954799999944 ], [ -43.928635299999939, -22.585980099999972 ], [ -43.927862199999936, -22.584117699999979 ], [ -43.927002199999947, -22.58302539999994 ], [ -43.926428199999975, -22.58087519999998 ], [ -43.926434599999936, -22.579207399999973 ], [ -43.926585299999942, -22.578734899999972 ], [ -43.92708719999996, -22.577705699999967 ], [ -43.927279699999985, -22.577362899999969 ], [ -43.927440099999956, -22.576764299999979 ], [ -43.927467899999954, -22.57582739999998 ], [ -43.927462699999978, -22.575322399999948 ], [ -43.927404599999932, -22.574915399999952 ], [ -43.927150499999982, -22.574532399999953 ], [ -43.926694699999985, -22.574297199999933 ], [ -43.926218499999948, -22.573975599999983 ], [ -43.925762899999938, -22.57376679999993 ], [ -43.925357399999939, -22.573352899999975 ], [ -43.924995799999976, -22.572791199999983 ], [ -43.924606799999935, -22.572410399999967 ], [ -43.924277099999983, -22.572092 ], [ -43.924066299999936, -22.571933699999931 ], [ -43.923589799999945, -22.571689699999979 ], [ -43.923219199999949, -22.571449899999948 ], [ -43.922691, -22.570917699999939 ], [ -43.922209199999941, -22.570603099999971 ], [ -43.921764799999949, -22.570153599999969 ], [ -43.921466799999962, -22.569926199999941 ], [ -43.921115199999974, -22.569550399999969 ], [ -43.921042099999966, -22.569493499999965 ], [ -43.920842899999968, -22.569448299999976 ], [ -43.920741, -22.569487899999956 ], [ -43.920668499999977, -22.569582799999978 ], [ -43.920608099999981, -22.569747799999959 ], [ -43.92052289999998, -22.56985229999998 ], [ -43.92043039999993, -22.569930199999931 ], [ -43.920320199999935, -22.569974199999933 ], [ -43.920273499999951, -22.569972499999949 ], [ -43.920113899999933, -22.569852899999944 ], [ -43.920011099999954, -22.56977269999993 ], [ -43.91988779999997, -22.569698199999948 ], [ -43.919706699999949, -22.569642 ], [ -43.919562, -22.569632799999965 ], [ -43.919370899999933, -22.56963559999997 ], [ -43.919108899999969, -22.569652699999949 ], [ -43.918959599999937, -22.569647199999963 ], [ -43.918851399999937, -22.569592599999964 ], [ -43.918735799999979, -22.569513399999948 ], [ -43.918634299999951, -22.569466199999965 ], [ -43.91858579999996, -22.56940469999995 ], [ -43.918530699999963, -22.569165199999929 ], [ -43.91846709999993, -22.568808099999956 ], [ -43.918390799999941, -22.568220699999927 ], [ -43.918373199999962, -22.568085099999962 ], [ -43.918280799999934, -22.56761309999996 ], [ -43.91816179999995, -22.567276 ], [ -43.917982199999983, -22.566956799999957 ], [ -43.917849899999965, -22.566678699999954 ], [ -43.917728699999941, -22.566496599999937 ], [ -43.917639599999973, -22.566397499999937 ], [ -43.917558699999972, -22.566338099999939 ], [ -43.917352799999946, -22.566244499999982 ], [ -43.917199, -22.566134799999929 ], [ -43.917098899999985, -22.565988699999934 ], [ -43.917036199999984, -22.565815099999952 ], [ -43.917006099999981, -22.565698899999973 ], [ -43.916924, -22.565534199999945 ], [ -43.916840699999966, -22.565429699999981 ], [ -43.916745, -22.56534929999998 ], [ -43.916595199999961, -22.56528179999998 ], [ -43.916429199999982, -22.565211199999965 ], [ -43.916363199999978, -22.565185 ], [ -43.916387399999962, -22.565078899999946 ], [ -43.916411499999981, -22.564983799999936 ], [ -43.916404899999975, -22.564868299999944 ], [ -43.916347899999948, -22.564767299999971 ], [ -43.916294499999935, -22.564485199999979 ], [ -43.916263299999969, -22.564269799999977 ], [ -43.916160799999943, -22.564073399999927 ], [ -43.916046, -22.563962599999968 ], [ -43.915911299999948, -22.563932199999954 ], [ -43.915686699999981, -22.563893699999937 ], [ -43.915578299999936, -22.56384 ], [ -43.915494299999978, -22.563748699999962 ], [ -43.91538479999997, -22.563595899999939 ], [ -43.915284199999974, -22.563279799999975 ], [ -43.915262399999961, -22.56318349999998 ], [ -43.91524869999995, -22.563026499999978 ], [ -43.915212199999985, -22.562802699999963 ], [ -43.915175699999963, -22.56265419999994 ], [ -43.915060499999981, -22.562473699999941 ], [ -43.914946599999951, -22.562231199999928 ], [ -43.914823399999932, -22.561832299999935 ], [ -43.915181399999938, -22.561723899999947 ], [ -43.915565599999979, -22.561552699999936 ], [ -43.915939799999933, -22.561345299999971 ], [ -43.916214299999979, -22.560983299999975 ], [ -43.916444499999955, -22.560533699999951 ], [ -43.916593399999954, -22.560242799999969 ], [ -43.916644899999937, -22.560022799999956 ], [ -43.916625799999963, -22.559800199999927 ], [ -43.916583599999967, -22.559577099999956 ], [ -43.91650629999998, -22.559352799999942 ], [ -43.916314199999931, -22.559013799999946 ], [ -43.91617969999993, -22.558825599999977 ], [ -43.916114399999969, -22.558579099999974 ], [ -43.916142799999932, -22.557883599999968 ], [ -43.916088299999956, -22.557658799999956 ], [ -43.915998899999977, -22.557433199999934 ], [ -43.915838699999938, -22.557227599999976 ], [ -43.915562499999965, -22.557033599999954 ], [ -43.915293599999984, -22.55693569999994 ], [ -43.91519, -22.556821 ], [ -43.915133899999944, -22.55668529999997 ], [ -43.915116799999964, -22.556454199999962 ], [ -43.915135699999951, -22.556097199999954 ], [ -43.915262899999959, -22.555713099999934 ], [ -43.915490699999964, -22.555397699999958 ], [ -43.915601899999956, -22.555281899999954 ], [ -43.915827799999931, -22.555066199999942 ], [ -43.916163199999971, -22.554830199999969 ], [ -43.916387499999985, -22.554762499999981 ], [ -43.916611699999976, -22.554694799999936 ], [ -43.916862899999956, -22.554522899999938 ], [ -43.917232599999977, -22.554205699999955 ], [ -43.917645299999947, -22.553960299999972 ], [ -43.918117099999961, -22.553698899999972 ], [ -43.918121299999939, -22.553513799999962 ], [ -43.918102699999963, -22.553288499999951 ], [ -43.918048299999953, -22.553084599999977 ], [ -43.917924099999937, -22.55281059999993 ], [ -43.917943399999956, -22.552473599999928 ], [ -43.917798599999969, -22.552212499999939 ], [ -43.917812399999946, -22.552122699999927 ], [ -43.917873, -22.552056899999968 ], [ -43.91788779999996, -22.551922 ], [ -43.917819899999984, -22.55178479999995 ], [ -43.917587099999935, -22.551620299999968 ], [ -43.917132, -22.55143929999997 ], [ -43.916762199999937, -22.551158699999974 ], [ -43.916494399999976, -22.550937099999942 ], [ -43.915895, -22.550231099999962 ], [ -43.915685599999961, -22.55004409999998 ], [ -43.915546199999937, -22.549881099999936 ], [ -43.915455599999973, -22.549674799999934 ], [ -43.915432799999962, -22.549039599999958 ], [ -43.915365699999938, -22.548833699999932 ], [ -43.915207599999974, -22.548523299999943 ], [ -43.915048299999967, -22.548357799999962 ], [ -43.915015499999981, -22.548278599999946 ], [ -43.914959, -22.548015799999973 ], [ -43.914972399999954, -22.547702299999969 ], [ -43.915166699999929, -22.547320599999978 ], [ -43.915341699999942, -22.546985899999981 ], [ -43.915575499999932, -22.546363399999962 ], [ -43.915668499999981, -22.54603869999994 ], [ -43.915760399999954, -22.545879099999979 ], [ -43.916170399999942, -22.545347199999981 ], [ -43.916227399999968, -22.545093799999961 ], [ -43.916283399999941, -22.544674399999963 ], [ -43.916282299999978, -22.544470899999965 ], [ -43.916239699999949, -22.544331099999965 ], [ -43.91623119999997, -22.544139599999937 ], [ -43.916290099999969, -22.543958099999941 ], [ -43.916412899999955, -22.543734299999983 ], [ -43.91645589999996, -22.543552899999952 ], [ -43.916474, -22.543245899999931 ], [ -43.916493899999978, -22.543045499999948 ], [ -43.916553199999953, -22.542907099999979 ], [ -43.916624099999979, -22.542817099999979 ], [ -43.916632199999981, -22.542758599999956 ], [ -43.916641899999945, -22.542622 ], [ -43.916647799999964, -22.542335599999944 ], [ -43.916665699999953, -22.542140599999982 ], [ -43.91671139999994, -22.541933 ], [ -43.916762799999958, -22.541777699999955 ], [ -43.916861499999982, -22.541606599999966 ], [ -43.917008499999952, -22.541396199999951 ], [ -43.917231699999945, -22.541075499999977 ], [ -43.917347499999948, -22.540869799999939 ], [ -43.917356899999959, -22.540853099999936 ], [ -43.917479399999934, -22.540663599999959 ], [ -43.91758139999996, -22.540371 ], [ -43.91766709999996, -22.540169399999968 ], [ -43.917726099999982, -22.539988299999948 ], [ -43.917731199999935, -22.539904 ], [ -43.917736799999943, -22.539536799999951 ], [ -43.917692199999976, -22.539354299999957 ], [ -43.917609299999981, -22.539109099999962 ], [ -43.91758619999996, -22.538802699999962 ], [ -43.917587899999944, -22.538540199999943 ], [ -43.917664099999968, -22.53819059999995 ], [ -43.91770269999995, -22.537983499999939 ], [ -43.917727099999979, -22.537802199999931 ], [ -43.91775089999993, -22.537646799999948 ], [ -43.917808799999932, -22.537517799999932 ], [ -43.917885199999944, -22.537412599999982 ], [ -43.917929399999935, -22.537270499999977 ], [ -43.917946099999938, -22.537128099999961 ], [ -43.917962499999931, -22.53699869999997 ], [ -43.917904199999953, -22.536896399999932 ], [ -43.917859799999974, -22.536849299999972 ], [ -43.917717799999934, -22.536569699999973 ], [ -43.917652699999962, -22.536387199999979 ], [ -43.917541, -22.536193399999945 ], [ -43.917413099999976, -22.53581719999994 ], [ -43.917131499999982, -22.535238299999946 ], [ -43.916956199999959, -22.534817399999952 ], [ -43.916866399999947, -22.534620799999971 ], [ -43.916779299999973, -22.534503199999961 ], [ -43.916671699999938, -22.534383599999956 ], [ -43.916538499999945, -22.534217 ], [ -43.916506399999946, -22.534100099999932 ], [ -43.916478799999936, -22.533938 ], [ -43.916389699999968, -22.533749199999932 ], [ -43.916309399999932, -22.533664899999962 ], [ -43.916117499999984, -22.533456599999965 ], [ -43.915937499999984, -22.533221899999944 ], [ -43.915779699999973, -22.533058899999958 ], [ -43.915691099999947, -22.533006199999932 ], [ -43.915467299999932, -22.532888399999933 ], [ -43.915361899999937, -22.532869 ], [ -43.915157499999964, -22.532823199999939 ], [ -43.914869099999976, -22.532746499999973 ], [ -43.914706499999966, -22.532682299999976 ], [ -43.914461099999983, -22.532577 ], [ -43.914389299999982, -22.532563799999934 ], [ -43.914166299999977, -22.532522899999947 ], [ -43.914063699999986, -22.532482799999968 ], [ -43.913961699999959, -22.532416799999964 ], [ -43.913847199999964, -22.532313 ], [ -43.913689, -22.532221099999958 ], [ -43.913467399999945, -22.532141899999942 ], [ -43.913260499999978, -22.53204919999996 ], [ -43.913111499999957, -22.531932 ], [ -43.912996299999975, -22.53178429999997 ], [ -43.912943799999937, -22.531709799999931 ], [ -43.912809099999947, -22.531579799999975 ], [ -43.912707699999942, -22.531474799999955 ], [ -43.912641299999962, -22.531351 ], [ -43.912445499999933, -22.530945499999973 ], [ -43.912443, -22.530740399999956 ], [ -43.912466799999947, -22.530599799999948 ], [ -43.912601, -22.530461899999978 ], [ -43.912780299999952, -22.530458599999974 ], [ -43.912959599999965, -22.530482 ], [ -43.913141799999948, -22.530370499999947 ], [ -43.913181799999961, -22.530128 ], [ -43.913188399999967, -22.529820199999961 ], [ -43.913124099999948, -22.529600899999934 ], [ -43.913026899999977, -22.529304 ], [ -43.913047399999982, -22.529151699999943 ], [ -43.913149899999951, -22.529043199999933 ], [ -43.913342, -22.528933599999959 ], [ -43.913431799999955, -22.528785499999969 ], [ -43.913519899999983, -22.528543299999967 ], [ -43.913562899999931, -22.528306799999939 ], [ -43.913710799999933, -22.52812849999998 ], [ -43.913773099999958, -22.527914799999962 ], [ -43.913692799999978, -22.527486799999963 ], [ -43.913688799999932, -22.527182 ], [ -43.913690499999973, -22.526972199999932 ], [ -43.913603599999931, -22.526756099999943 ], [ -43.913421699999958, -22.526617 ], [ -43.913257899999962, -22.526537499999961 ], [ -43.913088799999969, -22.526522899999975 ], [ -43.912912299999959, -22.526534199999958 ], [ -43.912802499999941, -22.526506899999958 ], [ -43.912734599999965, -22.526454499999943 ], [ -43.912698699999964, -22.526195399999949 ], [ -43.912768699999958, -22.525995599999931 ], [ -43.912755499999946, -22.525807899999961 ], [ -43.912676499999975, -22.525626099999954 ], [ -43.912694099999953, -22.525445299999944 ], [ -43.912693, -22.525186 ], [ -43.912737499999935, -22.525044199999968 ], [ -43.91283059999995, -22.524889899999948 ], [ -43.912848799999949, -22.524683299999936 ], [ -43.912941299999943, -22.524561799999958 ], [ -43.913108199999954, -22.524505599999941 ], [ -43.91338479999996, -22.524495099999967 ], [ -43.913495599999976, -22.524464699999953 ], [ -43.913609599999972, -22.52430419999996 ], [ -43.913659699999982, -22.524220699999944 ], [ -43.913756299999932, -22.524228 ], [ -43.913866599999949, -22.524241899999936 ], [ -43.913972599999965, -22.524114699999927 ], [ -43.91397029999996, -22.52389519999997 ], [ -43.914017, -22.523650299999929 ], [ -43.914220199999932, -22.523212 ], [ -43.914305599999977, -22.522935199999949 ], [ -43.914329499999951, -22.522759699999938 ], [ -43.914437299999975, -22.522563499999933 ], [ -43.914576699999941, -22.522506699999951 ], [ -43.914676799999938, -22.522507499999961 ], [ -43.914827199999934, -22.522586199999978 ], [ -43.914993199999969, -22.522659 ], [ -43.915065399999946, -22.522612699999968 ], [ -43.913482299999941, -22.520781399999976 ], [ -43.912286499999936, -22.52099 ], [ -43.911596199999963, -22.521110299999975 ], [ -43.878147799999965, -22.526942399999939 ], [ -43.872270299999968, -22.527967199999978 ], [ -43.868639299999984, -22.528600199999971 ], [ -43.868468, -22.528433899999982 ], [ -43.868294, -22.528327099999956 ], [ -43.868038799999965, -22.528121599999963 ], [ -43.867617799999948, -22.528017 ], [ -43.867253199999936, -22.527943099999959 ], [ -43.866736299999957, -22.527803199999937 ], [ -43.866307399999982, -22.527543699999967 ], [ -43.865506599999947, -22.527353699999935 ], [ -43.864928199999952, -22.527397699999938 ], [ -43.864876699999968, -22.527365299999929 ], [ -43.865304699999967, -22.52671909999998 ], [ -43.865352799999982, -22.526118299999951 ], [ -43.865347299999939, -22.525733499999944 ], [ -43.865375599999936, -22.525200199999972 ], [ -43.865142499999934, -22.525053399999933 ], [ -43.864674499999978, -22.524977599999943 ], [ -43.863937399999941, -22.525320699999952 ], [ -43.863615399999958, -22.525330899999972 ], [ -43.863562399999978, -22.525332599999956 ], [ -43.863329, -22.525214799999958 ], [ -43.863175099999978, -22.524938 ], [ -43.862927499999955, -22.524646 ], [ -43.862685, -22.52424 ], [ -43.862402, -22.524029599999949 ], [ -43.861948, -22.523633599999982 ], [ -43.861715899999979, -22.523535799999934 ], [ -43.861579199999937, -22.523330299999941 ], [ -43.861330399999986, -22.52278089999993 ], [ -43.860963399999946, -22.522222899999974 ], [ -43.860583299999973, -22.521724399999982 ], [ -43.860178899999937, -22.52158529999997 ], [ -43.859807299999943, -22.521662799999945 ], [ -43.859368099999983, -22.521571499999936 ], [ -43.858586099999968, -22.521197299999983 ], [ -43.858077899999955, -22.521097499999939 ], [ -43.857449299999985, -22.520238699999936 ], [ -43.856799099999932, -22.519244899999933 ], [ -43.856636299999934, -22.519107499999961 ], [ -43.856629599999962, -22.518875 ], [ -43.856821799999977, -22.518364899999938 ], [ -43.856803799999966, -22.517739899999981 ], [ -43.856484799999976, -22.517851699999937 ], [ -43.856204299999945, -22.517762699999935 ], [ -43.855705, -22.517701099999954 ], [ -43.85464079999997, -22.517940199999941 ], [ -43.854425399999968, -22.517532299999971 ], [ -43.853892199999962, -22.517187 ], [ -43.853881599999966, -22.517180099999962 ], [ -43.853978299999937, -22.516818 ], [ -43.853994099999966, -22.516243399999951 ], [ -43.854040299999951, -22.515875 ], [ -43.854055899999935, -22.515575499999954 ], [ -43.854187899999943, -22.515336599999955 ], [ -43.854274199999963, -22.515025699999967 ], [ -43.854417799999965, -22.514559499999962 ], [ -43.854563599999949, -22.514035699999965 ], [ -43.854582899999969, -22.513585899999953 ], [ -43.854571499999963, -22.513077899999928 ], [ -43.854339099999947, -22.512844 ], [ -43.854371799999967, -22.51267009999998 ], [ -43.854515599999957, -22.512279199999966 ], [ -43.854495099999951, -22.511951299999964 ], [ -43.854638, -22.511562899999944 ], [ -43.854698599999949, -22.511359199999958 ], [ -43.854786799999943, -22.511135399999944 ], [ -43.854928499999971, -22.510679499999981 ], [ -43.855044599999985, -22.510207499999979 ], [ -43.855197499999974, -22.509775799999943 ], [ -43.854638399999942, -22.509250799999961 ], [ -43.854584, -22.508521 ], [ -43.854745299999934, -22.508001899999954 ], [ -43.855057599999952, -22.50716 ], [ -43.854641699999945, -22.506750099999977 ], [ -43.854090499999984, -22.506642 ], [ -43.85367569999994, -22.50673519999998 ], [ -43.853329699999961, -22.506853 ], [ -43.852671699999973, -22.507144799999935 ], [ -43.852214099999969, -22.507189699999969 ], [ -43.851316699999984, -22.507223299999964 ], [ -43.850764499999968, -22.507235399999956 ], [ -43.850229399999932, -22.507357799999966 ], [ -43.849667599999975, -22.507395899999949 ], [ -43.849228699999969, -22.507272599999965 ], [ -43.84892, -22.50704589999998 ], [ -43.848801099999946, -22.506828699999971 ], [ -43.848504299999945, -22.506315 ], [ -43.848353, -22.506087499999978 ], [ -43.848145399999964, -22.50579 ], [ -43.847914299999957, -22.505376 ], [ -43.84778, -22.50513019999994 ], [ -43.847251399999948, -22.504825699999969 ], [ -43.84687839999998, -22.504626799999983 ], [ -43.846614399999964, -22.50441479999995 ], [ -43.846442, -22.504206899999929 ], [ -43.846184199999982, -22.50408479999993 ], [ -43.845752399999981, -22.504145799999947 ], [ -43.845354899999961, -22.504223099999933 ], [ -43.844979, -22.503851599999962 ], [ -43.844512099999974, -22.503659599999935 ], [ -43.844388, -22.503235399999937 ], [ -43.844518, -22.502636499999937 ], [ -43.844710499999962, -22.502018599999928 ], [ -43.844749899999954, -22.501253199999951 ], [ -43.844635699999969, -22.500992499999938 ], [ -43.844293299999947, -22.501185799999973 ], [ -43.843903599999976, -22.501367399999936 ], [ -43.843458599999963, -22.501973299999975 ], [ -43.843482299999948, -22.502528599999948 ], [ -43.843438299999946, -22.502632199999937 ], [ -43.843387599999971, -22.502748399999973 ], [ -43.84333369999996, -22.502844 ], [ -43.843286299999932, -22.502939499999968 ], [ -43.843255799999952, -22.503006099999936 ], [ -43.843228599999975, -22.503081 ], [ -43.843196599999942, -22.503247099999953 ], [ -43.843175599999938, -22.503322299999979 ], [ -43.843180699999948, -22.503446399999973 ], [ -43.843159299999968, -22.503571099999931 ], [ -43.843138499999952, -22.503633899999954 ], [ -43.843058099999951, -22.503759399999979 ], [ -43.842973699999959, -22.503885499999967 ], [ -43.842936399999985, -22.503952699999957 ], [ -43.842895499999941, -22.504065499999967 ], [ -43.84285129999995, -22.50418639999998 ], [ -43.842803799999956, -22.504299399999979 ], [ -43.842770299999984, -22.504349699999977 ], [ -43.842696299999943, -22.504450899999938 ], [ -43.842629199999976, -22.504551699999979 ], [ -43.842564899999957, -22.504710399999965 ], [ -43.842513599999961, -22.504869 ], [ -43.842485499999952, -22.50499439999993 ], [ -43.842430499999978, -22.505157699999927 ], [ -43.842406, -22.505278499999974 ], [ -43.842397399999982, -22.505416299999979 ], [ -43.842378, -22.505637299999933 ], [ -43.842365199999961, -22.505805099999975 ], [ -43.842337099999952, -22.505971299999942 ], [ -43.842309099999966, -22.506084499999929 ], [ -43.842277199999955, -22.506268199999965 ], [ -43.842266599999959, -22.506338599999935 ], [ -43.84223819999994, -22.506477 ], [ -43.84221679999996, -22.506590199999948 ], [ -43.842179399999964, -22.506698699999959 ], [ -43.842129, -22.506782499999929 ], [ -43.84204909999994, -22.50684629999995 ], [ -43.84192349999995, -22.506898099999944 ], [ -43.841788299999962, -22.506957499999942 ], [ -43.841653299999962, -22.506992199999956 ], [ -43.841484299999934, -22.507049599999959 ], [ -43.841349499999978, -22.507071699999983 ], [ -43.84127, -22.507110299999965 ], [ -43.841194099999939, -22.507169 ], [ -43.841142599999955, -22.507262699999956 ], [ -43.841058399999952, -22.507422 ], [ -43.840987499999983, -22.507556299999976 ], [ -43.840939499999934, -22.507670099999928 ], [ -43.840911499999947, -22.507771099999957 ], [ -43.840893, -22.507929599999954 ], [ -43.840881599999932, -22.50806289999997 ], [ -43.840850199999977, -22.508208899999943 ], [ -43.840818399999932, -22.508380199999976 ], [ -43.840814199999954, -22.50847559999994 ], [ -43.840794699999947, -22.508697099999949 ], [ -43.840776199999937, -22.508855599999947 ], [ -43.84074529999998, -22.508976399999938 ], [ -43.840687599999967, -22.509122799999943 ], [ -43.840646599999957, -22.509211599999958 ], [ -43.840589899999941, -22.509307499999977 ], [ -43.840518299999985, -22.509390199999928 ], [ -43.840407499999969, -22.509562499999959 ], [ -43.840324199999941, -22.509671399999945 ], [ -43.84029419999996, -22.50974169999995 ], [ -43.84028619999998, -22.50981749999994 ], [ -43.840282299999956, -22.509900199999947 ], [ -43.840241899999967, -22.509951199999932 ], [ -43.84018, -22.510015199999941 ], [ -43.840107699999976, -22.51007629999998 ], [ -43.840024899999946, -22.51014 ], [ -43.839937, -22.510211899999945 ], [ -43.839878399999975, -22.510273499999983 ], [ -43.839808, -22.510330099999976 ], [ -43.839694099999974, -22.510423599999967 ], [ -43.83954209999996, -22.510546099999942 ], [ -43.839447799999959, -22.510619299999973 ], [ -43.83932539999995, -22.510704799999928 ], [ -43.839198, -22.510785599999963 ], [ -43.839046499999938, -22.510895799999957 ], [ -43.838915799999938, -22.511006499999951 ], [ -43.838814799999966, -22.51108 ], [ -43.838688099999956, -22.511135599999932 ], [ -43.838539599999933, -22.511216399999967 ], [ -43.838433599999973, -22.511252 ], [ -43.838273, -22.511294699999951 ], [ -43.838133299999981, -22.511337899999944 ], [ -43.83801, -22.511351499999932 ], [ -43.837920699999984, -22.51135789999995 ], [ -43.837706599999933, -22.511382599999934 ], [ -43.837575399999935, -22.511388099999976 ], [ -43.83750589999994, -22.511386699999946 ], [ -43.837452599999949, -22.511368499999946 ], [ -43.837426099999959, -22.511342699999943 ], [ -43.837414199999955, -22.511304399999972 ], [ -43.837396899999931, -22.511261699999977 ], [ -43.837355899999977, -22.511248099999932 ], [ -43.837300899999946, -22.511234399999978 ], [ -43.837226799999939, -22.51118189999994 ], [ -43.83719, -22.511113399999942 ], [ -43.837124499999959, -22.511036099999956 ], [ -43.837055699999951, -22.511022 ], [ -43.837005799999986, -22.511046399999941 ], [ -43.836991199999943, -22.511058699999978 ], [ -43.836982199999966, -22.511096599999973 ], [ -43.836950399999978, -22.511171899999965 ], [ -43.836877499999957, -22.511233799999957 ], [ -43.836806, -22.511270399999944 ], [ -43.836790699999938, -22.51129549999996 ], [ -43.83677339999997, -22.511358499999972 ], [ -43.836754099999951, -22.511459499999944 ], [ -43.836691599999938, -22.511585099999934 ], [ -43.836655499999949, -22.511630799999978 ], [ -43.836593299999947, -22.511665199999982 ], [ -43.836511299999984, -22.511657899999932 ], [ -43.836400499999968, -22.511662699999931 ], [ -43.836310099999935, -22.511690399999964 ], [ -43.836208899999974, -22.511761499999977 ], [ -43.836122499999931, -22.511820099999966 ], [ -43.836099099999956, -22.511859 ], [ -43.83609679999995, -22.511907599999972 ], [ -43.836136, -22.511958 ], [ -43.83618679999995, -22.512048299999947 ], [ -43.836203299999966, -22.51211509999996 ], [ -43.83619989999994, -22.512167899999952 ], [ -43.836197599999934, -22.512216499999965 ], [ -43.836193299999934, -22.512282499999969 ], [ -43.836190099999953, -22.512344399999961 ], [ -43.836202299999968, -22.512371299999927 ], [ -43.836273899999981, -22.512462399999947 ], [ -43.836293299999966, -22.512498699999981 ], [ -43.836317699999938, -22.512552599999935 ], [ -43.836307199999965, -22.512605399999927 ], [ -43.836236399999962, -22.512638 ], [ -43.836129599999936, -22.512673699999937 ], [ -43.836040399999945, -22.512666199999956 ], [ -43.835941599999956, -22.512698099999966 ], [ -43.835877599999947, -22.512731299999928 ], [ -43.835837099999935, -22.512831499999947 ], [ -43.835806099999957, -22.512892499999964 ], [ -43.835753299999965, -22.512965799999961 ], [ -43.835653699999966, -22.513010899999983 ], [ -43.835570299999972, -22.513007699999946 ], [ -43.835519899999952, -22.513032299999963 ], [ -43.835497399999952, -22.513057799999956 ], [ -43.835494799999935, -22.513097399999936 ], [ -43.835500199999956, -22.513133299999936 ], [ -43.835491599999955, -22.513159499999972 ], [ -43.835448199999973, -22.513184199999955 ], [ -43.835398699999985, -22.51319559999996 ], [ -43.835350199999937, -22.513193399999977 ], [ -43.835259099999973, -22.513212299999964 ], [ -43.835194099999967, -22.513249499999972 ], [ -43.835149899999976, -22.513296699999955 ], [ -43.835091, -22.513347299999964 ], [ -43.835047699999961, -22.51337209999997 ], [ -43.834999899999957, -22.513366299999973 ], [ -43.834938199999954, -22.513350699999933 ], [ -43.834891299999981, -22.513313099999948 ], [ -43.834776599999941, -22.513264699999979 ], [ -43.834699399999977, -22.513274899999942 ], [ -43.834635899999967, -22.513304199999936 ], [ -43.834490399999936, -22.513351499999942 ], [ -43.834376299999974, -22.513352299999951 ], [ -43.834297299999946, -22.513398199999983 ], [ -43.834271499999943, -22.513476599999933 ], [ -43.83420469999993, -22.513549399999931 ], [ -43.834109599999977, -22.513625 ], [ -43.834023599999966, -22.513670299999944 ], [ -43.83398649999998, -22.51370849999995 ], [ -43.833984599999951, -22.513744199999962 ], [ -43.833918099999948, -22.513807699999973 ], [ -43.833840099999975, -22.513831 ], [ -43.833679399999937, -22.51384719999993 ], [ -43.833511199999975, -22.513866899999982 ], [ -43.833335799999929, -22.513895299999945 ], [ -43.833216599999957, -22.513913199999934 ], [ -43.833111799999983, -22.513922199999968 ], [ -43.83302029999993, -22.513941099999954 ], [ -43.83294079999996, -22.513990699999965 ], [ -43.832877099999962, -22.514010799999937 ], [ -43.832820099999935, -22.514034899999956 ], [ -43.832736099999977, -22.514044399999932 ], [ -43.832620799999972, -22.513996299999974 ], [ -43.832546, -22.513966799999935 ], [ -43.832494399999973, -22.51389869999997 ], [ -43.83246349999996, -22.513835099999937 ], [ -43.832417299999975, -22.513793599999929 ], [ -43.832341799999938, -22.513777299999958 ], [ -43.832250099999953, -22.513799699999936 ], [ -43.832157699999982, -22.513831699999969 ], [ -43.832058299999971, -22.513867299999959 ], [ -43.831964399999947, -22.513925799999981 ], [ -43.831856599999981, -22.51398359999996 ], [ -43.831772699999931, -22.513993399999947 ], [ -43.831711799999937, -22.513964399999963 ], [ -43.831637899999976, -22.513921499999981 ], [ -43.831587, -22.513840099999982 ], [ -43.831525399999975, -22.513824299999953 ], [ -43.831448399999942, -22.513834299999928 ], [ -43.831362199999944, -22.513883599999929 ], [ -43.831280499999934, -22.513969 ], [ -43.831218899999953, -22.514068299999963 ], [ -43.831165099999964, -22.514158599999973 ], [ -43.831098899999972, -22.514218099999937 ], [ -43.830992699999967, -22.514253 ], [ -43.830833699999971, -22.514225799999963 ], [ -43.830591199999958, -22.514215599999943 ], [ -43.830417199999943, -22.514221199999952 ], [ -43.830258299999969, -22.514197599999932 ], [ -43.830009699999948, -22.514173899999946 ], [ -43.829800499999976, -22.514191099999948 ], [ -43.829659299999946, -22.514221099999929 ], [ -43.829433599999959, -22.514273799999955 ], [ -43.829289499999959, -22.514356099999929 ], [ -43.829099799999938, -22.514400699999953 ], [ -43.828973099999985, -22.514418099999943 ], [ -43.828824099999963, -22.51446059999995 ], [ -43.828694599999949, -22.514530599999944 ], [ -43.828599599999961, -22.514618799999937 ], [ -43.828535599999952, -22.514740899999936 ], [ -43.828483399999982, -22.51490309999997 ], [ -43.828440899999975, -22.515029699999957 ], [ -43.828367799999967, -22.515191099999981 ], [ -43.828301799999963, -22.515369499999963 ], [ -43.828288, -22.515569899999946 ], [ -43.828264899999965, -22.515723799999932 ], [ -43.82827089999995, -22.515852699999982 ], [ -43.828287099999955, -22.516031799999951 ], [ -43.828278599999976, -22.516173199999969 ], [ -43.828239499999938, -22.516366 ], [ -43.828197, -22.51649279999998 ], [ -43.828149399999973, -22.516563599999927 ], [ -43.82794279999996, -22.516527699999983 ], [ -43.827831899999978, -22.516522699999939 ], [ -43.82761469999997, -22.516536199999962 ], [ -43.827419199999952, -22.516553499999929 ], [ -43.827288299999964, -22.516534399999955 ], [ -43.827147399999944, -22.516524499999946 ], [ -43.827026899999964, -22.516482799999949 ], [ -43.82701609999998, -22.516481699999929 ], [ -43.826792099999977, -22.516459 ], [ -43.826578099999949, -22.516436099999964 ], [ -43.826431199999945, -22.51645549999995 ], [ -43.826241599999946, -22.516470199999958 ], [ -43.825958599999979, -22.516575499999931 ], [ -43.825639699999954, -22.516676299999972 ], [ -43.825340899999958, -22.516790899999933 ], [ -43.825074499999971, -22.516917399999954 ], [ -43.824787499999957, -22.517072 ], [ -43.824378699999954, -22.517270699999983 ], [ -43.824135799999965, -22.517374599999982 ], [ -43.82393959999996, -22.517418 ], [ -43.82382819999998, -22.517425899999978 ], [ -43.823738099999957, -22.517421399999932 ], [ -43.823636199999953, -22.517377199999942 ], [ -43.823545099999933, -22.51729679999994 ], [ -43.823432299999979, -22.517186399999957 ], [ -43.823316399999953, -22.517141199999969 ], [ -43.823144099999979, -22.517119899999955 ], [ -43.822942299999966, -22.51713669999998 ], [ -43.822717799999964, -22.517191499999967 ], [ -43.822539599999971, -22.517245899999978 ], [ -43.82231969999998, -22.517353499999956 ], [ -43.822071599999958, -22.51752 ], [ -43.821813199999951, -22.517662399999949 ], [ -43.821554, -22.517817699999966 ], [ -43.821414399999981, -22.517880899999966 ], [ -43.821415599999966, -22.517878199999927 ], [ -43.821470499999975, -22.517746099999954 ], [ -43.821610499999963, -22.517388 ], [ -43.821732099999963, -22.517133299999955 ], [ -43.821867899999972, -22.516878099999929 ], [ -43.822016, -22.516671 ], [ -43.819989599999985, -22.515974899999947 ], [ -43.819186099999968, -22.515768299999934 ], [ -43.81840619999997, -22.515485699999942 ], [ -43.817998099999954, -22.515292399999964 ], [ -43.817534299999977, -22.515081299999963 ], [ -43.816996499999959, -22.514800499999978 ], [ -43.816551899999979, -22.514520299999958 ], [ -43.816319599999986, -22.514238499999976 ], [ -43.815987399999983, -22.514013699999964 ], [ -43.815729599999941, -22.513845 ], [ -43.815401899999983, -22.51367579999993 ], [ -43.815059, -22.513543599999934 ], [ -43.814547199999936, -22.513336 ], [ -43.814099599999963, -22.513198299999942 ], [ -43.813825699999938, -22.513159299999927 ], [ -43.813502699999958, -22.513027199999954 ], [ -43.813036799999963, -22.51269949999994 ], [ -43.812748699999929, -22.512576899999942 ], [ -43.812421699999959, -22.512328899999943 ], [ -43.812214599999947, -22.512058699999955 ], [ -43.81208179999993, -22.511853899999949 ], [ -43.811904399999946, -22.511602399999958 ], [ -43.811776399999985, -22.511416199999928 ], [ -43.811697199999969, -22.511341499999958 ], [ -43.811627499999986, -22.51126249999993 ], [ -43.811558499999933, -22.511323599999969 ], [ -43.811520799999983, -22.511356899999953 ], [ -43.811432699999955, -22.51143959999996 ], [ -43.811404799999934, -22.511470499999973 ], [ -43.811380799999938, -22.511495099999934 ], [ -43.811362, -22.511519899999939 ], [ -43.811346599999979, -22.511544899999933 ], [ -43.811335, -22.511592599999972 ], [ -43.81133, -22.511672799999928 ], [ -43.811364199999957, -22.511925399999939 ], [ -43.811415099999977, -22.512462 ], [ -43.811396699999932, -22.512837599999955 ], [ -43.811367299999972, -22.513029399999937 ], [ -43.811328799999956, -22.513175599999954 ], [ -43.811216199999933, -22.513427699999966 ], [ -43.811111699999969, -22.513661 ], [ -43.810993099999962, -22.513845299999957 ], [ -43.810882799999945, -22.513978399999928 ], [ -43.810826399999939, -22.514024 ], [ -43.810744099999965, -22.514068399999928 ], [ -43.81060569999994, -22.514100399999961 ], [ -43.810499299999947, -22.514117899999974 ], [ -43.810383199999933, -22.514151 ], [ -43.810185, -22.51425409999996 ], [ -43.809976199999937, -22.514363299999957 ], [ -43.809896599999945, -22.514420599999937 ], [ -43.809840899999983, -22.514482299999941 ], [ -43.809800899999971, -22.514541599999973 ], [ -43.809745299999975, -22.514629099999979 ], [ -43.809694, -22.514758599999936 ], [ -43.809644499999933, -22.514859199999933 ], [ -43.809472899999946, -22.515034499999956 ], [ -43.809399299999939, -22.515134 ], [ -43.809318899999937, -22.515258899999935 ], [ -43.809186699999941, -22.515511599999968 ], [ -43.809147699999983, -22.515609499999982 ], [ -43.808984299999963, -22.515875299999948 ], [ -43.808913, -22.515965199999982 ], [ -43.808867799999973, -22.516024199999947 ], [ -43.808846699999947, -22.516058599999951 ], [ -43.808785799999953, -22.516229499999952 ], [ -43.808737299999962, -22.516314099999931 ], [ -43.808700399999964, -22.516379899999947 ], [ -43.808679099999949, -22.516443299999935 ], [ -43.80867319999993, -22.51653639999995 ], [ -43.808588399999962, -22.516786699999955 ], [ -43.80851819999998, -22.516941 ], [ -43.808440499999961, -22.517079 ], [ -43.808353699999941, -22.517222899999979 ], [ -43.808309799999961, -22.517288399999927 ], [ -43.808259899999939, -22.517395499999964 ], [ -43.808208299999933, -22.517502399999955 ], [ -43.808164, -22.517574399999944 ], [ -43.808122899999944, -22.517623899999933 ], [ -43.807992, -22.51773019999996 ], [ -43.807824, -22.517821899999944 ], [ -43.807510699999966, -22.51791929999996 ], [ -43.807343599999967, -22.517969099999959 ], [ -43.807245399999942, -22.51804809999993 ], [ -43.806985399999974, -22.518367099999978 ], [ -43.806878599999948, -22.518419799999947 ], [ -43.80662929999994, -22.518488099999956 ], [ -43.806600299999957, -22.518497799999977 ], [ -43.806377299999951, -22.518572399999982 ], [ -43.805996299999947, -22.518788799999982 ], [ -43.805925799999955, -22.51884 ], [ -43.805863, -22.518904599999928 ], [ -43.805808299999967, -22.518979199999933 ], [ -43.805735199999958, -22.519043199999942 ], [ -43.805687399999954, -22.519079 ], [ -43.80566639999995, -22.51909459999996 ], [ -43.805640099999948, -22.519128699999953 ], [ -43.805627, -22.519158699999934 ] ] ] ] } }
]
}
